[Licensing::Module] Trying to connect to existing licensing client channel...
Built from '6000.3/staging' branch; Version is '6000.3.7f1 (696ec25a53d1) revision 6909634'; Using compiler version '194234433'; Build Type 'Release'
OS: 'Windows 10  (10.0.19045) 64bit Professional' Language: 'en' Physical Memory: 6030 MB
BatchMode: 1, IsHumanControllingUs: 0, StartBugReporterOnCrash: 0, Is64bit: 1
System  architecture: x64
Process architecture: x64
Date: 2026-02-14T04:49:28Z
[Licensing::IpcConnector] Successfully connected to: "LicenseClient-DELL" at "2026-02-14T04:49:28.3269765Z"

COMMAND LINE ARGUMENTS:
D:\UNITY\6000.3.7f1\Editor\Unity.exe
-adb2
-batchMode
-noUpm
-name
AssetImportWorker0
-projectPath
D:/GP_Project/GP_Project
-logFile
Logs/AssetImportWorker0.log
-srvPort
50563
-job-worker-count
3
-background-job-worker-count
8
-gc-helper-count
1
-name
AssetImport
Successfully changed project path to: D:/GP_Project/GP_Project
D:/GP_Project/GP_Project
[UnityMemory] Configuration Parameters - Can be set up in boot.config
    "memorysetup-temp-allocator-size-nav-mesh-worker=65536"
    "memorysetup-temp-allocator-size-audio-worker=65536"
    "memorysetup-temp-allocator-size-gfx=262144"
    "memorysetup-allocator-temp-initial-block-size-main=262144"
    "memorysetup-allocator-temp-initial-block-size-worker=262144"
    "memorysetup-temp-allocator-size-background-worker=32768"
    "memorysetup-temp-allocator-size-job-worker=262144"
    "memorysetup-temp-allocator-size-preload-manager=33554432"
    "memorysetup-temp-allocator-size-gi-baking-worker=262144"
    "memorysetup-temp-allocator-size-gi-baking-worker=262144"
    "memorysetup-temp-allocator-size-gi-baking-worker=262144"
    "memorysetup-temp-allocator-size-gi-baking-worker=262144"
    "memorysetup-temp-allocator-size-gi-baking-worker=262144"
    "memorysetup-bucket-allocator-granularity=16"
    "memorysetup-bucket-allocator-bucket-count=8"
    "memorysetup-bucket-allocator-block-size=33554432"
    "memorysetup-bucket-allocator-block-count=8"
    "memorysetup-main-allocator-block-size=16777216"
    "memorysetup-thread-allocator-block-size=16777216"
    "memorysetup-gfx-main-allocator-block-size=16777216"
    "memorysetup-gfx-thread-allocator-block-size=16777216"
    "memorysetup-cache-allocator-block-size=4194304"
    "memorysetup-typetree-allocator-block-size=2097152"
    "memorysetup-profiler-bucket-allocator-granularity=16"
    "memorysetup-profiler-bucket-allocator-bucket-count=8"
    "memorysetup-profiler-bucket-allocator-block-size=33554432"
    "memorysetup-profiler-bucket-allocator-block-count=8"
    "memorysetup-profiler-allocator-block-size=16777216"
    "memorysetup-profiler-editor-allocator-block-size=1048576"
    "memorysetup-temp-allocator-size-main=16777216"
    "memorysetup-job-temp-allocator-block-size=2097152"
    "memorysetup-job-temp-allocator-block-size-background=1048576"
    "memorysetup-job-temp-allocator-reduction-small-platforms=262144"
    "memorysetup-temp-allocator-size-cloud-worker=32768"
Player connection [4440]  Target information:

Player connection [4440]  * "[IP] 192.168.1.236 [Port] 0 [Flags] 2 [Guid] 750935270 [EditorId] 750935270 [Version] 1048832 [Id] WindowsEditor(7,DESKTOP-DT2IGNB) [Debug] 1 [PackageName] WindowsEditor [ProjectName] Editor" 

Player connection [4440] Host joined multi-casting on [225.0.0.222:54997]...
Player connection [4440] Host joined alternative multi-casting on [225.0.0.222:34997]...
JobSystem: Creating JobQueue using job-worker-count value 3
Input System module state changed to: Initialized.
[Physics::Module] Initialized fallback backend.
[Physics::Module] Id: 0xdecafbad
Library Redirect Path: Library/
[Physics::Module] Selected backend.
[Physics::Module] Name: PhysX
[Physics::Module] Id: 0xf2b8ea05
[Physics::Module] SDK Version: 4.1.2
[Physics::Module] Integration Version: 1.0.0
[Physics::Module] Threading Mode: Multi-Threaded
Refreshing native plugins compatible for Editor in 0.69 ms, found 0 plugins.
Preloading 0 native plugins for Editor in 0.00 ms.
Initialize engine version: 6000.3.7f1 (696ec25a53d1)
[Subsystems] Discovering subsystems at path D:/UNITY/6000.3.7f1/Editor/Data/Resources/UnitySubsystems
[Subsystems] Discovering subsystems at path D:/GP_Project/GP_Project/Assets
GfxDevice: creating device client; kGfxThreadingModeNonThreaded
Direct3D:
    Version:  Direct3D 11.0 [level 11.1]
    Renderer: AMD Radeon(TM) Graphics (ID=0x15d8)
    Vendor:   ATI
    VRAM:     3015 MB
    Driver:   31.0.12028.2
Initialize mono
Mono path[0] = 'D:/UNITY/6000.3.7f1/Editor/Data/Managed'
Mono path[1] = 'D:/UNITY/6000.3.7f1/Editor/Data/MonoBleedingEdge/lib/mono/unityjit-win32'
Mono config path = 'D:/UNITY/6000.3.7f1/Editor/Data/MonoBleedingEdge/etc'
Using monoOptions --debugger-agent=transport=dt_socket,embedding=1,server=y,suspend=n,address=127.0.0.1:56132
Begin MonoManager ReloadAssembly
Registering precompiled unity dll's ...
Register platform support module: D:/UNITY/6000.3.7f1/Editor/Data/PlaybackEngines/WindowsStandaloneSupport/UnityEditor.WindowsStandalone.Extensions.dll
Registered in 0.004632 seconds.
- Loaded All Assemblies, in  2.787 seconds
Native extension for WindowsStandalone target not found
ScheduleIndexationOnStartup MainProcess:False IndexOnStartup:False
Mono: successfully reloaded assembly
- Finished resetting the current domain, in  1.993 seconds
Domain Reload Profiling: 4779ms
	BeginReloadAssembly (1547ms)
		ExecutionOrderSort (0ms)
		DisableScriptedObjects (0ms)
		BackupInstance (0ms)
		ReleaseScriptingObjects (0ms)
		CreateAndSetChildDomain (6ms)
	RebuildCommonClasses (159ms)
	RebuildNativeTypeToScriptingClass (76ms)
	initialDomainReloadingComplete (163ms)
	LoadAllAssembliesAndSetupDomain (841ms)
		LoadAssemblies (1537ms)
		RebuildTransferFunctionScriptingTraits (0ms)
		AnalyzeDomain (828ms)
			TypeCache.Refresh (811ms)
				TypeCache.ScanAssembly (654ms)
			BuildScriptInfoCaches (2ms)
			ResolveRequiredComponents (6ms)
	FinalizeReload (1995ms)
		ReleaseScriptCaches (0ms)
		RebuildScriptCaches (0ms)
		SetupLoadedEditorAssemblies (1670ms)
			LogAssemblyErrors (0ms)
			InitializePlatformSupportModulesInManaged (182ms)
			SetLoadedEditorAssemblies (14ms)
			BeforeProcessingInitializeOnLoad (362ms)
			ProcessInitializeOnLoadAttributes (692ms)
			ProcessInitializeOnLoadMethodAttributes (419ms)
			AfterProcessingInitializeOnLoad (0ms)
			EditorAssembliesLoaded (0ms)
		ExecutionOrderSort2 (0ms)
		AwakeInstancesAfterBackupRestoration (0ms)
========================================================================
Worker process is ready to serve import requests
Import Worker Mode flag is 0x00
Begin MonoManager ReloadAssembly
[Licensing::Module] Licensing is not yet initialized.
[Licensing::Client] Handshaking with LicensingClient:
  Version:                 1.17.4+4293ba1
  Session Id:              92bac9477131472298531fe3d4336a0c
  Correlation Id:          ab50346c91a1ed0cef30ecaf676527f2
  External correlation Id: 7242380627576808559
  Machine Id:              kzcDyLZ7xZNzb6cldzTcQMHv+/g=
[Licensing::Module] Successfully connected to LicensingClient on channel: "LicenseClient-DELL" (connect: 0.00s, validation: 0.02s, handshake: 21.04s)
[Licensing::IpcConnector] Successfully connected to: "LicenseClient-DELL-notifications" at "2026-02-14T04:49:49.3859559Z"
[Licensing::Module] Licensing Background thread has ended after 21.06s
[Licensing::Module] Licensing is initialized (took 9.03s).
[Licensing::Client] Successfully resolved entitlement details
[Licensing::Module] License group:
  Id: 5773921630360-UnityPersXXXX
  Product: Unity Personal
  Type: Assigned
  Expiration: Unlimited
- Loaded All Assemblies, in 12.097 seconds
Refreshing native plugins compatible for Editor in 0.71 ms, found 0 plugins.
Native extension for WindowsStandalone target not found
Package Manager log level set to [2]
[Package Manager] Failed to launch server process. Reason: Unity was launched with the -noUpm command-line argument
[Package Manager] Unable to send message (not connected to server process).
[Package Manager] Cannot connect to Unity Package Manager local server
[MODES] ModeService[none].Initialize
[MODES] ModeService[none].LoadModes
[MODES] Loading mode Default (0) for mode-current-id-GP_Project
ScheduleIndexationOnStartup MainProcess:False IndexOnStartup:False
Mono: successfully reloaded assembly
- Finished resetting the current domain, in  2.350 seconds
Domain Reload Profiling: 14445ms
	BeginReloadAssembly (9738ms)
		ExecutionOrderSort (0ms)
		DisableScriptedObjects (33ms)
		BackupInstance (0ms)
		ReleaseScriptingObjects (0ms)
		CreateAndSetChildDomain (101ms)
	RebuildCommonClasses (120ms)
	RebuildNativeTypeToScriptingClass (36ms)
	initialDomainReloadingComplete (133ms)
	LoadAllAssembliesAndSetupDomain (2066ms)
		LoadAssemblies (1537ms)
		RebuildTransferFunctionScriptingTraits (0ms)
		AnalyzeDomain (946ms)
			TypeCache.Refresh (708ms)
				TypeCache.ScanAssembly (641ms)
			BuildScriptInfoCaches (193ms)
			ResolveRequiredComponents (32ms)
	FinalizeReload (2351ms)
		ReleaseScriptCaches (0ms)
		RebuildScriptCaches (0ms)
		SetupLoadedEditorAssemblies (1637ms)
			LogAssemblyErrors (0ms)
			InitializePlatformSupportModulesInManaged (5ms)
			SetLoadedEditorAssemblies (15ms)
			BeforeProcessingInitializeOnLoad (469ms)
			ProcessInitializeOnLoadAttributes (776ms)
			ProcessInitializeOnLoadMethodAttributes (363ms)
			AfterProcessingInitializeOnLoad (7ms)
			EditorAssembliesLoaded (1ms)
		ExecutionOrderSort2 (0ms)
		AwakeInstancesAfterBackupRestoration (21ms)
Launched and connected shader compiler UnityShaderCompiler.exe after 0.04 seconds
Refreshing native plugins compatible for Editor in 0.45 ms, found 0 plugins.
Preloading 0 native plugins for Editor in 0.00 ms.
Unloading 70 Unused Serialized files (Serialized files now loaded: 0)
Unloading 4947 unused Assets / (10.6 MB). Loaded Objects now: 5681.
Memory consumption went from 142.3 MB to 131.7 MB.
Total: 32.810600 ms (FindLiveObjects: 1.148400 ms CreateObjectMapping: 1.673000 ms MarkObjects: 16.497600 ms  DeleteObjects: 13.484800 ms)

========================================================================
Received Prepare
Begin MonoManager ReloadAssembly
- Loaded All Assemblies, in 11.426 seconds
Refreshing native plugins compatible for Editor in 0.97 ms, found 0 plugins.
Native extension for WindowsStandalone target not found
[Package Manager] Failed to launch server process. Reason: Unity was launched with the -noUpm command-line argument
[Package Manager] Unable to send message (not connected to server process).
[Package Manager] Cannot connect to Unity Package Manager local server
[MODES] ModeService[none].Initialize
[MODES] ModeService[none].LoadModes
ScheduleIndexationOnStartup MainProcess:False IndexOnStartup:False
Mono: successfully reloaded assembly
- Finished resetting the current domain, in  4.164 seconds
Domain Reload Profiling: 15637ms
	BeginReloadAssembly (673ms)
		ExecutionOrderSort (0ms)
		DisableScriptedObjects (15ms)
		BackupInstance (0ms)
		ReleaseScriptingObjects (0ms)
		CreateAndSetChildDomain (119ms)
	RebuildCommonClasses (114ms)
	RebuildNativeTypeToScriptingClass (49ms)
	initialDomainReloadingComplete (73ms)
	LoadAllAssembliesAndSetupDomain (10563ms)
		LoadAssemblies (1900ms)
		RebuildTransferFunctionScriptingTraits (0ms)
		AnalyzeDomain (8996ms)
			TypeCache.Refresh (76ms)
				TypeCache.ScanAssembly (0ms)
			BuildScriptInfoCaches (8808ms)
			ResolveRequiredComponents (67ms)
	FinalizeReload (4167ms)
		ReleaseScriptCaches (0ms)
		RebuildScriptCaches (0ms)
		SetupLoadedEditorAssemblies (3300ms)
			LogAssemblyErrors (0ms)
			InitializePlatformSupportModulesInManaged (8ms)
			SetLoadedEditorAssemblies (20ms)
			BeforeProcessingInitializeOnLoad (969ms)
			ProcessInitializeOnLoadAttributes (1627ms)
			ProcessInitializeOnLoadMethodAttributes (660ms)
			AfterProcessingInitializeOnLoad (15ms)
			EditorAssembliesLoaded (1ms)
		ExecutionOrderSort2 (0ms)
		AwakeInstancesAfterBackupRestoration (81ms)
Refreshing native plugins compatible for Editor in 0.63 ms, found 0 plugins.
Preloading 0 native plugins for Editor in 0.00 ms.
Unloading 68 Unused Serialized files (Serialized files now loaded: 0)
Unloading 4944 unused Assets / (10.7 MB). Loaded Objects now: 5697.
Memory consumption went from 145.8 MB to 135.1 MB.
Total: 50.647400 ms (FindLiveObjects: 2.913500 ms CreateObjectMapping: 1.786400 ms MarkObjects: 23.631100 ms  DeleteObjects: 22.311700 ms)

Prepare: number of updated asset objects reloaded= 0
========================================================================
Received Import Request.
  Time since last request: 3026.973016 seconds.
  path: Assets/DefaultVolumeProfile.asset
  artifactKey: Guid(96f65ae7be03eeb47a27bb20261ec547) Importer(815301076,1909f56bfc062723c751e8b465ee728b)
Start importing Assets/DefaultVolumeProfile.asset using Guid(96f65ae7be03eeb47a27bb20261ec547) Importer(815301076,1909f56bfc062723c751e8b465ee728b) (PreviewImporter) -> (artifact id: '6483409188c98d628428ec3f29203ab9') in 0.1210754 seconds
Number of updated asset objects reloaded before import = 0Number of asset objects unloaded after import = 0

========================================================================
Received Import Request.
  Time since last request: 27.338833 seconds.
  path: Assets/DefaultVolumeProfile.asset
  artifactKey: Guid(96f65ae7be03eeb47a27bb20261ec547) Importer(2089858483,b0f066a214c2f5e87bad3c948f4d605d)
Start importing Assets/DefaultVolumeProfile.asset using Guid(96f65ae7be03eeb47a27bb20261ec547) Importer(2089858483,b0f066a214c2f5e87bad3c948f4d605d) (ScriptedImporter) -> (artifact id: '4a82c896df739f2b1908d6cfd0af6761') in 0.3231476 seconds
Number of updated asset objects reloaded before import = 0Number of asset objects unloaded after import = 0

========================================================================
Received Import Request.
  Time since last request: 0.000036 seconds.
  path: Assets/TextMesh Pro/Shaders/TMP_SDF.shader
  artifactKey: Guid(68e6db2ebdc24f95958faec2be5558d6) Importer(2089858483,b0f066a214c2f5e87bad3c948f4d605d)
Start importing Assets/TextMesh Pro/Shaders/TMP_SDF.shader using Guid(68e6db2ebdc24f95958faec2be5558d6) Importer(2089858483,b0f066a214c2f5e87bad3c948f4d605d) (ScriptedImporter) -> (artifact id: 'ce538dbff5f6ec995be2c4a1e6f0f4ae') in 0.0565563 seconds
Number of updated asset objects reloaded before import = 0Number of asset objects unloaded after import = 2

========================================================================
Received Import Request.
  Time since last request: 0.000054 seconds.
  path: Assets/FPS/Animation/HoverBot/HoverBot@Idle.fbx
  artifactKey: Guid(3be261ac1630597489399d009e904045) Importer(2089858483,b0f066a214c2f5e87bad3c948f4d605d)
Start importing Assets/FPS/Animation/HoverBot/HoverBot@Idle.fbx using Guid(3be261ac1630597489399d009e904045) Importer(2089858483,b0f066a214c2f5e87bad3c948f4d605d) (ScriptedImporter) -> (artifact id: '1505c8ea6930569c152d9170e017ea6e') in 0.2555599 seconds
Number of updated asset objects reloaded before import = 0Number of asset objects unloaded after import = 42

========================================================================
Received Import Request.
  Time since last request: 0.000073 seconds.
  path: Assets/FPS/Prefabs/GameManager.prefab
  artifactKey: Guid(c996b53e9f849234393d1e90f68d1679) Importer(2089858483,b0f066a214c2f5e87bad3c948f4d605d)
Start importing Assets/FPS/Prefabs/GameManager.prefab using Guid(c996b53e9f849234393d1e90f68d1679) Importer(2089858483,b0f066a214c2f5e87bad3c948f4d605d) (ScriptedImporter)Refreshing native plugins compatible for Editor in 0.53 ms, found 0 plugins.
Preloading 0 native plugins for Editor in 0.00 ms.
 -> (artifact id: 'a08ff5b6a547406c6ee5ff4acfd0e4dc') in 0.6235653 seconds
Number of updated asset objects reloaded before import = 0Number of asset objects unloaded after import = 583

========================================================================
Received Import Request.
  Time since last request: 0.000110 seconds.
  path: Assets/NavMeshComponents/Editor/NavMeshAssetManager.cs
  artifactKey: Guid(7081cfb45d93f064db511881f87cb0b5) Importer(2089858483,b0f066a214c2f5e87bad3c948f4d605d)
Start importing Assets/NavMeshComponents/Editor/NavMeshAssetManager.cs using Guid(7081cfb45d93f064db511881f87cb0b5) Importer(2089858483,b0f066a214c2f5e87bad3c948f4d605d) (ScriptedImporter) -> (artifact id: 'e1a29da0bfb642f0672e8a5da16eee35') in 0.0333446 seconds
Number of updated asset objects reloaded before import = 0Number of asset objects unloaded after import = 0

========================================================================
Received Import Request.
  Time since last request: 0.000055 seconds.
  path: Assets/FPS/Animation/HoverBot/HoverBot@RunFowardClosed.fbx
  artifactKey: Guid(78b093b3bf9e0b7488fb706d8ad2e0f8) Importer(2089858483,b0f066a214c2f5e87bad3c948f4d605d)
Start importing Assets/FPS/Animation/HoverBot/HoverBot@RunFowardClosed.fbx using Guid(78b093b3bf9e0b7488fb706d8ad2e0f8) Importer(2089858483,b0f066a214c2f5e87bad3c948f4d605d) (ScriptedImporter) -> (artifact id: '0c19bb876a75a50ea47db62428ef6fd8') in 0.0466304 seconds
Number of updated asset objects reloaded before import = 0Number of asset objects unloaded after import = 42

========================================================================
Received Import Request.
  Time since last request: 0.000044 seconds.
  path: Assets/FPS/Animation/Turret/Turret@AttackIn.fbx
  artifactKey: Guid(75ddbac7a55d2e94f9908caf1194a926) Importer(2089858483,b0f066a214c2f5e87bad3c948f4d605d)
Start importing Assets/FPS/Animation/Turret/Turret@AttackIn.fbx using Guid(75ddbac7a55d2e94f9908caf1194a926) Importer(2089858483,b0f066a214c2f5e87bad3c948f4d605d) (ScriptedImporter) -> (artifact id: '43c8e17cee73458d9e39cb0d7578194d') in 0.0409289 seconds
Number of updated asset objects reloaded before import = 0Number of asset objects unloaded after import = 20

========================================================================
Received Import Request.
  Time since last request: 0.000048 seconds.
  path: Assets/ModAssets/Textures/billboard_2D_basic_mask.png
  artifactKey: Guid(ddff50e8139db4a99976adb5f40c79f0) Importer(2089858483,b0f066a214c2f5e87bad3c948f4d605d)
Start importing Assets/ModAssets/Textures/billboard_2D_basic_mask.png using Guid(ddff50e8139db4a99976adb5f40c79f0) Importer(2089858483,b0f066a214c2f5e87bad3c948f4d605d) (ScriptedImporter) -> (artifact id: 'd85a2cdf10eee9714b2be808d20c7aed') in 0.1572894 seconds
Number of updated asset objects reloaded before import = 0Number of asset objects unloaded after import = 3

========================================================================
Received Import Request.
  Time since last request: 0.000042 seconds.
  path: Assets/FPS/Animation/Controllers/Turret_AnimationController.controller
  artifactKey: Guid(d57ebae9f701b57448648b380d0beb65) Importer(2089858483,b0f066a214c2f5e87bad3c948f4d605d)
Start importing Assets/FPS/Animation/Controllers/Turret_AnimationController.controller using Guid(d57ebae9f701b57448648b380d0beb65) Importer(2089858483,b0f066a214c2f5e87bad3c948f4d605d) (ScriptedImporter) -> (artifact id: '17ad92241a68100873577ed2b77d796e') in 0.0731099 seconds
Number of updated asset objects reloaded before import = 0Number of asset objects unloaded after import = 27

========================================================================
Received Import Request.
  Time since last request: 0.000052 seconds.
  path: Assets/ModAssets/Textures/billboard_2D_wide.png
  artifactKey: Guid(3142e986a20354e5c9b3394e5ff7ae12) Importer(2089858483,b0f066a214c2f5e87bad3c948f4d605d)
Start importing Assets/ModAssets/Textures/billboard_2D_wide.png using Guid(3142e986a20354e5c9b3394e5ff7ae12) Importer(2089858483,b0f066a214c2f5e87bad3c948f4d605d) (ScriptedImporter) -> (artifact id: 'd7c72b99b58e0c9020dd54e8e6058f6b') in 0.0556581 seconds
Number of updated asset objects reloaded before import = 0Number of asset objects unloaded after import = 3

========================================================================
Received Import Request.
  Time since last request: 0.000037 seconds.
  path: Assets/TextMesh Pro/Shaders/TMPro_Properties.cginc
  artifactKey: Guid(3997e2241185407d80309a82f9148466) Importer(2089858483,b0f066a214c2f5e87bad3c948f4d605d)
Start importing Assets/TextMesh Pro/Shaders/TMPro_Properties.cginc using Guid(3997e2241185407d80309a82f9148466) Importer(2089858483,b0f066a214c2f5e87bad3c948f4d605d) (ScriptedImporter) -> (artifact id: '129ff15682b9aa2a33e7b0dd78afe9c5') in 0.0452211 seconds
Number of updated asset objects reloaded before import = 0Number of asset objects unloaded after import = 1

========================================================================
Received Import Request.
  Time since last request: 0.000031 seconds.
  path: Assets/TextMesh Pro/Shaders/TMP_SDF-URP Lit.shadergraph
  artifactKey: Guid(a3d800b099a06e0478fb790c5e79057a) Importer(2089858483,b0f066a214c2f5e87bad3c948f4d605d)
Start importing Assets/TextMesh Pro/Shaders/TMP_SDF-URP Lit.shadergraph using Guid(a3d800b099a06e0478fb790c5e79057a) Importer(2089858483,b0f066a214c2f5e87bad3c948f4d605d) (ScriptedImporter) -> (artifact id: '917e30db90de4650082a75d8fb4841bd') in 0.1031361 seconds
Number of updated asset objects reloaded before import = 0Number of asset objects unloaded after import = 4

========================================================================
Received Import Request.
  Time since last request: 0.000049 seconds.
  path: Assets/FPS/Scenes/SecondaryScene.unity
  artifactKey: Guid(9fc0d4010bbf28b4594072e72b8655ab) Importer(2089858483,b0f066a214c2f5e87bad3c948f4d605d)
Start importing Assets/FPS/Scenes/SecondaryScene.unity using Guid(9fc0d4010bbf28b4594072e72b8655ab) Importer(2089858483,b0f066a214c2f5e87bad3c948f4d605d) (ScriptedImporter) -> (artifact id: '263161089277bce347829f77e09bc3f6') in 0.3460357 seconds
Number of updated asset objects reloaded before import = 0Number of asset objects unloaded after import = 1

========================================================================
Received Import Request.
  Time since last request: 0.000034 seconds.
  path: Assets/TextMesh Pro/Shaders/TMP_SDF-Mobile Overlay.shader
  artifactKey: Guid(a02a7d8c237544f1962732b55a9aebf1) Importer(2089858483,b0f066a214c2f5e87bad3c948f4d605d)
Start importing Assets/TextMesh Pro/Shaders/TMP_SDF-Mobile Overlay.shader using Guid(a02a7d8c237544f1962732b55a9aebf1) Importer(2089858483,b0f066a214c2f5e87bad3c948f4d605d) (ScriptedImporter) -> (artifact id: '3acda3590beb5e705305bbbe70e15d9c') in 0.0337365 seconds
Number of updated asset objects reloaded before import = 0Number of asset objects unloaded after import = 1

========================================================================
Received Import Request.
  Time since last request: 0.000059 seconds.
  path: Assets/FPS/Animation/HoverBot/HoverBot@IdleClosed.fbx
  artifactKey: Guid(66088e9cde32b5344b49394a051595d4) Importer(2089858483,b0f066a214c2f5e87bad3c948f4d605d)
Start importing Assets/FPS/Animation/HoverBot/HoverBot@IdleClosed.fbx using Guid(66088e9cde32b5344b49394a051595d4) Importer(2089858483,b0f066a214c2f5e87bad3c948f4d605d) (ScriptedImporter) -> (artifact id: '456f9c0a5c710da681f33d6afb8dd0d0') in 0.0509542 seconds
Number of updated asset objects reloaded before import = 0Number of asset objects unloaded after import = 42

========================================================================
Received Import Request.
  Time since last request: 0.000036 seconds.
  path: Assets/FPS/Tutorials/import-asset@2x.png
  artifactKey: Guid(4db00f0358d194313a877344f4ba535c) Importer(2089858483,b0f066a214c2f5e87bad3c948f4d605d)
Start importing Assets/FPS/Tutorials/import-asset@2x.png using Guid(4db00f0358d194313a877344f4ba535c) Importer(2089858483,b0f066a214c2f5e87bad3c948f4d605d) (ScriptedImporter) -> (artifact id: '0945e252e4f8df6b72b7e1fca2a24bf3') in 0.044338 seconds
Number of updated asset objects reloaded before import = 0Number of asset objects unloaded after import = 1

========================================================================
Received Import Request.
  Time since last request: 0.000047 seconds.
  path: Assets/NavMeshComponents/Scripts/NavMeshSurface.cs
  artifactKey: Guid(ac5b9bf9aa05ab44cbe4cedfac5c798a) Importer(2089858483,b0f066a214c2f5e87bad3c948f4d605d)
Start importing Assets/NavMeshComponents/Scripts/NavMeshSurface.cs using Guid(ac5b9bf9aa05ab44cbe4cedfac5c798a) Importer(2089858483,b0f066a214c2f5e87bad3c948f4d605d) (ScriptedImporter) -> (artifact id: '15e3d344e1e7b5c3afe567bc137a5d04') in 0.0317949 seconds
Number of updated asset objects reloaded before import = 0Number of asset objects unloaded after import = 1

========================================================================
Received Import Request.
  Time since last request: 0.000043 seconds.
  path: Assets/TextMesh Pro/Shaders/TMP_Bitmap-Custom-Atlas.shader
  artifactKey: Guid(48bb5f55d8670e349b6e614913f9d910) Importer(2089858483,b0f066a214c2f5e87bad3c948f4d605d)
Start importing Assets/TextMesh Pro/Shaders/TMP_Bitmap-Custom-Atlas.shader using Guid(48bb5f55d8670e349b6e614913f9d910) Importer(2089858483,b0f066a214c2f5e87bad3c948f4d605d) (ScriptedImporter) -> (artifact id: 'bc3efee703a961f924eb740a3d1cd5f4') in 0.0297256 seconds
Number of updated asset objects reloaded before import = 0Number of asset objects unloaded after import = 1

========================================================================
Received Import Request.
  Time since last request: 0.000031 seconds.
  path: Assets/NavMeshComponents/LICENSE
  artifactKey: Guid(3a22fd34ec9ff1c42ac4394fad8eb365) Importer(2089858483,b0f066a214c2f5e87bad3c948f4d605d)
Start importing Assets/NavMeshComponents/LICENSE using Guid(3a22fd34ec9ff1c42ac4394fad8eb365) Importer(2089858483,b0f066a214c2f5e87bad3c948f4d605d) (ScriptedImporter) -> (artifact id: '1a31fe0aa57257c641ba6371385e14e7') in 0.023111 seconds
Number of updated asset objects reloaded before import = 0Number of asset objects unloaded after import = 1

========================================================================
Received Import Request.
  Time since last request: 0.000029 seconds.
  path: Assets/FPS/Tutorials/TutorialCallbacks.cs
  artifactKey: Guid(bd7fa951f6a9bd24c8a04701fd9afa34) Importer(2089858483,b0f066a214c2f5e87bad3c948f4d605d)
Start importing Assets/FPS/Tutorials/TutorialCallbacks.cs using Guid(bd7fa951f6a9bd24c8a04701fd9afa34) Importer(2089858483,b0f066a214c2f5e87bad3c948f4d605d) (ScriptedImporter) -> (artifact id: '2c066d79c17dc4862e22f3519d7358a6') in 0.0254057 seconds
Number of updated asset objects reloaded before import = 0Number of asset objects unloaded after import = 0

========================================================================
Received Import Request.
  Time since last request: 0.000050 seconds.
  path: Assets/FPS/Tutorials/TutorialCallbacks.asset
  artifactKey: Guid(98457f12a6e8529488d624978bbbf3eb) Importer(2089858483,b0f066a214c2f5e87bad3c948f4d605d)
Start importing Assets/FPS/Tutorials/TutorialCallbacks.asset using Guid(98457f12a6e8529488d624978bbbf3eb) Importer(2089858483,b0f066a214c2f5e87bad3c948f4d605d) (ScriptedImporter) -> (artifact id: '965db471439f82838e6ccbcd9e731304') in 0.3110388 seconds
Number of updated asset objects reloaded before import = 0Number of asset objects unloaded after import = 741

========================================================================
Received Import Request.
  Time since last request: 0.000127 seconds.
  path: Assets/FPS/Art/Models/Mesh_Weapon_Primary.fbx
  artifactKey: Guid(5d5281104f1c4314eba43965eb026bdb) Importer(2089858483,b0f066a214c2f5e87bad3c948f4d605d)
Start importing Assets/FPS/Art/Models/Mesh_Weapon_Primary.fbx using Guid(5d5281104f1c4314eba43965eb026bdb) Importer(2089858483,b0f066a214c2f5e87bad3c948f4d605d) (ScriptedImporter) -> (artifact id: '5c335546c54dab12f4e3e5f1a7112834') in 0.0956835 seconds
Number of updated asset objects reloaded before import = 0Number of asset objects unloaded after import = 39

========================================================================
Received Import Request.
  Time since last request: 0.000083 seconds.
  path: Assets/FPS/Art/Materials/ObjectiveReachPoint.mat
  artifactKey: Guid(f7ca4b4869bf6e34c82313b54df6d8d4) Importer(2089858483,b0f066a214c2f5e87bad3c948f4d605d)
Start importing Assets/FPS/Art/Materials/ObjectiveReachPoint.mat using Guid(f7ca4b4869bf6e34c82313b54df6d8d4) Importer(2089858483,b0f066a214c2f5e87bad3c948f4d605d) (ScriptedImporter) -> (artifact id: 'b213b8d6670e2f7b5705897d2a3146de') in 0.1060423 seconds
Number of updated asset objects reloaded before import = 0Number of asset objects unloaded after import = 2

========================================================================
Received Import Request.
  Time since last request: 0.000043 seconds.
  path: Assets/FPS/Scenes/MainScene.unity
  artifactKey: Guid(d794a2ef8ba31d847ad3c19d03e2ddb9) Importer(2089858483,b0f066a214c2f5e87bad3c948f4d605d)
Start importing Assets/FPS/Scenes/MainScene.unity using Guid(d794a2ef8ba31d847ad3c19d03e2ddb9) Importer(2089858483,b0f066a214c2f5e87bad3c948f4d605d) (ScriptedImporter) -> (artifact id: 'c50b92d394b5e7465acd67317bacc7f3') in 0.0413356 seconds
Number of updated asset objects reloaded before import = 0Number of asset objects unloaded after import = 1

========================================================================
Received Import Request.
  Time since last request: 0.000054 seconds.
  path: Assets/FPS/Prefabs/Enemies/Enemy_HoverBot.prefab
  artifactKey: Guid(25a1b0efadb966e44889fce712c8ff8d) Importer(2089858483,b0f066a214c2f5e87bad3c948f4d605d)
Start importing Assets/FPS/Prefabs/Enemies/Enemy_HoverBot.prefab using Guid(25a1b0efadb966e44889fce712c8ff8d) Importer(2089858483,b0f066a214c2f5e87bad3c948f4d605d) (ScriptedImporter) -> (artifact id: '08251bc57abe09051c091632e7635309') in 0.399037 seconds
Number of updated asset objects reloaded before import = 0Number of asset objects unloaded after import = 219

========================================================================
Received Import Request.
  Time since last request: 0.000053 seconds.
  path: Assets/FPS/Prefabs/Enemies/Enemy_Turret.prefab
  artifactKey: Guid(e29d43f43cc5d82499dd9926e01847d3) Importer(2089858483,b0f066a214c2f5e87bad3c948f4d605d)
Start importing Assets/FPS/Prefabs/Enemies/Enemy_Turret.prefab using Guid(e29d43f43cc5d82499dd9926e01847d3) Importer(2089858483,b0f066a214c2f5e87bad3c948f4d605d) (ScriptedImporter) -> (artifact id: '0ae8b8590a8794366f08d90a57a4d651') in 0.1743895 seconds
Number of updated asset objects reloaded before import = 0Number of asset objects unloaded after import = 156

========================================================================
Received Import Request.
  Time since last request: 0.000144 seconds.
  path: Assets/FPS/Prefabs/Pickups/Pickup_Launcher.prefab
  artifactKey: Guid(a7fa348d53593bb42922672c6cf40651) Importer(2089858483,b0f066a214c2f5e87bad3c948f4d605d)
Start importing Assets/FPS/Prefabs/Pickups/Pickup_Launcher.prefab using Guid(a7fa348d53593bb42922672c6cf40651) Importer(2089858483,b0f066a214c2f5e87bad3c948f4d605d) (ScriptedImporter) -> (artifact id: '0dc059be23e606757422d2ce4bf8872e') in 0.6498442 seconds
Number of updated asset objects reloaded before import = 0Number of asset objects unloaded after import = 160

========================================================================
Received Import Request.
  Time since last request: 0.000053 seconds.
  path: Assets/ModAssets/Fonts/IndieFlower SDF.asset
  artifactKey: Guid(2a0d250d860e74880b33abdcb4a9da2a) Importer(2089858483,b0f066a214c2f5e87bad3c948f4d605d)
Start importing Assets/ModAssets/Fonts/IndieFlower SDF.asset using Guid(2a0d250d860e74880b33abdcb4a9da2a) Importer(2089858483,b0f066a214c2f5e87bad3c948f4d605d) (ScriptedImporter) -> (artifact id: '9ea2503eb464c2bbb1d2b881377fc4bb') in 0.113547 seconds
Number of updated asset objects reloaded before import = 0Number of asset objects unloaded after import = 5

========================================================================
Received Import Request.
  Time since last request: 0.000063 seconds.
  path: Assets/TextMesh Pro/Shaders/TMP_SDF-Mobile.shader
  artifactKey: Guid(fe393ace9b354375a9cb14cdbbc28be4) Importer(2089858483,b0f066a214c2f5e87bad3c948f4d605d)
Start importing Assets/TextMesh Pro/Shaders/TMP_SDF-Mobile.shader using Guid(fe393ace9b354375a9cb14cdbbc28be4) Importer(2089858483,b0f066a214c2f5e87bad3c948f4d605d) (ScriptedImporter) -> (artifact id: 'fca7da0c058c7b56a15306cb44ae9202') in 0.0376598 seconds
Number of updated asset objects reloaded before import = 0Number of asset objects unloaded after import = 1

========================================================================
Received Import Request.
  Time since last request: 0.000057 seconds.
  path: Assets/FPS/Tutorials/TutorialLayout.wlt
  artifactKey: Guid(9d6f44592b6054254899886ee83841f8) Importer(2089858483,b0f066a214c2f5e87bad3c948f4d605d)
Start importing Assets/FPS/Tutorials/TutorialLayout.wlt using Guid(9d6f44592b6054254899886ee83841f8) Importer(2089858483,b0f066a214c2f5e87bad3c948f4d605d) (ScriptedImporter) -> (artifact id: '0d1389ecd1a5d07565c43bc4548537e9') in 0.0399403 seconds
Number of updated asset objects reloaded before import = 0Number of asset objects unloaded after import = 1

========================================================================
Received Import Request.
  Time since last request: 0.000055 seconds.
  path: Assets/FPS/Prefabs/RootObjects/Floor_HalfIndented.mtl
  artifactKey: Guid(522b30b87bdefd84a91159a171e9149e) Importer(2089858483,b0f066a214c2f5e87bad3c948f4d605d)
Start importing Assets/FPS/Prefabs/RootObjects/Floor_HalfIndented.mtl using Guid(522b30b87bdefd84a91159a171e9149e) Importer(2089858483,b0f066a214c2f5e87bad3c948f4d605d) (ScriptedImporter) -> (artifact id: '35da33e20e7f1f13daaa5fbe237f94f3') in 0.0562874 seconds
Number of updated asset objects reloaded before import = 0Number of asset objects unloaded after import = 1

========================================================================
Received Import Request.
  Time since last request: 0.000066 seconds.
  path: Assets/FPS/Prefabs/RootObjects/Floor_Indented.mtl
  artifactKey: Guid(b980668b312505d448004b943b4bc854) Importer(2089858483,b0f066a214c2f5e87bad3c948f4d605d)
Start importing Assets/FPS/Prefabs/RootObjects/Floor_Indented.mtl using Guid(b980668b312505d448004b943b4bc854) Importer(2089858483,b0f066a214c2f5e87bad3c948f4d605d) (ScriptedImporter) -> (artifact id: '1b32ac92057c82dfbc3d50831fe12e2c') in 0.0429238 seconds
Number of updated asset objects reloaded before import = 0Number of asset objects unloaded after import = 1

========================================================================
Received Import Request.
  Time since last request: 0.000039 seconds.
  path: Assets/FPS/Prefabs/RootObjects/Basic_Floor.mtl
  artifactKey: Guid(e28d711b512f2854ebf837a178f961ab) Importer(2089858483,b0f066a214c2f5e87bad3c948f4d605d)
Start importing Assets/FPS/Prefabs/RootObjects/Basic_Floor.mtl using Guid(e28d711b512f2854ebf837a178f961ab) Importer(2089858483,b0f066a214c2f5e87bad3c948f4d605d) (ScriptedImporter) -> (artifact id: '8a59a4ccec832d01e5ba6b8b046dc468') in 0.0470109 seconds
Number of updated asset objects reloaded before import = 0Number of asset objects unloaded after import = 1

========================================================================
Received Import Request.
  Time since last request: 0.000046 seconds.
  path: Assets/FPS/Tutorials/WelcomeDialog.asset
  artifactKey: Guid(c4fddd74b608848c6871b3b0f762ff1d) Importer(2089858483,b0f066a214c2f5e87bad3c948f4d605d)
Start importing Assets/FPS/Tutorials/WelcomeDialog.asset using Guid(c4fddd74b608848c6871b3b0f762ff1d) Importer(2089858483,b0f066a214c2f5e87bad3c948f4d605d) (ScriptedImporter) -> (artifact id: 'e2e96719bcf81238bc7b30e95ecb0dde') in 1.8667567 seconds
Number of updated asset objects reloaded before import = 0Number of asset objects unloaded after import = 866

========================================================================
Received Import Request.
  Time since last request: 0.000078 seconds.
  path: Assets/FPS/Prefabs/RootObjects/OBJDun_BigDoor.obj
  artifactKey: Guid(be360768de4eef5438409a0ecb7effcc) Importer(2089858483,b0f066a214c2f5e87bad3c948f4d605d)
Start importing Assets/FPS/Prefabs/RootObjects/OBJDun_BigDoor.obj using Guid(be360768de4eef5438409a0ecb7effcc) Importer(2089858483,b0f066a214c2f5e87bad3c948f4d605d) (ScriptedImporter) -> (artifact id: 'cd74bb7246ac8dc40079b00b58b2e3ab') in 0.0947265 seconds
Number of updated asset objects reloaded before import = 0Number of asset objects unloaded after import = 11

========================================================================
Received Import Request.
  Time since last request: 0.000041 seconds.
  path: Assets/FPS/Prefabs/RootObjects/OBJRamp_8m.obj
  artifactKey: Guid(b13f5faa09e1e184290877278ca51839) Importer(2089858483,b0f066a214c2f5e87bad3c948f4d605d)
Start importing Assets/FPS/Prefabs/RootObjects/OBJRamp_8m.obj using Guid(b13f5faa09e1e184290877278ca51839) Importer(2089858483,b0f066a214c2f5e87bad3c948f4d605d) (ScriptedImporter) -> (artifact id: '0686ddd1a68f8d28a0db03c3c6ee329a') in 0.0498028 seconds
Number of updated asset objects reloaded before import = 0Number of asset objects unloaded after import = 9

========================================================================
Received Import Request.
  Time since last request: 0.000069 seconds.
  path: Assets/Rendering/Default_PipelineAsset_ForwardRenderer.asset
  artifactKey: Guid(9eefc9ccb0f23b144b1bc6ca082c65d8) Importer(2089858483,b0f066a214c2f5e87bad3c948f4d605d)
Start importing Assets/Rendering/Default_PipelineAsset_ForwardRenderer.asset using Guid(9eefc9ccb0f23b144b1bc6ca082c65d8) Importer(2089858483,b0f066a214c2f5e87bad3c948f4d605d) (ScriptedImporter) -> (artifact id: '617844a4e7e439b57412415d53f59592') in 0.1109495 seconds
Number of updated asset objects reloaded before import = 0Number of asset objects unloaded after import = 1

========================================================================
Received Import Request.
  Time since last request: 0.000061 seconds.
  path: Assets/FPS/Tutorials/TutorialHeader.png
  artifactKey: Guid(5384282a0273144fa9333beb77183cb4) Importer(2089858483,b0f066a214c2f5e87bad3c948f4d605d)
Start importing Assets/FPS/Tutorials/TutorialHeader.png using Guid(5384282a0273144fa9333beb77183cb4) Importer(2089858483,b0f066a214c2f5e87bad3c948f4d605d) (ScriptedImporter) -> (artifact id: '9e664fb23b7fc724ec4b7de7190147c7') in 0.0697651 seconds
Number of updated asset objects reloaded before import = 0Number of asset objects unloaded after import = 1

========================================================================
Received Import Request.
  Time since last request: 0.000061 seconds.
  path: Assets/FPS/Prefabs/Player.prefab
  artifactKey: Guid(761cdc9e4e883334cbdcea062d0befa7) Importer(2089858483,b0f066a214c2f5e87bad3c948f4d605d)
Start importing Assets/FPS/Prefabs/Player.prefab using Guid(761cdc9e4e883334cbdcea062d0befa7) Importer(2089858483,b0f066a214c2f5e87bad3c948f4d605d) (ScriptedImporter) -> (artifact id: 'da9a21cac422c848816011035a420c46') in 0.2332216 seconds
Number of updated asset objects reloaded before import = 0Number of asset objects unloaded after import = 169

========================================================================
Received Import Request.
  Time since last request: 0.000059 seconds.
  path: Assets/FPS/Prefabs/RootObjects/OBJWall_DoorLarge.obj
  artifactKey: Guid(9666b3e5e6a511b46b236073a147d986) Importer(2089858483,b0f066a214c2f5e87bad3c948f4d605d)
Start importing Assets/FPS/Prefabs/RootObjects/OBJWall_DoorLarge.obj using Guid(9666b3e5e6a511b46b236073a147d986) Importer(2089858483,b0f066a214c2f5e87bad3c948f4d605d) (ScriptedImporter) -> (artifact id: 'c20cd6fbf126036a2a7257178569f3c7') in 0.0594727 seconds
Number of updated asset objects reloaded before import = 0Number of asset objects unloaded after import = 11

========================================================================
Received Import Request.
  Time since last request: 0.000051 seconds.
  path: Assets/FPS/InputSystem_Actions.inputactions
  artifactKey: Guid(05b4aeda8533b704f9be24b556a43d98) Importer(2089858483,b0f066a214c2f5e87bad3c948f4d605d)
Start importing Assets/FPS/InputSystem_Actions.inputactions using Guid(05b4aeda8533b704f9be24b556a43d98) Importer(2089858483,b0f066a214c2f5e87bad3c948f4d605d) (ScriptedImporter) -> (artifact id: 'a61689c80fa19d1e664da1942700501e') in 0.7150141 seconds
Number of updated asset objects reloaded before import = 0Number of asset objects unloaded after import = 26

========================================================================
Received Import Request.
  Time since last request: 0.000062 seconds.
  path: Assets/FPS/Art/Fonts/Roboto-Black SDF.asset
  artifactKey: Guid(75063828274bdb145a55f6dd2f22e8b2) Importer(2089858483,b0f066a214c2f5e87bad3c948f4d605d)
Start importing Assets/FPS/Art/Fonts/Roboto-Black SDF.asset using Guid(75063828274bdb145a55f6dd2f22e8b2) Importer(2089858483,b0f066a214c2f5e87bad3c948f4d605d) (ScriptedImporter) -> (artifact id: '61678efc7f50ab94047a1a64aa3927dd') in 0.0798215 seconds
Number of updated asset objects reloaded before import = 0Number of asset objects unloaded after import = 5

========================================================================
Received Import Request.
  Time since last request: 0.000065 seconds.
  path: Assets/FPS/Prefabs/RootObjects/Wall_4m.mtl
  artifactKey: Guid(8592508b5cee0bf45b37390f7d26fc25) Importer(2089858483,b0f066a214c2f5e87bad3c948f4d605d)
Start importing Assets/FPS/Prefabs/RootObjects/Wall_4m.mtl using Guid(8592508b5cee0bf45b37390f7d26fc25) Importer(2089858483,b0f066a214c2f5e87bad3c948f4d605d) (ScriptedImporter) -> (artifact id: '3bcb8b9af2fd30aaf51ea8418708d600') in 0.0353735 seconds
Number of updated asset objects reloaded before import = 0Number of asset objects unloaded after import = 1

========================================================================
Received Import Request.
  Time since last request: 0.000029 seconds.
  path: Assets/FPS/FPSMicrogame_README.txt
  artifactKey: Guid(1f5e27cb1672ea04eb06ef46f6df3dcb) Importer(2089858483,b0f066a214c2f5e87bad3c948f4d605d)
Start importing Assets/FPS/FPSMicrogame_README.txt using Guid(1f5e27cb1672ea04eb06ef46f6df3dcb) Importer(2089858483,b0f066a214c2f5e87bad3c948f4d605d) (ScriptedImporter) -> (artifact id: '0205f9b7633d0f3b8207073a7203fb3d') in 0.0463717 seconds
Number of updated asset objects reloaded before import = 0Number of asset objects unloaded after import = 1

========================================================================
Received Import Request.
  Time since last request: 0.000061 seconds.
  path: Assets/FPS/Animation/Masks/Turret.mask
  artifactKey: Guid(9e44403db5ac31c46a4307c9dec6d6b1) Importer(2089858483,b0f066a214c2f5e87bad3c948f4d605d)
Start importing Assets/FPS/Animation/Masks/Turret.mask using Guid(9e44403db5ac31c46a4307c9dec6d6b1) Importer(2089858483,b0f066a214c2f5e87bad3c948f4d605d) (ScriptedImporter) -> (artifact id: 'b97738c2957dfb49c930898d6d95a6f5') in 0.0408629 seconds
Number of updated asset objects reloaded before import = 0Number of asset objects unloaded after import = 1

========================================================================
Received Import Request.
  Time since last request: 0.000070 seconds.
  path: Assets/FPS/Prefabs/RootObjects/OBJFloor_HalfIndented.obj
  artifactKey: Guid(ec3c2a72cc5a5a643b9198c305d8cbbc) Importer(2089858483,b0f066a214c2f5e87bad3c948f4d605d)
Start importing Assets/FPS/Prefabs/RootObjects/OBJFloor_HalfIndented.obj using Guid(ec3c2a72cc5a5a643b9198c305d8cbbc) Importer(2089858483,b0f066a214c2f5e87bad3c948f4d605d) (ScriptedImporter) -> (artifact id: 'eef2b8e16ead36122fdd2658aada060c') in 0.0981714 seconds
Number of updated asset objects reloaded before import = 0Number of asset objects unloaded after import = 10

========================================================================
Received Import Request.
  Time since last request: 0.000044 seconds.
  path: Assets/FPS/Prefabs/RootObjects/_ReadMe_RootObjects.txt
  artifactKey: Guid(b5cb6808773591f45b911985a4ec016f) Importer(2089858483,b0f066a214c2f5e87bad3c948f4d605d)
Start importing Assets/FPS/Prefabs/RootObjects/_ReadMe_RootObjects.txt using Guid(b5cb6808773591f45b911985a4ec016f) Importer(2089858483,b0f066a214c2f5e87bad3c948f4d605d) (ScriptedImporter) -> (artifact id: '22867d323d234336551dd1607c553cac') in 0.0533789 seconds
Number of updated asset objects reloaded before import = 0Number of asset objects unloaded after import = 1

========================================================================
Received Import Request.
  Time since last request: 0.000087 seconds.
  path: Assets/FPS/Prefabs/UI/AmmoCounter.prefab
  artifactKey: Guid(381e109c8e235f54cbcfbe7434554e49) Importer(2089858483,b0f066a214c2f5e87bad3c948f4d605d)
Start importing Assets/FPS/Prefabs/UI/AmmoCounter.prefab using Guid(381e109c8e235f54cbcfbe7434554e49) Importer(2089858483,b0f066a214c2f5e87bad3c948f4d605d) (ScriptedImporter) -> (artifact id: 'd7cd4fb0c7ad02e31ee86aedecfeb95d') in 0.0908395 seconds
Number of updated asset objects reloaded before import = 0Number of asset objects unloaded after import = 58

========================================================================
Received Import Request.
  Time since last request: 0.000043 seconds.
  path: Assets/FPS/Prefabs/RootObjects/Wall_DoorLarge.mtl
  artifactKey: Guid(7ab49e9cef56e984d8661ac08c353e4e) Importer(2089858483,b0f066a214c2f5e87bad3c948f4d605d)
Start importing Assets/FPS/Prefabs/RootObjects/Wall_DoorLarge.mtl using Guid(7ab49e9cef56e984d8661ac08c353e4e) Importer(2089858483,b0f066a214c2f5e87bad3c948f4d605d) (ScriptedImporter) -> (artifact id: '272fb30167413f0a51e2b92a74dec2bb') in 0.0339808 seconds
Number of updated asset objects reloaded before import = 0Number of asset objects unloaded after import = 1

========================================================================
Received Import Request.
  Time since last request: 0.000037 seconds.
  path: Assets/FPS/Animation/Turret/Turret@Idle.fbx
  artifactKey: Guid(a1467423825391d4d80d3a58af08b09d) Importer(2089858483,b0f066a214c2f5e87bad3c948f4d605d)
Start importing Assets/FPS/Animation/Turret/Turret@Idle.fbx using Guid(a1467423825391d4d80d3a58af08b09d) Importer(2089858483,b0f066a214c2f5e87bad3c948f4d605d) (ScriptedImporter) -> (artifact id: 'be28c109af91357645f967d82d93916f') in 0.0531303 seconds
Number of updated asset objects reloaded before import = 0Number of asset objects unloaded after import = 20

========================================================================
Received Import Request.
  Time since last request: 0.000065 seconds.
  path: Assets/FPS/Prefabs/VFX/Directional Light.prefab
  artifactKey: Guid(c1f95b2a073069e4091731002c38a3df) Importer(2089858483,b0f066a214c2f5e87bad3c948f4d605d)
Start importing Assets/FPS/Prefabs/VFX/Directional Light.prefab using Guid(c1f95b2a073069e4091731002c38a3df) Importer(2089858483,b0f066a214c2f5e87bad3c948f4d605d) (ScriptedImporter) -> (artifact id: '4383676faf0618ed7371a53fa6829c48') in 0.0788349 seconds
Number of updated asset objects reloaded before import = 0Number of asset objects unloaded after import = 12

========================================================================
Received Import Request.
  Time since last request: 0.000034 seconds.
  path: Assets/FPS/Prefabs/UI/WinGameMessage.prefab
  artifactKey: Guid(f981094eb6c2a6f4f8a56f85c606e3d1) Importer(2089858483,b0f066a214c2f5e87bad3c948f4d605d)
Start importing Assets/FPS/Prefabs/UI/WinGameMessage.prefab using Guid(f981094eb6c2a6f4f8a56f85c606e3d1) Importer(2089858483,b0f066a214c2f5e87bad3c948f4d605d) (ScriptedImporter) -> (artifact id: 'bc18dc088734c3d7572e49da9036d76e') in 0.0664371 seconds
Number of updated asset objects reloaded before import = 0Number of asset objects unloaded after import = 5

========================================================================
Received Import Request.
  Time since last request: 0.000128 seconds.
  path: Assets/FPS/Art/Models/Mesh_Weapon_Secondary.fbx
  artifactKey: Guid(ff6da3339a124244295a978acc07e2d6) Importer(2089858483,b0f066a214c2f5e87bad3c948f4d605d)
Start importing Assets/FPS/Art/Models/Mesh_Weapon_Secondary.fbx using Guid(ff6da3339a124244295a978acc07e2d6) Importer(2089858483,b0f066a214c2f5e87bad3c948f4d605d) (ScriptedImporter) -> (artifact id: '7500939fc31c8ce247e632bccd8cb734') in 0.0568474 seconds
Number of updated asset objects reloaded before import = 0Number of asset objects unloaded after import = 29

========================================================================
Received Import Request.
  Time since last request: 0.000145 seconds.
  path: Assets/FPS/Animation/HoverBot/HoverBot@Shoot.fbx
  artifactKey: Guid(99dcd53d86db4fc4b813a3d1db9e97e4) Importer(2089858483,b0f066a214c2f5e87bad3c948f4d605d)
Start importing Assets/FPS/Animation/HoverBot/HoverBot@Shoot.fbx using Guid(99dcd53d86db4fc4b813a3d1db9e97e4) Importer(2089858483,b0f066a214c2f5e87bad3c948f4d605d) (ScriptedImporter) -> (artifact id: '1057f5c96f2da4b8379a94253a9cebbe') in 0.0531727 seconds
Number of updated asset objects reloaded before import = 0Number of asset objects unloaded after import = 42

========================================================================
Received Import Request.
  Time since last request: 0.000044 seconds.
  path: Assets/FPS/Prefabs/VFX/VFX_Explosion.prefab
  artifactKey: Guid(45ce85b82008be84287f2c7e5bf07647) Importer(2089858483,b0f066a214c2f5e87bad3c948f4d605d)
Start importing Assets/FPS/Prefabs/VFX/VFX_Explosion.prefab using Guid(45ce85b82008be84287f2c7e5bf07647) Importer(2089858483,b0f066a214c2f5e87bad3c948f4d605d) (ScriptedImporter) -> (artifact id: '5fea94a70d39c7babe656d0e69868fad') in 0.412177 seconds
Number of updated asset objects reloaded before import = 0Number of asset objects unloaded after import = 22

========================================================================
Received Import Request.
  Time since last request: 0.000069 seconds.
  path: Assets/FPS/Animation/HoverBot/HoverBot@RunFoward.fbx
  artifactKey: Guid(77af6154680218844a53b30c3371260a) Importer(2089858483,b0f066a214c2f5e87bad3c948f4d605d)
Start importing Assets/FPS/Animation/HoverBot/HoverBot@RunFoward.fbx using Guid(77af6154680218844a53b30c3371260a) Importer(2089858483,b0f066a214c2f5e87bad3c948f4d605d) (ScriptedImporter) -> (artifact id: '8e9e4237668eb5011c8f72bccc2278b7') in 0.0736913 seconds
Number of updated asset objects reloaded before import = 0Number of asset objects unloaded after import = 42

========================================================================
Received Import Request.
  Time since last request: 0.000075 seconds.
  path: Assets/FPS/Prefabs/VFX/VFX_JetpackTrail.prefab
  artifactKey: Guid(7468cd18030a0204ab08baf7ac36ff1e) Importer(2089858483,b0f066a214c2f5e87bad3c948f4d605d)
Start importing Assets/FPS/Prefabs/VFX/VFX_JetpackTrail.prefab using Guid(7468cd18030a0204ab08baf7ac36ff1e) Importer(2089858483,b0f066a214c2f5e87bad3c948f4d605d) (ScriptedImporter) -> (artifact id: '92b3d2802baa0858365766bb044d0db9') in 0.1472215 seconds
Number of updated asset objects reloaded before import = 0Number of asset objects unloaded after import = 6

========================================================================
Received Import Request.
  Time since last request: 0.000047 seconds.
  path: Assets/FPS/Prefabs/UI/GameHUD.prefab
  artifactKey: Guid(7ff14361843237d43afc85e1cb16e295) Importer(2089858483,b0f066a214c2f5e87bad3c948f4d605d)
Start importing Assets/FPS/Prefabs/UI/GameHUD.prefab using Guid(7ff14361843237d43afc85e1cb16e295) Importer(2089858483,b0f066a214c2f5e87bad3c948f4d605d) (ScriptedImporter) -> (artifact id: 'b17dc10719eaf54741e97c218370d51c') in 0.5529478 seconds
Number of updated asset objects reloaded before import = 0Number of asset objects unloaded after import = 345

========================================================================
Received Import Request.
  Time since last request: 0.000091 seconds.
  path: Assets/FPS/Prefabs/VFX/VFX_LazerSparksGreen.prefab
  artifactKey: Guid(a7d68b1a502e02a49b8efb1b86a8c931) Importer(2089858483,b0f066a214c2f5e87bad3c948f4d605d)
Start importing Assets/FPS/Prefabs/VFX/VFX_LazerSparksGreen.prefab using Guid(a7d68b1a502e02a49b8efb1b86a8c931) Importer(2089858483,b0f066a214c2f5e87bad3c948f4d605d) (ScriptedImporter) -> (artifact id: 'b791cc68fa81bd5b3137ba3d1523e9e8') in 0.1299499 seconds
Number of updated asset objects reloaded before import = 0Number of asset objects unloaded after import = 6

========================================================================
Received Import Request.
  Time since last request: 0.000046 seconds.
  path: Assets/FPS/Prefabs/VFX/VFX_PickupSparkles.prefab
  artifactKey: Guid(4d1efaa062e333f4cbc4c3564702d135) Importer(2089858483,b0f066a214c2f5e87bad3c948f4d605d)
Start importing Assets/FPS/Prefabs/VFX/VFX_PickupSparkles.prefab using Guid(4d1efaa062e333f4cbc4c3564702d135) Importer(2089858483,b0f066a214c2f5e87bad3c948f4d605d) (ScriptedImporter) -> (artifact id: 'e01f5324fe3eeba71bffbdbef42b4a6f') in 0.1432024 seconds
Number of updated asset objects reloaded before import = 0Number of asset objects unloaded after import = 6

========================================================================
Received Import Request.
  Time since last request: 0.000061 seconds.
  path: Assets/NavMeshComponents/README.md
  artifactKey: Guid(b0f4eda5652dc4841bb446c4721eaec1) Importer(2089858483,b0f066a214c2f5e87bad3c948f4d605d)
Start importing Assets/NavMeshComponents/README.md using Guid(b0f4eda5652dc4841bb446c4721eaec1) Importer(2089858483,b0f066a214c2f5e87bad3c948f4d605d) (ScriptedImporter) -> (artifact id: '67e7c66b36fd870eb323dc6dff1207f2') in 0.0631279 seconds
Number of updated asset objects reloaded before import = 0Number of asset objects unloaded after import = 1

========================================================================
Received Import Request.
  Time since last request: 0.000049 seconds.
  path: Assets/FPS/Prefabs/Pickups/Loot_Health.prefab
  artifactKey: Guid(9973c412032becb4ca116ca08be62edf) Importer(2089858483,b0f066a214c2f5e87bad3c948f4d605d)
Start importing Assets/FPS/Prefabs/Pickups/Loot_Health.prefab using Guid(9973c412032becb4ca116ca08be62edf) Importer(2089858483,b0f066a214c2f5e87bad3c948f4d605d) (ScriptedImporter) -> (artifact id: '608bfada877f5563c5e21434d1633cd8') in 0.0869794 seconds
Number of updated asset objects reloaded before import = 0Number of asset objects unloaded after import = 52

========================================================================
Received Import Request.
  Time since last request: 0.000061 seconds.
  path: Assets/FPS/Scenes/MainScene/NavMesh-NavMeshSurface 3.asset
  artifactKey: Guid(015a2e17ea71c42f88a867caaa47823d) Importer(2089858483,b0f066a214c2f5e87bad3c948f4d605d)
Start importing Assets/FPS/Scenes/MainScene/NavMesh-NavMeshSurface 3.asset using Guid(015a2e17ea71c42f88a867caaa47823d) Importer(2089858483,b0f066a214c2f5e87bad3c948f4d605d) (ScriptedImporter) -> (artifact id: '7fde6d8fd6717bc4f8c96001c4690441') in 0.0887256 seconds
Number of updated asset objects reloaded before import = 0Number of asset objects unloaded after import = 1

========================================================================
Received Import Request.
  Time since last request: 0.000054 seconds.
  path: Assets/FPS/Audio/Music/Wind Ambience.mp3
  artifactKey: Guid(d8003de4be5900347a2c96ef75315675) Importer(2089858483,b0f066a214c2f5e87bad3c948f4d605d)
Start importing Assets/FPS/Audio/Music/Wind Ambience.mp3 using Guid(d8003de4be5900347a2c96ef75315675) Importer(2089858483,b0f066a214c2f5e87bad3c948f4d605d) (ScriptedImporter) -> (artifact id: '37799d74538c736b926787504aa7ba3b') in 0.2670988 seconds
Number of updated asset objects reloaded before import = 0Number of asset objects unloaded after import = 1

========================================================================
Received Import Request.
  Time since last request: 0.000040 seconds.
  path: Assets/FPS/Prefabs/VFX/VFX_MuzzleFlashRed.prefab
  artifactKey: Guid(3f5b545b9a1e74c418b061bba5bb9e2c) Importer(2089858483,b0f066a214c2f5e87bad3c948f4d605d)
Start importing Assets/FPS/Prefabs/VFX/VFX_MuzzleFlashRed.prefab using Guid(3f5b545b9a1e74c418b061bba5bb9e2c) Importer(2089858483,b0f066a214c2f5e87bad3c948f4d605d) (ScriptedImporter) -> (artifact id: 'e9bcf0ec449f3278de4303e4d3da3e8f') in 0.1113626 seconds
Number of updated asset objects reloaded before import = 0Number of asset objects unloaded after import = 6

========================================================================
Received Import Request.
  Time since last request: 0.000054 seconds.
  path: Assets/FPS/Prefabs/RootObjects/OBJRamp_3m.obj
  artifactKey: Guid(becd2f1944aa3ad469bf5b7846ef665b) Importer(2089858483,b0f066a214c2f5e87bad3c948f4d605d)
Start importing Assets/FPS/Prefabs/RootObjects/OBJRamp_3m.obj using Guid(becd2f1944aa3ad469bf5b7846ef665b) Importer(2089858483,b0f066a214c2f5e87bad3c948f4d605d) (ScriptedImporter) -> (artifact id: '4c94e676ae307d84f86db3a5bc8354f8') in 0.0488385 seconds
Number of updated asset objects reloaded before import = 0Number of asset objects unloaded after import = 11

========================================================================
Received Import Request.
  Time since last request: 0.000046 seconds.
  path: Assets/FPS/Tutorials/DialogHeader_FPS.png
  artifactKey: Guid(6e279173c7e6446bfbf2744726e35598) Importer(2089858483,b0f066a214c2f5e87bad3c948f4d605d)
Start importing Assets/FPS/Tutorials/DialogHeader_FPS.png using Guid(6e279173c7e6446bfbf2744726e35598) Importer(2089858483,b0f066a214c2f5e87bad3c948f4d605d) (ScriptedImporter) -> (artifact id: '045d3441921eb625015ac45ed4f183a0') in 0.0452602 seconds
Number of updated asset objects reloaded before import = 0Number of asset objects unloaded after import = 3

========================================================================
Received Import Request.
  Time since last request: 0.000037 seconds.
  path: Assets/FPS/Prefabs/VFX/VFX_GunCylinder.prefab
  artifactKey: Guid(fa498bfcbbc9707458a2c75334b150c8) Importer(2089858483,b0f066a214c2f5e87bad3c948f4d605d)
Start importing Assets/FPS/Prefabs/VFX/VFX_GunCylinder.prefab using Guid(fa498bfcbbc9707458a2c75334b150c8) Importer(2089858483,b0f066a214c2f5e87bad3c948f4d605d) (ScriptedImporter) -> (artifact id: '9a6da71dc05a0a8909e5c4c19fd717fb') in 0.1142479 seconds
Number of updated asset objects reloaded before import = 0Number of asset objects unloaded after import = 6

========================================================================
Received Import Request.
  Time since last request: 0.000067 seconds.
  path: Assets/FPS/Scripts/AI/NavigationModule.cs
  artifactKey: Guid(22d6b672a3f9d27468cfdd79b2119c7e) Importer(2089858483,b0f066a214c2f5e87bad3c948f4d605d)
Start importing Assets/FPS/Scripts/AI/NavigationModule.cs using Guid(22d6b672a3f9d27468cfdd79b2119c7e) Importer(2089858483,b0f066a214c2f5e87bad3c948f4d605d) (ScriptedImporter) -> (artifact id: 'ea21d1afc32741ab9cb56222cb1d686f') in 0.0393433 seconds
Number of updated asset objects reloaded before import = 0Number of asset objects unloaded after import = 0

========================================================================
Received Import Request.
  Time since last request: 0.000034 seconds.
  path: Assets/FPS/Animation/Turret/Turret@AttackOut.fbx
  artifactKey: Guid(a43aac245dca8ed4da27d100a5b9e5a3) Importer(2089858483,b0f066a214c2f5e87bad3c948f4d605d)
Start importing Assets/FPS/Animation/Turret/Turret@AttackOut.fbx using Guid(a43aac245dca8ed4da27d100a5b9e5a3) Importer(2089858483,b0f066a214c2f5e87bad3c948f4d605d) (ScriptedImporter) -> (artifact id: '46ed971a36d43248f126de5079931af3') in 0.0668288 seconds
Number of updated asset objects reloaded before import = 0Number of asset objects unloaded after import = 20

========================================================================
Received Import Request.
  Time since last request: 0.000037 seconds.
  path: Assets/Rendering/PostProcessingProfile.asset
  artifactKey: Guid(df837a1f5737d5a489993708ca80ccc9) Importer(2089858483,b0f066a214c2f5e87bad3c948f4d605d)
Start importing Assets/Rendering/PostProcessingProfile.asset using Guid(df837a1f5737d5a489993708ca80ccc9) Importer(2089858483,b0f066a214c2f5e87bad3c948f4d605d) (ScriptedImporter) -> (artifact id: '93c0cfe368f4f102c5912f205a6fae20') in 0.0481927 seconds
Number of updated asset objects reloaded before import = 0Number of asset objects unloaded after import = 6

========================================================================
Received Import Request.
  Time since last request: 0.000063 seconds.
  path: Assets/FPS/Prefabs/RootObjects/Wall_Door.mtl
  artifactKey: Guid(b64143a9f71422840b5b9e222f8fff5a) Importer(2089858483,b0f066a214c2f5e87bad3c948f4d605d)
Start importing Assets/FPS/Prefabs/RootObjects/Wall_Door.mtl using Guid(b64143a9f71422840b5b9e222f8fff5a) Importer(2089858483,b0f066a214c2f5e87bad3c948f4d605d) (ScriptedImporter) -> (artifact id: 'e296ccc03139f0891ab06cb135fa9584') in 0.0325678 seconds
Number of updated asset objects reloaded before import = 0Number of asset objects unloaded after import = 1

========================================================================
Received Import Request.
  Time since last request: 0.000073 seconds.
  path: Assets/FPS/Prefabs/VFX/VFX_OverheatPrimary.prefab
  artifactKey: Guid(21c8bd050f24da54285f8a3987ee6253) Importer(2089858483,b0f066a214c2f5e87bad3c948f4d605d)
Start importing Assets/FPS/Prefabs/VFX/VFX_OverheatPrimary.prefab using Guid(21c8bd050f24da54285f8a3987ee6253) Importer(2089858483,b0f066a214c2f5e87bad3c948f4d605d) (ScriptedImporter) -> (artifact id: '327ea59cd71c05cd605d92c0eb90fe0e') in 0.1152327 seconds
Number of updated asset objects reloaded before import = 0Number of asset objects unloaded after import = 6

========================================================================
Received Import Request.
  Time since last request: 0.000041 seconds.
  path: Assets/FPS/Scripts/Editor/fps.Editor.asmdef
  artifactKey: Guid(bd05a56a26480e646a63a781f822fc20) Importer(2089858483,b0f066a214c2f5e87bad3c948f4d605d)
Start importing Assets/FPS/Scripts/Editor/fps.Editor.asmdef using Guid(bd05a56a26480e646a63a781f822fc20) Importer(2089858483,b0f066a214c2f5e87bad3c948f4d605d) (ScriptedImporter) -> (artifact id: 'e05a41e2d03666812bbb8b64539f478e') in 0.0569119 seconds
Number of updated asset objects reloaded before import = 0Number of asset objects unloaded after import = 1

========================================================================
Received Import Request.
  Time since last request: 0.000056 seconds.
  path: Assets/FPS/Art/Models/Mesh_Health_Pickup.fbx
  artifactKey: Guid(93b1ab0ae86bdf7459bbdf258c9dec49) Importer(2089858483,b0f066a214c2f5e87bad3c948f4d605d)
Start importing Assets/FPS/Art/Models/Mesh_Health_Pickup.fbx using Guid(93b1ab0ae86bdf7459bbdf258c9dec49) Importer(2089858483,b0f066a214c2f5e87bad3c948f4d605d) (ScriptedImporter) -> (artifact id: 'de74afbd8cf248f63c92f5a3b00a52cb') in 0.0573999 seconds
Number of updated asset objects reloaded before import = 0Number of asset objects unloaded after import = 7

========================================================================
Received Import Request.
  Time since last request: 0.000035 seconds.
  path: Assets/FPS/Animation/Controllers/HoverBot_AnimationController.controller
  artifactKey: Guid(e029e430e913b374387843833ab0b593) Importer(2089858483,b0f066a214c2f5e87bad3c948f4d605d)
Start importing Assets/FPS/Animation/Controllers/HoverBot_AnimationController.controller using Guid(e029e430e913b374387843833ab0b593) Importer(2089858483,b0f066a214c2f5e87bad3c948f4d605d) (ScriptedImporter) -> (artifact id: '0c38bba9fe89cff0027232df19446892') in 0.0458553 seconds
Number of updated asset objects reloaded before import = 0Number of asset objects unloaded after import = 41

========================================================================
Received Import Request.
  Time since last request: 0.000055 seconds.
  path: Assets/FPS/Third-PartyNotice.txt
  artifactKey: Guid(cb83e91a00d95f74e8cbb29c4f6cdfed) Importer(2089858483,b0f066a214c2f5e87bad3c948f4d605d)
Start importing Assets/FPS/Third-PartyNotice.txt using Guid(cb83e91a00d95f74e8cbb29c4f6cdfed) Importer(2089858483,b0f066a214c2f5e87bad3c948f4d605d) (ScriptedImporter) -> (artifact id: '32d28f7dada0fb30bc1d02b0e3034c49') in 0.0516854 seconds
Number of updated asset objects reloaded before import = 0Number of asset objects unloaded after import = 1

========================================================================
Received Import Request.
  Time since last request: 0.000054 seconds.
  path: Assets/FPS/Scripts/Game/IgnoreHeatMap.cs
  artifactKey: Guid(853b31967a79acb49808dd17790b1c49) Importer(2089858483,b0f066a214c2f5e87bad3c948f4d605d)
Start importing Assets/FPS/Scripts/Game/IgnoreHeatMap.cs using Guid(853b31967a79acb49808dd17790b1c49) Importer(2089858483,b0f066a214c2f5e87bad3c948f4d605d) (ScriptedImporter) -> (artifact id: '345f7e5bc87b55b5d2e7e8a14b728176') in 0.0377742 seconds
Number of updated asset objects reloaded before import = 0Number of asset objects unloaded after import = 0

========================================================================
Received Import Request.
  Time since last request: 0.000030 seconds.
  path: Assets/FPS/Scripts/Game/GameConstants.cs
  artifactKey: Guid(45a026fab99db8b4fac1af90f1ece0b5) Importer(2089858483,b0f066a214c2f5e87bad3c948f4d605d)
Start importing Assets/FPS/Scripts/Game/GameConstants.cs using Guid(45a026fab99db8b4fac1af90f1ece0b5) Importer(2089858483,b0f066a214c2f5e87bad3c948f4d605d) (ScriptedImporter) -> (artifact id: 'a19d79e3e204822892026bc3a8fecbd9') in 0.038452 seconds
Number of updated asset objects reloaded before import = 0Number of asset objects unloaded after import = 0

========================================================================
Received Import Request.
  Time since last request: 0.000036 seconds.
  path: Assets/FPS/Scripts/Game/MeshCombineUtility.cs
  artifactKey: Guid(288522e658b17b44c984ef72bffcda11) Importer(2089858483,b0f066a214c2f5e87bad3c948f4d605d)
Start importing Assets/FPS/Scripts/Game/MeshCombineUtility.cs using Guid(288522e658b17b44c984ef72bffcda11) Importer(2089858483,b0f066a214c2f5e87bad3c948f4d605d) (ScriptedImporter) -> (artifact id: '73a1d169e46c8ed52f6b98b324cb5491') in 0.0364414 seconds
Number of updated asset objects reloaded before import = 0Number of asset objects unloaded after import = 0

========================================================================
Received Import Request.
  Time since last request: 0.000091 seconds.
  path: Assets/FPS/Animation/HoverBot/HoverBot@Hurt.fbx
  artifactKey: Guid(d4c6e776733ed444c81b0b76a8610f82) Importer(2089858483,b0f066a214c2f5e87bad3c948f4d605d)
Start importing Assets/FPS/Animation/HoverBot/HoverBot@Hurt.fbx using Guid(d4c6e776733ed444c81b0b76a8610f82) Importer(2089858483,b0f066a214c2f5e87bad3c948f4d605d) (ScriptedImporter) -> (artifact id: '434eda6a4932c084be0d96e7adc607ff') in 0.0544027 seconds
Number of updated asset objects reloaded before import = 0Number of asset objects unloaded after import = 42

========================================================================
Received Import Request.
  Time since last request: 0.000047 seconds.
  path: Assets/FPS/Scripts/Gameplay/ChargedProjectileEffectsHandler.cs
  artifactKey: Guid(da2b0de22b1558e4caa11aa3696e87fc) Importer(2089858483,b0f066a214c2f5e87bad3c948f4d605d)
Start importing Assets/FPS/Scripts/Gameplay/ChargedProjectileEffectsHandler.cs using Guid(da2b0de22b1558e4caa11aa3696e87fc) Importer(2089858483,b0f066a214c2f5e87bad3c948f4d605d) (ScriptedImporter) -> (artifact id: 'd9446c2d0a26dcf3330c79795345279c') in 0.0328319 seconds
Number of updated asset objects reloaded before import = 0Number of asset objects unloaded after import = 0

========================================================================
Received Import Request.
  Time since last request: 0.000066 seconds.
  path: Assets/FPS/Scripts/Gameplay/AmmoPickup.cs
  artifactKey: Guid(4bb683ec2991b784fa1d1fea214ca53b) Importer(2089858483,b0f066a214c2f5e87bad3c948f4d605d)
Start importing Assets/FPS/Scripts/Gameplay/AmmoPickup.cs using Guid(4bb683ec2991b784fa1d1fea214ca53b) Importer(2089858483,b0f066a214c2f5e87bad3c948f4d605d) (ScriptedImporter) -> (artifact id: 'cbdf68858425e428e5b83381ade6c2cd') in 0.0355192 seconds
Number of updated asset objects reloaded before import = 0Number of asset objects unloaded after import = 0

========================================================================
Received Import Request.
  Time since last request: 0.000062 seconds.
  path: Assets/FPS/Prefabs/Projectiles/Projectile_Hoverbot.prefab
  artifactKey: Guid(ec753d54f333bb944b8b04884ad63828) Importer(2089858483,b0f066a214c2f5e87bad3c948f4d605d)
Start importing Assets/FPS/Prefabs/Projectiles/Projectile_Hoverbot.prefab using Guid(ec753d54f333bb944b8b04884ad63828) Importer(2089858483,b0f066a214c2f5e87bad3c948f4d605d) (ScriptedImporter) -> (artifact id: '9439c4245f6bfabdb69c64f3b04feb91') in 0.0507172 seconds
Number of updated asset objects reloaded before import = 0Number of asset objects unloaded after import = 17

========================================================================
Received Import Request.
  Time since last request: 0.000076 seconds.
  path: Assets/FPS/Prefabs/RootObjects/OBJWall_1m.obj
  artifactKey: Guid(045caaf225a94314da92f49a829f116c) Importer(2089858483,b0f066a214c2f5e87bad3c948f4d605d)
Start importing Assets/FPS/Prefabs/RootObjects/OBJWall_1m.obj using Guid(045caaf225a94314da92f49a829f116c) Importer(2089858483,b0f066a214c2f5e87bad3c948f4d605d) (ScriptedImporter) -> (artifact id: '24b3def0201e793d9922b5816a9ca81b') in 0.0406839 seconds
Number of updated asset objects reloaded before import = 0Number of asset objects unloaded after import = 10

========================================================================
Received Import Request.
  Time since last request: 0.000043 seconds.
  path: Assets/FPS/Prefabs/VFX/VFX_DiskOrbitParticles.prefab
  artifactKey: Guid(b9cf7bff98404174d83a37d58c543aa5) Importer(2089858483,b0f066a214c2f5e87bad3c948f4d605d)
Start importing Assets/FPS/Prefabs/VFX/VFX_DiskOrbitParticles.prefab using Guid(b9cf7bff98404174d83a37d58c543aa5) Importer(2089858483,b0f066a214c2f5e87bad3c948f4d605d) (ScriptedImporter) -> (artifact id: '84c4d46021bc961b78fe95455c0c352a') in 0.082097 seconds
Number of updated asset objects reloaded before import = 0Number of asset objects unloaded after import = 6

========================================================================
Received Import Request.
  Time since last request: 0.000108 seconds.
  path: Assets/FPS/Scripts/Gameplay/Jetpack.cs
  artifactKey: Guid(48f22a420493bcf4a8ca3e259797484f) Importer(2089858483,b0f066a214c2f5e87bad3c948f4d605d)
Start importing Assets/FPS/Scripts/Gameplay/Jetpack.cs using Guid(48f22a420493bcf4a8ca3e259797484f) Importer(2089858483,b0f066a214c2f5e87bad3c948f4d605d) (ScriptedImporter) -> (artifact id: 'adcadeb40d7f15f9af8b9b8f3566444a') in 0.0317222 seconds
Number of updated asset objects reloaded before import = 0Number of asset objects unloaded after import = 0

========================================================================
Received Import Request.
  Time since last request: 0.000035 seconds.
  path: Assets/TextMesh Pro/Resources/LineBreaking Following Characters.txt
  artifactKey: Guid(fade42e8bc714b018fac513c043d323b) Importer(2089858483,b0f066a214c2f5e87bad3c948f4d605d)
Start importing Assets/TextMesh Pro/Resources/LineBreaking Following Characters.txt using Guid(fade42e8bc714b018fac513c043d323b) Importer(2089858483,b0f066a214c2f5e87bad3c948f4d605d) (ScriptedImporter) -> (artifact id: 'e5445e181617a4e5ec8add2998a7d2b9') in 0.0310693 seconds
Number of updated asset objects reloaded before import = 0Number of asset objects unloaded after import = 1

========================================================================
Received Import Request.
  Time since last request: 0.000078 seconds.
  path: Assets/FPS/Prefabs/VFX/VFX_AngrySteam.prefab
  artifactKey: Guid(f77e2130c96652640accf8b9f6990d6b) Importer(2089858483,b0f066a214c2f5e87bad3c948f4d605d)
Start importing Assets/FPS/Prefabs/VFX/VFX_AngrySteam.prefab using Guid(f77e2130c96652640accf8b9f6990d6b) Importer(2089858483,b0f066a214c2f5e87bad3c948f4d605d) (ScriptedImporter) -> (artifact id: '6766e80f6120652e503a6398bc4574f0') in 0.1074985 seconds
Number of updated asset objects reloaded before import = 0Number of asset objects unloaded after import = 6

========================================================================
Received Import Request.
  Time since last request: 0.000056 seconds.
  path: Assets/FPS/Scenes/MainScene/ReflectionProbe-2.exr
  artifactKey: Guid(1856399bb99be4649b846011c106f00c) Importer(2089858483,b0f066a214c2f5e87bad3c948f4d605d)
Start importing Assets/FPS/Scenes/MainScene/ReflectionProbe-2.exr using Guid(1856399bb99be4649b846011c106f00c) Importer(2089858483,b0f066a214c2f5e87bad3c948f4d605d) (ScriptedImporter) -> (artifact id: '57342375ece1f05f937753b648a15d1f') in 0.0877148 seconds
Number of updated asset objects reloaded before import = 0Number of asset objects unloaded after import = 1

========================================================================
Received Import Request.
  Time since last request: 0.000033 seconds.
  path: Assets/FPS/Scripts/Gameplay/WeaponPickup.cs
  artifactKey: Guid(4bffb1311779ed346a19fef7c9fa65ea) Importer(2089858483,b0f066a214c2f5e87bad3c948f4d605d)
Start importing Assets/FPS/Scripts/Gameplay/WeaponPickup.cs using Guid(4bffb1311779ed346a19fef7c9fa65ea) Importer(2089858483,b0f066a214c2f5e87bad3c948f4d605d) (ScriptedImporter) -> (artifact id: '12b4c136242db473a586e076900ed27e') in 0.0310721 seconds
Number of updated asset objects reloaded before import = 0Number of asset objects unloaded after import = 0

========================================================================
Received Import Request.
  Time since last request: 0.000041 seconds.
  path: Assets/FPS/Scripts/Gameplay/fps.Gameplay.asmdef
  artifactKey: Guid(27b7e9efd224f064990a97ed99e4456f) Importer(2089858483,b0f066a214c2f5e87bad3c948f4d605d)
Start importing Assets/FPS/Scripts/Gameplay/fps.Gameplay.asmdef using Guid(27b7e9efd224f064990a97ed99e4456f) Importer(2089858483,b0f066a214c2f5e87bad3c948f4d605d) (ScriptedImporter) -> (artifact id: '5af53d730bb8f3ef9d1827ec402b3b8d') in 0.0620384 seconds
Number of updated asset objects reloaded before import = 0Number of asset objects unloaded after import = 1

========================================================================
Received Import Request.
  Time since last request: 0.000132 seconds.
  path: Assets/ModAssets/Fonts/Merriweather-Regular SDF.asset
  artifactKey: Guid(ea4179ba609564f33b822e1be581b321) Importer(2089858483,b0f066a214c2f5e87bad3c948f4d605d)
Start importing Assets/ModAssets/Fonts/Merriweather-Regular SDF.asset using Guid(ea4179ba609564f33b822e1be581b321) Importer(2089858483,b0f066a214c2f5e87bad3c948f4d605d) (ScriptedImporter) -> (artifact id: '5a1816b26b9478731012f13a3eca506a') in 0.0671157 seconds
Number of updated asset objects reloaded before import = 0Number of asset objects unloaded after import = 5

========================================================================
Received Import Request.
  Time since last request: 0.000040 seconds.
  path: Assets/FPS/Scripts/UI/FillBarColorChange.cs
  artifactKey: Guid(0198f43c5a6fcac45a5ddbcb630835a0) Importer(2089858483,b0f066a214c2f5e87bad3c948f4d605d)
Start importing Assets/FPS/Scripts/UI/FillBarColorChange.cs using Guid(0198f43c5a6fcac45a5ddbcb630835a0) Importer(2089858483,b0f066a214c2f5e87bad3c948f4d605d) (ScriptedImporter) -> (artifact id: '07e31ba48b9eb86b282860f7032dbc09') in 0.0293264 seconds
Number of updated asset objects reloaded before import = 0Number of asset objects unloaded after import = 0

========================================================================
Received Import Request.
  Time since last request: 0.000090 seconds.
  path: Assets/FPS/Scripts/UI/FeedbackFlashHUD.cs
  artifactKey: Guid(fed84cad6ab9472468348126dddd368a) Importer(2089858483,b0f066a214c2f5e87bad3c948f4d605d)
Start importing Assets/FPS/Scripts/UI/FeedbackFlashHUD.cs using Guid(fed84cad6ab9472468348126dddd368a) Importer(2089858483,b0f066a214c2f5e87bad3c948f4d605d) (ScriptedImporter) -> (artifact id: '1a8f5396cea620119b9a03a36b934b11') in 0.0301988 seconds
Number of updated asset objects reloaded before import = 0Number of asset objects unloaded after import = 0

========================================================================
Received Import Request.
  Time since last request: 0.000056 seconds.
  path: Assets/FPS/Scripts/UI/DisplayMessageManager.cs
  artifactKey: Guid(f05022e63392c3c499c70ac5ae3b5d4d) Importer(2089858483,b0f066a214c2f5e87bad3c948f4d605d)
Start importing Assets/FPS/Scripts/UI/DisplayMessageManager.cs using Guid(f05022e63392c3c499c70ac5ae3b5d4d) Importer(2089858483,b0f066a214c2f5e87bad3c948f4d605d) (ScriptedImporter) -> (artifact id: 'b5bf734d2bb825e6d20fd0d95f2ca828') in 0.029576 seconds
Number of updated asset objects reloaded before import = 0Number of asset objects unloaded after import = 0

========================================================================
Received Import Request.
  Time since last request: 0.000038 seconds.
  path: Assets/FPS/Prefabs/VFX/VFX_GunCylinder_Secondary Variant.prefab
  artifactKey: Guid(40252b3901782c347a990f90ce729706) Importer(2089858483,b0f066a214c2f5e87bad3c948f4d605d)
Start importing Assets/FPS/Prefabs/VFX/VFX_GunCylinder_Secondary Variant.prefab using Guid(40252b3901782c347a990f90ce729706) Importer(2089858483,b0f066a214c2f5e87bad3c948f4d605d) (ScriptedImporter) -> (artifact id: 'af720a71848308a594a36db30d38045b') in 0.1243689 seconds
Number of updated asset objects reloaded before import = 0Number of asset objects unloaded after import = 12

========================================================================
Received Import Request.
  Time since last request: 0.000056 seconds.
  path: Assets/FPS/Scripts/UI/JetpackCounter.cs
  artifactKey: Guid(c971cff0496fb3d48a9ce082496d6ef8) Importer(2089858483,b0f066a214c2f5e87bad3c948f4d605d)
Start importing Assets/FPS/Scripts/UI/JetpackCounter.cs using Guid(c971cff0496fb3d48a9ce082496d6ef8) Importer(2089858483,b0f066a214c2f5e87bad3c948f4d605d) (ScriptedImporter) -> (artifact id: 'c0de4d90f5d729318825a0d9cbbab005') in 0.0347725 seconds
Number of updated asset objects reloaded before import = 0Number of asset objects unloaded after import = 0

========================================================================
Received Import Request.
  Time since last request: 0.000048 seconds.
  path: Assets/FPS/Scripts/Gameplay/OverheatBehavior.cs
  artifactKey: Guid(29a2833c2faa8a3439fd04522cf5733c) Importer(2089858483,b0f066a214c2f5e87bad3c948f4d605d)
Start importing Assets/FPS/Scripts/Gameplay/OverheatBehavior.cs using Guid(29a2833c2faa8a3439fd04522cf5733c) Importer(2089858483,b0f066a214c2f5e87bad3c948f4d605d) (ScriptedImporter) -> (artifact id: '40e4740367a691f1536d6e6ce99cf52a') in 0.0396174 seconds
Number of updated asset objects reloaded before import = 0Number of asset objects unloaded after import = 0

========================================================================
Received Import Request.
  Time since last request: 0.000034 seconds.
  path: Assets/FPS/Scripts/Game/AudioUtility.cs
  artifactKey: Guid(b4940d922b729e64091b72854e008d47) Importer(2089858483,b0f066a214c2f5e87bad3c948f4d605d)
Start importing Assets/FPS/Scripts/Game/AudioUtility.cs using Guid(b4940d922b729e64091b72854e008d47) Importer(2089858483,b0f066a214c2f5e87bad3c948f4d605d) (ScriptedImporter) -> (artifact id: 'ae81a721b0a88670d81f06e7afc795d6') in 0.0380786 seconds
Number of updated asset objects reloaded before import = 0Number of asset objects unloaded after import = 0

========================================================================
Received Import Request.
  Time since last request: 0.000039 seconds.
  path: Assets/FPS/Scripts/AI/fps.AI.asmdef
  artifactKey: Guid(e9dc24b3d0971d64a9e95b6986d97af5) Importer(2089858483,b0f066a214c2f5e87bad3c948f4d605d)
Start importing Assets/FPS/Scripts/AI/fps.AI.asmdef using Guid(e9dc24b3d0971d64a9e95b6986d97af5) Importer(2089858483,b0f066a214c2f5e87bad3c948f4d605d) (ScriptedImporter) -> (artifact id: '0c894d47b270760f2f387f9b92c36b81') in 0.0566807 seconds
Number of updated asset objects reloaded before import = 0Number of asset objects unloaded after import = 1

========================================================================
Received Import Request.
  Time since last request: 0.000049 seconds.
  path: Assets/FPS/Scripts/UI/StanceHUD.cs
  artifactKey: Guid(2758505f22acf1d4e8dbb9e9e9ac6e85) Importer(2089858483,b0f066a214c2f5e87bad3c948f4d605d)
Start importing Assets/FPS/Scripts/UI/StanceHUD.cs using Guid(2758505f22acf1d4e8dbb9e9e9ac6e85) Importer(2089858483,b0f066a214c2f5e87bad3c948f4d605d) (ScriptedImporter) -> (artifact id: '17e2072b1a05353ebb7a4038a4dde7ea') in 0.0393916 seconds
Number of updated asset objects reloaded before import = 0Number of asset objects unloaded after import = 0

========================================================================
Received Import Request.
  Time since last request: 0.000039 seconds.
  path: Assets/FPS/Tutorials/1_GetStarted/01-Introduction.asset
  artifactKey: Guid(c16c5a02da356422d90eeb5b0e9d48d3) Importer(2089858483,b0f066a214c2f5e87bad3c948f4d605d)
Start importing Assets/FPS/Tutorials/1_GetStarted/01-Introduction.asset using Guid(c16c5a02da356422d90eeb5b0e9d48d3) Importer(2089858483,b0f066a214c2f5e87bad3c948f4d605d) (ScriptedImporter) -> (artifact id: '3fa6e3000e7c830fbd725d00bcc89708') in 0.0620593 seconds
Number of updated asset objects reloaded before import = 0Number of asset objects unloaded after import = 3

========================================================================
Received Import Request.
  Time since last request: 0.000039 seconds.
  path: Assets/FPS/Scripts/UI/ObjectiveToast.cs
  artifactKey: Guid(0511a19aa4a23374180039b212baa206) Importer(2089858483,b0f066a214c2f5e87bad3c948f4d605d)
Start importing Assets/FPS/Scripts/UI/ObjectiveToast.cs using Guid(0511a19aa4a23374180039b212baa206) Importer(2089858483,b0f066a214c2f5e87bad3c948f4d605d) (ScriptedImporter) -> (artifact id: 'ceb920516d5a88a4509d02a7041a7b72') in 0.0430257 seconds
Number of updated asset objects reloaded before import = 0Number of asset objects unloaded after import = 0

========================================================================
Received Import Request.
  Time since last request: 0.000055 seconds.
  path: Assets/FPS/Scripts/UI/WorldspaceHealthBar.cs
  artifactKey: Guid(88567379ffc126c4e96b34011148ffa0) Importer(2089858483,b0f066a214c2f5e87bad3c948f4d605d)
Start importing Assets/FPS/Scripts/UI/WorldspaceHealthBar.cs using Guid(88567379ffc126c4e96b34011148ffa0) Importer(2089858483,b0f066a214c2f5e87bad3c948f4d605d) (ScriptedImporter) -> (artifact id: 'eb47f44e6097fbbb9bdb27ce8413d095') in 0.0376428 seconds
Number of updated asset objects reloaded before import = 0Number of asset objects unloaded after import = 0

========================================================================
Received Import Request.
  Time since last request: 0.000041 seconds.
  path: Assets/FPS/Tutorials/1_GetStarted/07-Edit-Gravity.asset
  artifactKey: Guid(b267d6b3c001640d784ad8d090418968) Importer(2089858483,b0f066a214c2f5e87bad3c948f4d605d)
Start importing Assets/FPS/Tutorials/1_GetStarted/07-Edit-Gravity.asset using Guid(b267d6b3c001640d784ad8d090418968) Importer(2089858483,b0f066a214c2f5e87bad3c948f4d605d) (ScriptedImporter) -> (artifact id: 'e9e81644f3e71cd0c391cfe274b05599') in 0.0426724 seconds
Number of updated asset objects reloaded before import = 0Number of asset objects unloaded after import = 4

========================================================================
Received Import Request.
  Time since last request: 0.000045 seconds.
  path: Assets/FPS/Tutorials/1_GetStarted/06-Inspector-Intro.asset
  artifactKey: Guid(6e41a997d55d34c6e988a783a1d13151) Importer(2089858483,b0f066a214c2f5e87bad3c948f4d605d)
Start importing Assets/FPS/Tutorials/1_GetStarted/06-Inspector-Intro.asset using Guid(6e41a997d55d34c6e988a783a1d13151) Importer(2089858483,b0f066a214c2f5e87bad3c948f4d605d) (ScriptedImporter) -> (artifact id: '708618ab21c121ddc00b22c2c434dc42') in 0.0699061 seconds
Number of updated asset objects reloaded before import = 0Number of asset objects unloaded after import = 3

========================================================================
Received Import Request.
  Time since last request: 0.000159 seconds.
  path: Assets/FPS/Tutorials/1_GetStarted/08-Play-New-Speed.asset
  artifactKey: Guid(e5075e49e79114a2483ea78deb603d8c) Importer(2089858483,b0f066a214c2f5e87bad3c948f4d605d)
Start importing Assets/FPS/Tutorials/1_GetStarted/08-Play-New-Speed.asset using Guid(e5075e49e79114a2483ea78deb603d8c) Importer(2089858483,b0f066a214c2f5e87bad3c948f4d605d) (ScriptedImporter) -> (artifact id: 'd2cd2492742457df77c1976402ea0aac') in 0.04106 seconds
Number of updated asset objects reloaded before import = 0Number of asset objects unloaded after import = 4

========================================================================
Received Import Request.
  Time since last request: 0.000069 seconds.
  path: Assets/FPS/Scripts/Gameplay/ChargedWeaponEffectsHandler.cs
  artifactKey: Guid(b92ab16a4151e294a9e6f5a025221be2) Importer(2089858483,b0f066a214c2f5e87bad3c948f4d605d)
Start importing Assets/FPS/Scripts/Gameplay/ChargedWeaponEffectsHandler.cs using Guid(b92ab16a4151e294a9e6f5a025221be2) Importer(2089858483,b0f066a214c2f5e87bad3c948f4d605d) (ScriptedImporter) -> (artifact id: '0c04703da258a35cb08be523a5bb1ed6') in 0.0323927 seconds
Number of updated asset objects reloaded before import = 0Number of asset objects unloaded after import = 0

========================================================================
Received Import Request.
  Time since last request: 0.000039 seconds.
  path: Assets/FPS/Tutorials/2_AddARoom/01-Introduction.asset
  artifactKey: Guid(fef67ab638dae4a14a5508ea356cddc1) Importer(2089858483,b0f066a214c2f5e87bad3c948f4d605d)
Start importing Assets/FPS/Tutorials/2_AddARoom/01-Introduction.asset using Guid(fef67ab638dae4a14a5508ea356cddc1) Importer(2089858483,b0f066a214c2f5e87bad3c948f4d605d) (ScriptedImporter) -> (artifact id: '9dcf5c33060acc05df66c16b2e184241') in 0.0437219 seconds
Number of updated asset objects reloaded before import = 0Number of asset objects unloaded after import = 3

========================================================================
Received Import Request.
  Time since last request: 0.000058 seconds.
  path: Assets/FPS/Tutorials/1_GetStarted/WT-Hiearchy.png
  artifactKey: Guid(6f72f138bef974fbc9d23c3d07132789) Importer(2089858483,b0f066a214c2f5e87bad3c948f4d605d)
Start importing Assets/FPS/Tutorials/1_GetStarted/WT-Hiearchy.png using Guid(6f72f138bef974fbc9d23c3d07132789) Importer(2089858483,b0f066a214c2f5e87bad3c948f4d605d) (ScriptedImporter) -> (artifact id: '039314b06b2ddfb0dab8ed3228e3d090') in 0.0680987 seconds
Number of updated asset objects reloaded before import = 0Number of asset objects unloaded after import = 1

========================================================================
Received Import Request.
  Time since last request: 0.000034 seconds.
  path: Assets/FPS/Tutorials/1_GetStarted/WT-Select-Property.mov
  artifactKey: Guid(87d213d9011a74f4790e16e70e97351b) Importer(2089858483,b0f066a214c2f5e87bad3c948f4d605d)
Start importing Assets/FPS/Tutorials/1_GetStarted/WT-Select-Property.mov using Guid(87d213d9011a74f4790e16e70e97351b) Importer(2089858483,b0f066a214c2f5e87bad3c948f4d605d) (ScriptedImporter) -> (artifact id: 'ac3ad03162f5ee0d2f5b864cd56b067e') in 0.0400153 seconds
Number of updated asset objects reloaded before import = 0Number of asset objects unloaded after import = 1

========================================================================
Received Import Request.
  Time since last request: 0.000036 seconds.
  path: Assets/FPS/Tutorials/1_GetStarted/WT-Select-Gameobject.mov
  artifactKey: Guid(79dadb0d7a0c143db8700a2c64e462c8) Importer(2089858483,b0f066a214c2f5e87bad3c948f4d605d)
Start importing Assets/FPS/Tutorials/1_GetStarted/WT-Select-Gameobject.mov using Guid(79dadb0d7a0c143db8700a2c64e462c8) Importer(2089858483,b0f066a214c2f5e87bad3c948f4d605d) (ScriptedImporter) -> (artifact id: '65f3d26499eb3f0efc449423be3a1310') in 0.0386942 seconds
Number of updated asset objects reloaded before import = 0Number of asset objects unloaded after import = 1

========================================================================
Received Import Request.
  Time since last request: 0.000053 seconds.
  path: Assets/FPS/Tutorials/2_AddARoom/05-Orbit-Scene.asset
  artifactKey: Guid(f16e81aa0b771435bbff4b88af6cc7ff) Importer(2089858483,b0f066a214c2f5e87bad3c948f4d605d)
Start importing Assets/FPS/Tutorials/2_AddARoom/05-Orbit-Scene.asset using Guid(f16e81aa0b771435bbff4b88af6cc7ff) Importer(2089858483,b0f066a214c2f5e87bad3c948f4d605d) (ScriptedImporter) -> (artifact id: '6124250a7cbd189133f129f1a165b5c8') in 0.0419979 seconds
Number of updated asset objects reloaded before import = 0Number of asset objects unloaded after import = 4

========================================================================
Received Import Request.
  Time since last request: 0.000074 seconds.
  path: Assets/FPS/Tutorials/2_AddARoom/020-Bake-NavMesh.asset
  artifactKey: Guid(3d8ca14fc50c9694b97ce9d032087faf) Importer(2089858483,b0f066a214c2f5e87bad3c948f4d605d)
Start importing Assets/FPS/Tutorials/2_AddARoom/020-Bake-NavMesh.asset using Guid(3d8ca14fc50c9694b97ce9d032087faf) Importer(2089858483,b0f066a214c2f5e87bad3c948f4d605d) (ScriptedImporter) -> (artifact id: '7e28e67f59757cea4fd176ce1bac5fca') in 0.1300972 seconds
Number of updated asset objects reloaded before import = 0Number of asset objects unloaded after import = 744

========================================================================
Received Import Request.
  Time since last request: 0.000056 seconds.
  path: Assets/FPS/Tutorials/1_GetStarted/02-First-Play.asset
  artifactKey: Guid(d96ebb80cdd184cc4a4e937acc4691bb) Importer(2089858483,b0f066a214c2f5e87bad3c948f4d605d)
Start importing Assets/FPS/Tutorials/1_GetStarted/02-First-Play.asset using Guid(d96ebb80cdd184cc4a4e937acc4691bb) Importer(2089858483,b0f066a214c2f5e87bad3c948f4d605d) (ScriptedImporter) -> (artifact id: 'f43cf6bea0fc561f724e44cd91ae83b7') in 0.0432347 seconds
Number of updated asset objects reloaded before import = 0Number of asset objects unloaded after import = 4

========================================================================
Received Import Request.
  Time since last request: 0.000052 seconds.
  path: Assets/FPS/Tutorials/2_AddARoom/09.asset
  artifactKey: Guid(d72f5b10e2e20420183526971d1a0afe) Importer(2089858483,b0f066a214c2f5e87bad3c948f4d605d)
Start importing Assets/FPS/Tutorials/2_AddARoom/09.asset using Guid(d72f5b10e2e20420183526971d1a0afe) Importer(2089858483,b0f066a214c2f5e87bad3c948f4d605d) (ScriptedImporter) -> (artifact id: 'ad0aea770170b39f5fcaa72ef65ce557') in 0.0678654 seconds
Number of updated asset objects reloaded before import = 0Number of asset objects unloaded after import = 513

========================================================================
Received Import Request.
  Time since last request: 0.000075 seconds.
  path: Assets/FPS/Tutorials/2_AddARoom/06-Zoom-Scene.asset
  artifactKey: Guid(a2e36b4c574d748b99f00191d18a7deb) Importer(2089858483,b0f066a214c2f5e87bad3c948f4d605d)
Start importing Assets/FPS/Tutorials/2_AddARoom/06-Zoom-Scene.asset using Guid(a2e36b4c574d748b99f00191d18a7deb) Importer(2089858483,b0f066a214c2f5e87bad3c948f4d605d) (ScriptedImporter) -> (artifact id: 'bdae26fa5bc39c506d43955201eef605') in 0.0616888 seconds
Number of updated asset objects reloaded before import = 0Number of asset objects unloaded after import = 4

========================================================================
Received Import Request.
  Time since last request: 0.000067 seconds.
  path: Assets/FPS/Scripts/Gameplay/PlayerCharacterController.cs
  artifactKey: Guid(f8e9b849ae2755b428b23edfa9686c79) Importer(2089858483,b0f066a214c2f5e87bad3c948f4d605d)
Start importing Assets/FPS/Scripts/Gameplay/PlayerCharacterController.cs using Guid(f8e9b849ae2755b428b23edfa9686c79) Importer(2089858483,b0f066a214c2f5e87bad3c948f4d605d) (ScriptedImporter) -> (artifact id: '85b3ea88acc566c629f66551c870957d') in 0.0352383 seconds
Number of updated asset objects reloaded before import = 0Number of asset objects unloaded after import = 0

========================================================================
Received Import Request.
  Time since last request: 0.000047 seconds.
  path: Assets/FPS/Tutorials/2_AddARoom/60-Done.asset
  artifactKey: Guid(e3dc744887c6e4362a59a5f0c10b2035) Importer(2089858483,b0f066a214c2f5e87bad3c948f4d605d)
Start importing Assets/FPS/Tutorials/2_AddARoom/60-Done.asset using Guid(e3dc744887c6e4362a59a5f0c10b2035) Importer(2089858483,b0f066a214c2f5e87bad3c948f4d605d) (ScriptedImporter) -> (artifact id: '781d7c001992317df65040c328dedcf1') in 0.5944336 seconds
Number of updated asset objects reloaded before import = 0Number of asset objects unloaded after import = 864

========================================================================
Received Import Request.
  Time since last request: 0.000070 seconds.
  path: Assets/FPS/Tutorials/2_AddARoom/WT-Bake.png
  artifactKey: Guid(04ad4882689a148358ac29d94d99a7ea) Importer(2089858483,b0f066a214c2f5e87bad3c948f4d605d)
Start importing Assets/FPS/Tutorials/2_AddARoom/WT-Bake.png using Guid(04ad4882689a148358ac29d94d99a7ea) Importer(2089858483,b0f066a214c2f5e87bad3c948f4d605d) (ScriptedImporter) -> (artifact id: '95efb6bbe3cd9c6c4951ddf363905af6') in 0.0491655 seconds
Number of updated asset objects reloaded before import = 0Number of asset objects unloaded after import = 1

========================================================================
Received Import Request.
  Time since last request: 0.000060 seconds.
  path: Assets/FPS/Tutorials/2_AddARoom/RoomAssetLayout.wlt
  artifactKey: Guid(969d22b170a8a449d99ed26d083a8e78) Importer(2089858483,b0f066a214c2f5e87bad3c948f4d605d)
Start importing Assets/FPS/Tutorials/2_AddARoom/RoomAssetLayout.wlt using Guid(969d22b170a8a449d99ed26d083a8e78) Importer(2089858483,b0f066a214c2f5e87bad3c948f4d605d) (ScriptedImporter) -> (artifact id: 'ed7e6ebeb80807ee52e9f42a6a1b27f5') in 0.0354556 seconds
Number of updated asset objects reloaded before import = 0Number of asset objects unloaded after import = 1

========================================================================
Received Import Request.
  Time since last request: 0.000034 seconds.
  path: Assets/FPS/Scenes/MainScene/NavMesh-NavMeshSurface.asset
  artifactKey: Guid(9b48a92232152497aa9d16b7496ae527) Importer(2089858483,b0f066a214c2f5e87bad3c948f4d605d)
Start importing Assets/FPS/Scenes/MainScene/NavMesh-NavMeshSurface.asset using Guid(9b48a92232152497aa9d16b7496ae527) Importer(2089858483,b0f066a214c2f5e87bad3c948f4d605d) (ScriptedImporter) -> (artifact id: '9d003e4fdf2da9c3d46cb275b779ec27') in 0.033784 seconds
Number of updated asset objects reloaded before import = 0Number of asset objects unloaded after import = 1

========================================================================
Received Import Request.
  Time since last request: 0.000043 seconds.
  path: Assets/FPS/Scripts/Gameplay/ProjectileStandard.cs
  artifactKey: Guid(de99b30e1e73fd14e98cc5371da25d12) Importer(2089858483,b0f066a214c2f5e87bad3c948f4d605d)
Start importing Assets/FPS/Scripts/Gameplay/ProjectileStandard.cs using Guid(de99b30e1e73fd14e98cc5371da25d12) Importer(2089858483,b0f066a214c2f5e87bad3c948f4d605d) (ScriptedImporter) -> (artifact id: '98c6ccbf2cee14b2803653d087813f6c') in 0.0376662 seconds
Number of updated asset objects reloaded before import = 0Number of asset objects unloaded after import = 0

========================================================================
Received Import Request.
  Time since last request: 0.000068 seconds.
  path: Assets/FPS/Scripts/Gameplay/Pickup.cs
  artifactKey: Guid(c72a2c2e0f8c9194f9ab3b97752e8fec) Importer(2089858483,b0f066a214c2f5e87bad3c948f4d605d)
Start importing Assets/FPS/Scripts/Gameplay/Pickup.cs using Guid(c72a2c2e0f8c9194f9ab3b97752e8fec) Importer(2089858483,b0f066a214c2f5e87bad3c948f4d605d) (ScriptedImporter) -> (artifact id: '8e1dbc8d970efa347ec364c6cfe21aff') in 0.0833516 seconds
Number of updated asset objects reloaded before import = 0Number of asset objects unloaded after import = 0

========================================================================
Received Import Request.
  Time since last request: 0.000048 seconds.
  path: Assets/FPS/Tutorials/2_AddARoom/WT-Select-Hand-Tool.mov
  artifactKey: Guid(95df4ffa2c72c49f0b90fa2a68c3901b) Importer(2089858483,b0f066a214c2f5e87bad3c948f4d605d)
Start importing Assets/FPS/Tutorials/2_AddARoom/WT-Select-Hand-Tool.mov using Guid(95df4ffa2c72c49f0b90fa2a68c3901b) Importer(2089858483,b0f066a214c2f5e87bad3c948f4d605d) (ScriptedImporter) -> (artifact id: 'ba81af367d1b6aec3d3f31e79d12a1f3') in 0.0326765 seconds
Number of updated asset objects reloaded before import = 0Number of asset objects unloaded after import = 1

========================================================================
Received Import Request.
  Time since last request: 0.000068 seconds.
  path: Assets/FPS/Tutorials/2_AddARoom/WT-Select-Move.mov
  artifactKey: Guid(7f27d4cc5c17343afa860cfaf9ffeb29) Importer(2089858483,b0f066a214c2f5e87bad3c948f4d605d)
Start importing Assets/FPS/Tutorials/2_AddARoom/WT-Select-Move.mov using Guid(7f27d4cc5c17343afa860cfaf9ffeb29) Importer(2089858483,b0f066a214c2f5e87bad3c948f4d605d) (ScriptedImporter) -> (artifact id: 'da24c847fe13502a4c36823b9f0c672e') in 0.6288139 seconds
Number of updated asset objects reloaded before import = 0Number of asset objects unloaded after import = 1

========================================================================
Received Import Request.
  Time since last request: 0.000033 seconds.
  path: Assets/FPS/Tutorials/3_ChangeColors/04-Change-Albedo.asset
  artifactKey: Guid(a1a7b0e37eeeb4df28dff27ddf50c9cd) Importer(2089858483,b0f066a214c2f5e87bad3c948f4d605d)
Start importing Assets/FPS/Tutorials/3_ChangeColors/04-Change-Albedo.asset using Guid(a1a7b0e37eeeb4df28dff27ddf50c9cd) Importer(2089858483,b0f066a214c2f5e87bad3c948f4d605d) (ScriptedImporter) -> (artifact id: 'c9a7926ad6da23f9b952bb167e46f6d4') in 0.120966 seconds
Number of updated asset objects reloaded before import = 0Number of asset objects unloaded after import = 5

========================================================================
Received Import Request.
  Time since last request: 0.000082 seconds.
  path: Assets/FPS/Prefabs/UI/InGameMenu.prefab
  artifactKey: Guid(08dec1e68a552c649889571e90fa7b2d) Importer(2089858483,b0f066a214c2f5e87bad3c948f4d605d)
Start importing Assets/FPS/Prefabs/UI/InGameMenu.prefab using Guid(08dec1e68a552c649889571e90fa7b2d) Importer(2089858483,b0f066a214c2f5e87bad3c948f4d605d) (ScriptedImporter) -> (artifact id: 'f4c950c3b6a645b87d8e9709cf5ae916') in 0.987795 seconds
Number of updated asset objects reloaded before import = 0Number of asset objects unloaded after import = 168

========================================================================
Received Import Request.
  Time since last request: 0.000046 seconds.
  path: Assets/FPS/Tutorials/3_ChangeColors/Edit-Colors-Walkthrough.asset
  artifactKey: Guid(5d0306ad1c1d347ed8eb91190a9e45c2) Importer(2089858483,b0f066a214c2f5e87bad3c948f4d605d)
Start importing Assets/FPS/Tutorials/3_ChangeColors/Edit-Colors-Walkthrough.asset using Guid(5d0306ad1c1d347ed8eb91190a9e45c2) Importer(2089858483,b0f066a214c2f5e87bad3c948f4d605d) (ScriptedImporter) -> (artifact id: '69efc6d0e474e005bf7c0a0a939c4d88') in 0.5347544 seconds
Number of updated asset objects reloaded before import = 0Number of asset objects unloaded after import = 864

========================================================================
Received Import Request.
  Time since last request: 0.000062 seconds.
  path: Assets/FPS/Tutorials/3_ChangeColors/WT-Select-Material.mov
  artifactKey: Guid(83661c05b7f0c44c0b0738f507b6b607) Importer(2089858483,b0f066a214c2f5e87bad3c948f4d605d)
Start importing Assets/FPS/Tutorials/3_ChangeColors/WT-Select-Material.mov using Guid(83661c05b7f0c44c0b0738f507b6b607) Importer(2089858483,b0f066a214c2f5e87bad3c948f4d605d) (ScriptedImporter) -> (artifact id: '3de545d81084a65be93a6a5525bab630') in 0.0323131 seconds
Number of updated asset objects reloaded before import = 0Number of asset objects unloaded after import = 1

========================================================================
Received Import Request.
  Time since last request: 0.000031 seconds.
  path: Assets/FPS/Tutorials/4_AddEnemyBot/015.asset
  artifactKey: Guid(db255913d0ab24aebab584a7e24d64be) Importer(2089858483,b0f066a214c2f5e87bad3c948f4d605d)
Start importing Assets/FPS/Tutorials/4_AddEnemyBot/015.asset using Guid(db255913d0ab24aebab584a7e24d64be) Importer(2089858483,b0f066a214c2f5e87bad3c948f4d605d) (ScriptedImporter) -> (artifact id: '8ac9803372371628aca67503a9770d10') in 0.2039321 seconds
Number of updated asset objects reloaded before import = 0Number of asset objects unloaded after import = 741

========================================================================
Received Import Request.
  Time since last request: 0.000081 seconds.
  path: Assets/FPS/Tutorials/4_AddEnemyBot/WT-Drag-Prefab.mov
  artifactKey: Guid(6f0ce9b5d31f44b9cbb3501409e8913f) Importer(2089858483,b0f066a214c2f5e87bad3c948f4d605d)
Start importing Assets/FPS/Tutorials/4_AddEnemyBot/WT-Drag-Prefab.mov using Guid(6f0ce9b5d31f44b9cbb3501409e8913f) Importer(2089858483,b0f066a214c2f5e87bad3c948f4d605d) (ScriptedImporter) -> (artifact id: 'dbc3b7d7dd0acedf79af9e6df30ef97e') in 0.0540347 seconds
Number of updated asset objects reloaded before import = 0Number of asset objects unloaded after import = 1

========================================================================
Received Import Request.
  Time since last request: 0.000061 seconds.
  path: Assets/FPS/Tutorials/4_AddEnemyBot/032.asset
  artifactKey: Guid(e83dc02e6ff064ab3b6b55d346838376) Importer(2089858483,b0f066a214c2f5e87bad3c948f4d605d)
Start importing Assets/FPS/Tutorials/4_AddEnemyBot/032.asset using Guid(e83dc02e6ff064ab3b6b55d346838376) Importer(2089858483,b0f066a214c2f5e87bad3c948f4d605d) (ScriptedImporter) -> (artifact id: '3b759469bb017fcecc3c52ac7b7431f7') in 0.2225057 seconds
Number of updated asset objects reloaded before import = 0Number of asset objects unloaded after import = 746

========================================================================
Received Import Request.
  Time since last request: 0.000087 seconds.
  path: Assets/FPS/Tutorials/4_AddEnemyBot/WT-Move-Object.mov
  artifactKey: Guid(6188d500d35af4ddf9763e1d54054c5a) Importer(2089858483,b0f066a214c2f5e87bad3c948f4d605d)
Start importing Assets/FPS/Tutorials/4_AddEnemyBot/WT-Move-Object.mov using Guid(6188d500d35af4ddf9763e1d54054c5a) Importer(2089858483,b0f066a214c2f5e87bad3c948f4d605d) (ScriptedImporter) -> (artifact id: '28ae3442ca1821906a45413aee6ea845') in 0.0497816 seconds
Number of updated asset objects reloaded before import = 0Number of asset objects unloaded after import = 1

========================================================================
Received Import Request.
  Time since last request: 0.000089 seconds.
  path: Assets/FPS/Tutorials/4_AddEnemyBot/WT-Scale-Object.mov
  artifactKey: Guid(7f3cef5e0a5454fda88c29f03c3615ab) Importer(2089858483,b0f066a214c2f5e87bad3c948f4d605d)
Start importing Assets/FPS/Tutorials/4_AddEnemyBot/WT-Scale-Object.mov using Guid(7f3cef5e0a5454fda88c29f03c3615ab) Importer(2089858483,b0f066a214c2f5e87bad3c948f4d605d) (ScriptedImporter) -> (artifact id: 'f4f8925c41c05da16c66b6085dab91d1') in 0.3474575 seconds
Number of updated asset objects reloaded before import = 0Number of asset objects unloaded after import = 1

========================================================================
Received Import Request.
  Time since last request: 0.000031 seconds.
  path: Assets/FPS/Tutorials/4_AddEnemyBot/WT-Select-Prefab.mov
  artifactKey: Guid(5ac8547c1357e44ef84b3fdfda948b7f) Importer(2089858483,b0f066a214c2f5e87bad3c948f4d605d)
Start importing Assets/FPS/Tutorials/4_AddEnemyBot/WT-Select-Prefab.mov using Guid(5ac8547c1357e44ef84b3fdfda948b7f) Importer(2089858483,b0f066a214c2f5e87bad3c948f4d605d) (ScriptedImporter) -> (artifact id: '42c4e5a32d865869608af9851bd01895') in 0.0421851 seconds
Number of updated asset objects reloaded before import = 0Number of asset objects unloaded after import = 1

========================================================================
Received Import Request.
  Time since last request: 0.000044 seconds.
  path: Assets/FPS/Tutorials/4_AddEnemyBot/WT-Select-Scale.mov
  artifactKey: Guid(616f0abee57964b6186e95d67d2ad7a3) Importer(2089858483,b0f066a214c2f5e87bad3c948f4d605d)
Start importing Assets/FPS/Tutorials/4_AddEnemyBot/WT-Select-Scale.mov using Guid(616f0abee57964b6186e95d67d2ad7a3) Importer(2089858483,b0f066a214c2f5e87bad3c948f4d605d) (ScriptedImporter) -> (artifact id: '9c8920ba75645a7deee1b6bf0da44c5d') in 0.36356 seconds
Number of updated asset objects reloaded before import = 0Number of asset objects unloaded after import = 1

========================================================================
Received Import Request.
  Time since last request: 0.000033 seconds.
  path: Assets/FPS/Tutorials/5_AddAnAsset/AddAnAsset-01.asset
  artifactKey: Guid(dc9b1b1cb98344f3780ba96d4f32c225) Importer(2089858483,b0f066a214c2f5e87bad3c948f4d605d)
Start importing Assets/FPS/Tutorials/5_AddAnAsset/AddAnAsset-01.asset using Guid(dc9b1b1cb98344f3780ba96d4f32c225) Importer(2089858483,b0f066a214c2f5e87bad3c948f4d605d) (ScriptedImporter) -> (artifact id: '19f32140ada6ed8cce2c405904bc68c3') in 0.7462422 seconds
Number of updated asset objects reloaded before import = 0Number of asset objects unloaded after import = 3

========================================================================
Received Import Request.
  Time since last request: 0.000060 seconds.
  path: Assets/FPS/Tutorials/5_AddAnAsset/AddAnAsset-05.asset
  artifactKey: Guid(862f95f45e82040848d3f1902bab01ef) Importer(2089858483,b0f066a214c2f5e87bad3c948f4d605d)
Start importing Assets/FPS/Tutorials/5_AddAnAsset/AddAnAsset-05.asset using Guid(862f95f45e82040848d3f1902bab01ef) Importer(2089858483,b0f066a214c2f5e87bad3c948f4d605d) (ScriptedImporter) -> (artifact id: '851d1631521a06a351a5b55f39497de2') in 0.0720213 seconds
Number of updated asset objects reloaded before import = 0Number of asset objects unloaded after import = 3

========================================================================
Received Import Request.
  Time since last request: 0.000091 seconds.
  path: Assets/FPS/Tutorials/5_AddAnAsset/AddAnAsset-20.asset
  artifactKey: Guid(8a93ee0c94a814402ad6f0b5bc9ec44c) Importer(2089858483,b0f066a214c2f5e87bad3c948f4d605d)
Start importing Assets/FPS/Tutorials/5_AddAnAsset/AddAnAsset-20.asset using Guid(8a93ee0c94a814402ad6f0b5bc9ec44c) Importer(2089858483,b0f066a214c2f5e87bad3c948f4d605d) (ScriptedImporter) -> (artifact id: 'ad0b73735d8a142b4744a208cfa06ddd') in 0.8073201 seconds
Number of updated asset objects reloaded before import = 0Number of asset objects unloaded after import = 864

========================================================================
Received Import Request.
  Time since last request: 0.000103 seconds.
  path: Assets/FPS/Tutorials/6_BuildAndPublish/5 BuildAndPublish.asset
  artifactKey: Guid(c122a1a2efeb58349b8154e42481067b) Importer(2089858483,b0f066a214c2f5e87bad3c948f4d605d)
Start importing Assets/FPS/Tutorials/6_BuildAndPublish/5 BuildAndPublish.asset using Guid(c122a1a2efeb58349b8154e42481067b) Importer(2089858483,b0f066a214c2f5e87bad3c948f4d605d) (ScriptedImporter) -> (artifact id: '48a200cca9e9e3f3fc7beb5500253653') in 0.6616753 seconds
Number of updated asset objects reloaded before import = 0Number of asset objects unloaded after import = 864

========================================================================
Received Import Request.
  Time since last request: 0.000079 seconds.
  path: Assets/FPS/Tutorials/6_BuildAndPublish/BuildAndPublish 013.asset
  artifactKey: Guid(97f3ee3958d87894d8f23cc258f28f0e) Importer(2089858483,b0f066a214c2f5e87bad3c948f4d605d)
Start importing Assets/FPS/Tutorials/6_BuildAndPublish/BuildAndPublish 013.asset using Guid(97f3ee3958d87894d8f23cc258f28f0e) Importer(2089858483,b0f066a214c2f5e87bad3c948f4d605d) (ScriptedImporter) -> (artifact id: '637196160e483848069b3ccbe8caeae3') in 0.0556299 seconds
Number of updated asset objects reloaded before import = 0Number of asset objects unloaded after import = 4

========================================================================
Received Import Request.
  Time since last request: 0.000073 seconds.
  path: Assets/FPS/Tutorials/6_BuildAndPublish/BuildAndPublish 015.asset
  artifactKey: Guid(6ae3d723607a8634f95e896bf40b3ae5) Importer(2089858483,b0f066a214c2f5e87bad3c948f4d605d)
Start importing Assets/FPS/Tutorials/6_BuildAndPublish/BuildAndPublish 015.asset using Guid(6ae3d723607a8634f95e896bf40b3ae5) Importer(2089858483,b0f066a214c2f5e87bad3c948f4d605d) (ScriptedImporter) -> (artifact id: '1a2d09c59c04d381cdf37078be8bfe29') in 0.637222 seconds
Number of updated asset objects reloaded before import = 0Number of asset objects unloaded after import = 864

========================================================================
Received Import Request.
  Time since last request: 0.000069 seconds.
  path: Assets/FPS/Tutorials/7_WhatsNext/WhatsNext 02.asset
  artifactKey: Guid(474cf41e6576c9d428e243b035664456) Importer(2089858483,b0f066a214c2f5e87bad3c948f4d605d)
Start importing Assets/FPS/Tutorials/7_WhatsNext/WhatsNext 02.asset using Guid(474cf41e6576c9d428e243b035664456) Importer(2089858483,b0f066a214c2f5e87bad3c948f4d605d) (ScriptedImporter) -> (artifact id: '4d974bb5306bf260ad4b949449245d4e') in 0.0628957 seconds
Number of updated asset objects reloaded before import = 0Number of asset objects unloaded after import = 3

========================================================================
Received Import Request.
  Time since last request: 0.000078 seconds.
  path: Assets/FPS/Tutorials/2_AddARoom/WT-Select-and-Frame.mov
  artifactKey: Guid(391160322e3334e87987cb97f1125c42) Importer(2089858483,b0f066a214c2f5e87bad3c948f4d605d)
Start importing Assets/FPS/Tutorials/2_AddARoom/WT-Select-and-Frame.mov using Guid(391160322e3334e87987cb97f1125c42) Importer(2089858483,b0f066a214c2f5e87bad3c948f4d605d) (ScriptedImporter) -> (artifact id: '5955813e17f1239487d464d8e2d56cb1') in 0.0803298 seconds
Number of updated asset objects reloaded before import = 0Number of asset objects unloaded after import = 1

========================================================================
Received Import Request.
  Time since last request: 0.000070 seconds.
  path: Assets/FPS/Animation/Rigs/HoverBot.fbx
  artifactKey: Guid(8e64c7aa328349d4ea713298f19a414f) Importer(2089858483,b0f066a214c2f5e87bad3c948f4d605d)
Start importing Assets/FPS/Animation/Rigs/HoverBot.fbx using Guid(8e64c7aa328349d4ea713298f19a414f) Importer(2089858483,b0f066a214c2f5e87bad3c948f4d605d) (ScriptedImporter) -> (artifact id: '101cab1873d8b758d78a5c731512b350') in 0.0999376 seconds
Number of updated asset objects reloaded before import = 0Number of asset objects unloaded after import = 54

========================================================================
Received Import Request.
  Time since last request: 0.000099 seconds.
  path: Assets/FPS/Tutorials/7_WhatsNext/WT-Essentials.png
  artifactKey: Guid(e6bde9c089de7ab41b8dde2e2938024b) Importer(2089858483,b0f066a214c2f5e87bad3c948f4d605d)
Start importing Assets/FPS/Tutorials/7_WhatsNext/WT-Essentials.png using Guid(e6bde9c089de7ab41b8dde2e2938024b) Importer(2089858483,b0f066a214c2f5e87bad3c948f4d605d) (ScriptedImporter) -> (artifact id: '0e94d10d74ca510fec312215589d78a5') in 0.0494269 seconds
Number of updated asset objects reloaded before import = 0Number of asset objects unloaded after import = 3

========================================================================
Received Import Request.
  Time since last request: 0.000058 seconds.
  path: Assets/FPS/Tutorials/7_WhatsNext/WT-JuniorPgmr.png
  artifactKey: Guid(8d7d04bee915d874186cb9fe24374366) Importer(2089858483,b0f066a214c2f5e87bad3c948f4d605d)
Start importing Assets/FPS/Tutorials/7_WhatsNext/WT-JuniorPgmr.png using Guid(8d7d04bee915d874186cb9fe24374366) Importer(2089858483,b0f066a214c2f5e87bad3c948f4d605d) (ScriptedImporter) -> (artifact id: '25e55fe7855bc7e4efedaed7bbc6509e') in 0.0547867 seconds
Number of updated asset objects reloaded before import = 0Number of asset objects unloaded after import = 3

========================================================================
Received Import Request.
  Time since last request: 0.000040 seconds.
  path: Assets/ModAssets/Materials/Custom Materials/Basic Red.mat
  artifactKey: Guid(6487fdefd669d4dbc91709a177cd4b93) Importer(2089858483,b0f066a214c2f5e87bad3c948f4d605d)
Start importing Assets/ModAssets/Materials/Custom Materials/Basic Red.mat using Guid(6487fdefd669d4dbc91709a177cd4b93) Importer(2089858483,b0f066a214c2f5e87bad3c948f4d605d) (ScriptedImporter) -> (artifact id: 'af029d848b46ae6aa0d9eab6b4df576f') in 0.0509831 seconds
Number of updated asset objects reloaded before import = 0Number of asset objects unloaded after import = 1

========================================================================
Received Import Request.
  Time since last request: 0.000051 seconds.
  path: Assets/ModAssets/Materials/Custom Materials/Basic White.mat
  artifactKey: Guid(80aca137a2109463fb6c86f09a521374) Importer(2089858483,b0f066a214c2f5e87bad3c948f4d605d)
Start importing Assets/ModAssets/Materials/Custom Materials/Basic White.mat using Guid(80aca137a2109463fb6c86f09a521374) Importer(2089858483,b0f066a214c2f5e87bad3c948f4d605d) (ScriptedImporter) -> (artifact id: '04e69b6de8cc21110723047ffbe2a672') in 0.0474992 seconds
Number of updated asset objects reloaded before import = 0Number of asset objects unloaded after import = 1

========================================================================
Received Import Request.
  Time since last request: 0.000031 seconds.
  path: Assets/FPS/Art/Models/Mesh_ExplosionDisk.fbx
  artifactKey: Guid(0b19a2ad6ee6e8444919efa02deb1db2) Importer(2089858483,b0f066a214c2f5e87bad3c948f4d605d)
Start importing Assets/FPS/Art/Models/Mesh_ExplosionDisk.fbx using Guid(0b19a2ad6ee6e8444919efa02deb1db2) Importer(2089858483,b0f066a214c2f5e87bad3c948f4d605d) (ScriptedImporter) -> (artifact id: '3c14c06ca21b63d706e84c8ce70e9c78') in 0.0674061 seconds
Number of updated asset objects reloaded before import = 0Number of asset objects unloaded after import = 7

========================================================================
Received Import Request.
  Time since last request: 0.000052 seconds.
  path: Assets/ModAssets/Materials/Custom Materials/Neon Green.mat
  artifactKey: Guid(0030b1f081f074ea79e4c8398f97fc08) Importer(2089858483,b0f066a214c2f5e87bad3c948f4d605d)
Start importing Assets/ModAssets/Materials/Custom Materials/Neon Green.mat using Guid(0030b1f081f074ea79e4c8398f97fc08) Importer(2089858483,b0f066a214c2f5e87bad3c948f4d605d) (ScriptedImporter) -> (artifact id: 'f68e5f1b5cd6b463f7841a47e216fc70') in 0.1006989 seconds
Number of updated asset objects reloaded before import = 0Number of asset objects unloaded after import = 1

========================================================================
Received Import Request.
  Time since last request: 0.000084 seconds.
  path: Assets/ModAssets/Materials/Custom Materials/Glass Dark.mat
  artifactKey: Guid(73d3b987427b7456eb9fced2cf259a38) Importer(2089858483,b0f066a214c2f5e87bad3c948f4d605d)
Start importing Assets/ModAssets/Materials/Custom Materials/Glass Dark.mat using Guid(73d3b987427b7456eb9fced2cf259a38) Importer(2089858483,b0f066a214c2f5e87bad3c948f4d605d) (ScriptedImporter) -> (artifact id: '48c18ff53ca3cb46e9271df2aebec665') in 0.0431867 seconds
Number of updated asset objects reloaded before import = 0Number of asset objects unloaded after import = 1

========================================================================
Received Import Request.
  Time since last request: 0.000042 seconds.
  path: Assets/ModAssets/Materials/Custom Materials/Neon Glow.mat
  artifactKey: Guid(c70bc0190174a41759ea517f8d94ace1) Importer(2089858483,b0f066a214c2f5e87bad3c948f4d605d)
Start importing Assets/ModAssets/Materials/Custom Materials/Neon Glow.mat using Guid(c70bc0190174a41759ea517f8d94ace1) Importer(2089858483,b0f066a214c2f5e87bad3c948f4d605d) (ScriptedImporter) -> (artifact id: 'cd9cd134c45e30f7810738dee2b430db') in 0.0376416 seconds
Number of updated asset objects reloaded before import = 0Number of asset objects unloaded after import = 1

========================================================================
Received Import Request.
  Time since last request: 0.000045 seconds.
  path: Assets/ModAssets/Materials/HatMaterials/WizardHatMaterial.mat
  artifactKey: Guid(620d51c84c6b5432e8cad9adb5edfc64) Importer(2089858483,b0f066a214c2f5e87bad3c948f4d605d)
Start importing Assets/ModAssets/Materials/HatMaterials/WizardHatMaterial.mat using Guid(620d51c84c6b5432e8cad9adb5edfc64) Importer(2089858483,b0f066a214c2f5e87bad3c948f4d605d) (ScriptedImporter) -> (artifact id: '895a4d4913d644d1f764dad47edf2bbe') in 0.0412167 seconds
Number of updated asset objects reloaded before import = 0Number of asset objects unloaded after import = 1

========================================================================
Received Import Request.
  Time since last request: 0.000071 seconds.
  path: Assets/ModAssets/Materials/HatMaterials/GlassesMaterial.mat
  artifactKey: Guid(1acefd150eaed40838351a00d9ea7163) Importer(2089858483,b0f066a214c2f5e87bad3c948f4d605d)
Start importing Assets/ModAssets/Materials/HatMaterials/GlassesMaterial.mat using Guid(1acefd150eaed40838351a00d9ea7163) Importer(2089858483,b0f066a214c2f5e87bad3c948f4d605d) (ScriptedImporter) -> (artifact id: '1695e8c150ee3d198a2b9e0caed04c0d') in 0.0357711 seconds
Number of updated asset objects reloaded before import = 0Number of asset objects unloaded after import = 1

========================================================================
Received Import Request.
  Time since last request: 0.000091 seconds.
  path: Assets/ModAssets/Materials/HatMaterials/TopHatMaterial.mat
  artifactKey: Guid(3869da5c1b38e487aaa31c9021e4134f) Importer(2089858483,b0f066a214c2f5e87bad3c948f4d605d)
Start importing Assets/ModAssets/Materials/HatMaterials/TopHatMaterial.mat using Guid(3869da5c1b38e487aaa31c9021e4134f) Importer(2089858483,b0f066a214c2f5e87bad3c948f4d605d) (ScriptedImporter) -> (artifact id: 'dedb1d5d057d884301ab5ce36cfa76bc') in 0.0388578 seconds
Number of updated asset objects reloaded before import = 0Number of asset objects unloaded after import = 1

========================================================================
Received Import Request.
  Time since last request: 0.000057 seconds.
  path: Assets/ModAssets/Materials/TrailMaterials/RainbowTrailMaterial.mat
  artifactKey: Guid(711224fcf6d6c40faafe946b2f78b361) Importer(2089858483,b0f066a214c2f5e87bad3c948f4d605d)
Start importing Assets/ModAssets/Materials/TrailMaterials/RainbowTrailMaterial.mat using Guid(711224fcf6d6c40faafe946b2f78b361) Importer(2089858483,b0f066a214c2f5e87bad3c948f4d605d) (ScriptedImporter) -> (artifact id: '1012e2c6cb1d27c1eb0d1d9d859aa14c') in 0.0677609 seconds
Number of updated asset objects reloaded before import = 0Number of asset objects unloaded after import = 2

========================================================================
Received Import Request.
  Time since last request: 0.000101 seconds.
  path: Assets/ModAssets/Materials/TrailMaterials/FireTrailMaterial.mat
  artifactKey: Guid(1cdc620dc87bd45acbd2dfd2cc6560eb) Importer(2089858483,b0f066a214c2f5e87bad3c948f4d605d)
Start importing Assets/ModAssets/Materials/TrailMaterials/FireTrailMaterial.mat using Guid(1cdc620dc87bd45acbd2dfd2cc6560eb) Importer(2089858483,b0f066a214c2f5e87bad3c948f4d605d) (ScriptedImporter) -> (artifact id: 'f98df2f1f2c665c51b32d81535713a58') in 0.0353643 seconds
Number of updated asset objects reloaded before import = 0Number of asset objects unloaded after import = 1

========================================================================
Received Import Request.
  Time since last request: 0.000049 seconds.
  path: Assets/ModAssets/Materials/TrailMaterials/LaserTrailMaterial.mat
  artifactKey: Guid(496d4eb29afae4308be4e6a2069959b3) Importer(2089858483,b0f066a214c2f5e87bad3c948f4d605d)
Start importing Assets/ModAssets/Materials/TrailMaterials/LaserTrailMaterial.mat using Guid(496d4eb29afae4308be4e6a2069959b3) Importer(2089858483,b0f066a214c2f5e87bad3c948f4d605d) (ScriptedImporter) -> (artifact id: 'f3927d266f920630dbe62efe340984dc') in 0.0351909 seconds
Number of updated asset objects reloaded before import = 0Number of asset objects unloaded after import = 1

========================================================================
Received Import Request.
  Time since last request: 0.000037 seconds.
  path: Assets/ModAssets/Materials/HatMaterials/PartyHatMaterial.mat
  artifactKey: Guid(bdf0bf742eef44db49906f57d30ad905) Importer(2089858483,b0f066a214c2f5e87bad3c948f4d605d)
Start importing Assets/ModAssets/Materials/HatMaterials/PartyHatMaterial.mat using Guid(bdf0bf742eef44db49906f57d30ad905) Importer(2089858483,b0f066a214c2f5e87bad3c948f4d605d) (ScriptedImporter) -> (artifact id: '05e6cd5575403185efabf4764d6c79b7') in 0.0371206 seconds
Number of updated asset objects reloaded before import = 0Number of asset objects unloaded after import = 1

========================================================================
Received Import Request.
  Time since last request: 0.000079 seconds.
  path: Assets/ModAssets/Models/AncientProps/Pillar.fbx
  artifactKey: Guid(7c49e12debb73554780638b4c35f023d) Importer(2089858483,b0f066a214c2f5e87bad3c948f4d605d)
Start importing Assets/ModAssets/Models/AncientProps/Pillar.fbx using Guid(7c49e12debb73554780638b4c35f023d) Importer(2089858483,b0f066a214c2f5e87bad3c948f4d605d) (ScriptedImporter) -> (artifact id: 'b52bf71fe3b32bb5e0c9950d7c305a40') in 0.0543695 seconds
Number of updated asset objects reloaded before import = 0Number of asset objects unloaded after import = 8

========================================================================
Received Import Request.
  Time since last request: 0.000043 seconds.
  path: Assets/ModAssets/Materials/TrailMaterials/SubtleTrailMaterial.mat
  artifactKey: Guid(bb6ceb127383a4152a4041c9babd6912) Importer(2089858483,b0f066a214c2f5e87bad3c948f4d605d)
Start importing Assets/ModAssets/Materials/TrailMaterials/SubtleTrailMaterial.mat using Guid(bb6ceb127383a4152a4041c9babd6912) Importer(2089858483,b0f066a214c2f5e87bad3c948f4d605d) (ScriptedImporter) -> (artifact id: 'a80b9141eae5e6a8610a504d9fbece43') in 0.0402955 seconds
Number of updated asset objects reloaded before import = 0Number of asset objects unloaded after import = 1

========================================================================
Received Import Request.
  Time since last request: 0.000036 seconds.
  path: Assets/ModAssets/Models/AncientProps/MoaiHead.fbx
  artifactKey: Guid(3ce0ea2030a24458eb9e3ec8fbae0a88) Importer(2089858483,b0f066a214c2f5e87bad3c948f4d605d)
Start importing Assets/ModAssets/Models/AncientProps/MoaiHead.fbx using Guid(3ce0ea2030a24458eb9e3ec8fbae0a88) Importer(2089858483,b0f066a214c2f5e87bad3c948f4d605d) (ScriptedImporter) -> (artifact id: '97bc269a730b4e308352b5a647817b33') in 0.0579176 seconds
Number of updated asset objects reloaded before import = 0Number of asset objects unloaded after import = 8

========================================================================
Received Import Request.
  Time since last request: 0.000052 seconds.
  path: Assets/ModAssets/Models/FoodProps/GummyBear.fbx
  artifactKey: Guid(58ea00b8d25e246b4aabc659dc7b33c4) Importer(2089858483,b0f066a214c2f5e87bad3c948f4d605d)
Start importing Assets/ModAssets/Models/FoodProps/GummyBear.fbx using Guid(58ea00b8d25e246b4aabc659dc7b33c4) Importer(2089858483,b0f066a214c2f5e87bad3c948f4d605d) (ScriptedImporter) -> (artifact id: '9dbc77b5aa442987215d86b1134d12f6') in 0.05413 seconds
Number of updated asset objects reloaded before import = 0Number of asset objects unloaded after import = 13

========================================================================
Received Import Request.
  Time since last request: 0.000065 seconds.
  path: Assets/ModAssets/Models/FoodProps/Donut.fbx
  artifactKey: Guid(b121577100373491d839adcc51d30452) Importer(2089858483,b0f066a214c2f5e87bad3c948f4d605d)
Start importing Assets/ModAssets/Models/FoodProps/Donut.fbx using Guid(b121577100373491d839adcc51d30452) Importer(2089858483,b0f066a214c2f5e87bad3c948f4d605d) (ScriptedImporter) -> (artifact id: '8c9d8e014ddf5f1edb67aeaf2abec7ab') in 0.0631822 seconds
Number of updated asset objects reloaded before import = 0Number of asset objects unloaded after import = 15

========================================================================
Received Import Request.
  Time since last request: 0.000094 seconds.
  path: Assets/ModAssets/Models/BillboardMeshes/billboard_3D_tall.fbx
  artifactKey: Guid(ae9da133c804d4fd8b985969f814bfdc) Importer(2089858483,b0f066a214c2f5e87bad3c948f4d605d)
Start importing Assets/ModAssets/Models/BillboardMeshes/billboard_3D_tall.fbx using Guid(ae9da133c804d4fd8b985969f814bfdc) Importer(2089858483,b0f066a214c2f5e87bad3c948f4d605d) (ScriptedImporter) -> (artifact id: '5acf232dd62b08b9e231539cf8262a3d') in 0.0613675 seconds
Number of updated asset objects reloaded before import = 0Number of asset objects unloaded after import = 14

========================================================================
Received Import Request.
  Time since last request: 0.000132 seconds.
  path: Assets/ModAssets/Models/NatureProps/FallenTree.fbx
  artifactKey: Guid(eaf3edd0ef88ac84c970b62f673ed6b0) Importer(2089858483,b0f066a214c2f5e87bad3c948f4d605d)
Start importing Assets/ModAssets/Models/NatureProps/FallenTree.fbx using Guid(eaf3edd0ef88ac84c970b62f673ed6b0) Importer(2089858483,b0f066a214c2f5e87bad3c948f4d605d) (ScriptedImporter) -> (artifact id: '1edf56ae9a3a710f888e4fc5de305e9b') in 0.0505159 seconds
Number of updated asset objects reloaded before import = 0Number of asset objects unloaded after import = 8

========================================================================
Received Import Request.
  Time since last request: 0.000048 seconds.
  path: Assets/ModAssets/Models/HatMeshes/WizardHatMesh.fbx
  artifactKey: Guid(41fa7087e84034b719aeb52d1260a81b) Importer(2089858483,b0f066a214c2f5e87bad3c948f4d605d)
Start importing Assets/ModAssets/Models/HatMeshes/WizardHatMesh.fbx using Guid(41fa7087e84034b719aeb52d1260a81b) Importer(2089858483,b0f066a214c2f5e87bad3c948f4d605d) (ScriptedImporter) -> (artifact id: '324a89505c4f6dc83fe556df6a3d7586') in 0.0602945 seconds
Number of updated asset objects reloaded before import = 0Number of asset objects unloaded after import = 8

========================================================================
Received Import Request.
  Time since last request: 0.000117 seconds.
  path: Assets/ModAssets/Models/NatureProps/FirTree.fbx
  artifactKey: Guid(5fc0e3d37ec294384aaa0b18e537ff86) Importer(2089858483,b0f066a214c2f5e87bad3c948f4d605d)
Start importing Assets/ModAssets/Models/NatureProps/FirTree.fbx using Guid(5fc0e3d37ec294384aaa0b18e537ff86) Importer(2089858483,b0f066a214c2f5e87bad3c948f4d605d) (ScriptedImporter) -> (artifact id: '5b49df8dc2a869ca1df1067e32273ac0') in 0.0509881 seconds
Number of updated asset objects reloaded before import = 0Number of asset objects unloaded after import = 9

========================================================================
Received Import Request.
  Time since last request: 0.000050 seconds.
  path: Assets/ModAssets/Models/BillboardMeshes/billboard_3D_basic.fbx
  artifactKey: Guid(ad9c1e36fab414677bc655cab88a1b71) Importer(2089858483,b0f066a214c2f5e87bad3c948f4d605d)
Start importing Assets/ModAssets/Models/BillboardMeshes/billboard_3D_basic.fbx using Guid(ad9c1e36fab414677bc655cab88a1b71) Importer(2089858483,b0f066a214c2f5e87bad3c948f4d605d) (ScriptedImporter) -> (artifact id: '64762209f3f8e2d3f3b843fb506f8252') in 0.0784737 seconds
Number of updated asset objects reloaded before import = 0Number of asset objects unloaded after import = 12

========================================================================
Received Import Request.
  Time since last request: 0.000052 seconds.
  path: Assets/ModAssets/Models/NatureProps/PalmTree.fbx
  artifactKey: Guid(ae36130ee9b994114b35ece84c158fdc) Importer(2089858483,b0f066a214c2f5e87bad3c948f4d605d)
Start importing Assets/ModAssets/Models/NatureProps/PalmTree.fbx using Guid(ae36130ee9b994114b35ece84c158fdc) Importer(2089858483,b0f066a214c2f5e87bad3c948f4d605d) (ScriptedImporter) -> (artifact id: '53a4cd28a28bb0ccd2a7845f51b43c1a') in 0.0647918 seconds
Number of updated asset objects reloaded before import = 0Number of asset objects unloaded after import = 16

========================================================================
Received Import Request.
  Time since last request: 0.000038 seconds.
  path: Assets/ModAssets/Models/SpaceProps/Crystal.fbx
  artifactKey: Guid(6b2dfb46096eb400e8d5de95609e53b3) Importer(2089858483,b0f066a214c2f5e87bad3c948f4d605d)
Start importing Assets/ModAssets/Models/SpaceProps/Crystal.fbx using Guid(6b2dfb46096eb400e8d5de95609e53b3) Importer(2089858483,b0f066a214c2f5e87bad3c948f4d605d) (ScriptedImporter) -> (artifact id: '9f9a3315b1a04a6034a6d4cdd57dad80') in 0.0600536 seconds
Number of updated asset objects reloaded before import = 0Number of asset objects unloaded after import = 8

========================================================================
Received Import Request.
  Time since last request: 0.000051 seconds.
  path: Assets/ModAssets/Models/SpaceProps/Asteroid.fbx
  artifactKey: Guid(738cfb63efae84af7b2446470711e751) Importer(2089858483,b0f066a214c2f5e87bad3c948f4d605d)
Start importing Assets/ModAssets/Models/SpaceProps/Asteroid.fbx using Guid(738cfb63efae84af7b2446470711e751) Importer(2089858483,b0f066a214c2f5e87bad3c948f4d605d) (ScriptedImporter) -> (artifact id: '9c860210a447bfefa8573eb67d78ae97') in 0.0598665 seconds
Number of updated asset objects reloaded before import = 0Number of asset objects unloaded after import = 8

========================================================================
Received Import Request.
  Time since last request: 0.000032 seconds.
  path: Assets/ModAssets/Prefabs/BillboardPrefabs/BillboardBasic.prefab
  artifactKey: Guid(441945e8a4aa644b3ac6600c6712f79c) Importer(2089858483,b0f066a214c2f5e87bad3c948f4d605d)
Start importing Assets/ModAssets/Prefabs/BillboardPrefabs/BillboardBasic.prefab using Guid(441945e8a4aa644b3ac6600c6712f79c) Importer(2089858483,b0f066a214c2f5e87bad3c948f4d605d) (ScriptedImporter) -> (artifact id: '84aad37efea929df87369c2e03289c22') in 0.0658862 seconds
Number of updated asset objects reloaded before import = 0Number of asset objects unloaded after import = 70

========================================================================
Received Import Request.
  Time since last request: 0.000037 seconds.
  path: Assets/ModAssets/Models/Totems/Mesh_Statue_Wall.fbx
  artifactKey: Guid(2f7d530ec3a891f44a0ee8e124d8d841) Importer(2089858483,b0f066a214c2f5e87bad3c948f4d605d)
Start importing Assets/ModAssets/Models/Totems/Mesh_Statue_Wall.fbx using Guid(2f7d530ec3a891f44a0ee8e124d8d841) Importer(2089858483,b0f066a214c2f5e87bad3c948f4d605d) (ScriptedImporter) -> (artifact id: 'fd0004cbd4ef5a55af9679b8958d84ab') in 0.0465259 seconds
Number of updated asset objects reloaded before import = 0Number of asset objects unloaded after import = 7

========================================================================
Received Import Request.
  Time since last request: 0.000061 seconds.
  path: Assets/ModAssets/Models/Weapons/Mesh_Weapon_2.fbx
  artifactKey: Guid(316b9a4e4c2b0aa4db7f626da3f6774b) Importer(2089858483,b0f066a214c2f5e87bad3c948f4d605d)
Start importing Assets/ModAssets/Models/Weapons/Mesh_Weapon_2.fbx using Guid(316b9a4e4c2b0aa4db7f626da3f6774b) Importer(2089858483,b0f066a214c2f5e87bad3c948f4d605d) (ScriptedImporter) -> (artifact id: '56414336945b0d91eb84848320db1cbe') in 0.0731974 seconds
Number of updated asset objects reloaded before import = 0Number of asset objects unloaded after import = 7

========================================================================
Received Import Request.
  Time since last request: 0.000047 seconds.
  path: Assets/ModAssets/Prefabs/Hat Prefabs/PartyHat.prefab
  artifactKey: Guid(332a6a14085b74fdd9c8f81357a61185) Importer(2089858483,b0f066a214c2f5e87bad3c948f4d605d)
Start importing Assets/ModAssets/Prefabs/Hat Prefabs/PartyHat.prefab using Guid(332a6a14085b74fdd9c8f81357a61185) Importer(2089858483,b0f066a214c2f5e87bad3c948f4d605d) (ScriptedImporter) -> (artifact id: '2ef0c8f5c11abfa87327844724f56458') in 0.0588892 seconds
Number of updated asset objects reloaded before import = 0Number of asset objects unloaded after import = 14

========================================================================
Received Import Request.
  Time since last request: 0.000054 seconds.
  path: Assets/ModAssets/Prefabs/Hat Prefabs/TopHat.prefab
  artifactKey: Guid(774a4248793f3461bb91a4fe8170cdd7) Importer(2089858483,b0f066a214c2f5e87bad3c948f4d605d)
Start importing Assets/ModAssets/Prefabs/Hat Prefabs/TopHat.prefab using Guid(774a4248793f3461bb91a4fe8170cdd7) Importer(2089858483,b0f066a214c2f5e87bad3c948f4d605d) (ScriptedImporter) -> (artifact id: '848b40d2488955533d5931ad6cf88105') in 0.0566444 seconds
Number of updated asset objects reloaded before import = 0Number of asset objects unloaded after import = 12

========================================================================
Received Import Request.
  Time since last request: 0.000071 seconds.
  path: Assets/ModAssets/Prefabs/BillboardPrefabs/BillboardWide.prefab
  artifactKey: Guid(87a6cea72ce7247a2814467dab442418) Importer(2089858483,b0f066a214c2f5e87bad3c948f4d605d)
Start importing Assets/ModAssets/Prefabs/BillboardPrefabs/BillboardWide.prefab using Guid(87a6cea72ce7247a2814467dab442418) Importer(2089858483,b0f066a214c2f5e87bad3c948f4d605d) (ScriptedImporter) -> (artifact id: '00a69da69312e03ededee4a05d162c8d') in 0.060905 seconds
Number of updated asset objects reloaded before import = 0Number of asset objects unloaded after import = 26

========================================================================
Received Import Request.
  Time since last request: 0.000040 seconds.
  path: Assets/FPS/Scripts/Game/IgnoreHitDetection.cs
  artifactKey: Guid(7579dbb2d10d4b34bbe05adb3f8014cb) Importer(2089858483,b0f066a214c2f5e87bad3c948f4d605d)
Start importing Assets/FPS/Scripts/Game/IgnoreHitDetection.cs using Guid(7579dbb2d10d4b34bbe05adb3f8014cb) Importer(2089858483,b0f066a214c2f5e87bad3c948f4d605d) (ScriptedImporter) -> (artifact id: '30e59f80c45ccc0998b51214573beb4d') in 0.0314364 seconds
Number of updated asset objects reloaded before import = 0Number of asset objects unloaded after import = 0

========================================================================
Received Import Request.
  Time since last request: 0.000045 seconds.
  path: Assets/ModAssets/Prefabs/Trail Prefabs/LaserTrail.prefab
  artifactKey: Guid(c6e20ffe6d2b946fb9896031aa048f90) Importer(2089858483,b0f066a214c2f5e87bad3c948f4d605d)
Start importing Assets/ModAssets/Prefabs/Trail Prefabs/LaserTrail.prefab using Guid(c6e20ffe6d2b946fb9896031aa048f90) Importer(2089858483,b0f066a214c2f5e87bad3c948f4d605d) (ScriptedImporter) -> (artifact id: '120309f6f826f3094efe629cd09e7e66') in 0.1058495 seconds
Number of updated asset objects reloaded before import = 0Number of asset objects unloaded after import = 5

========================================================================
Received Import Request.
  Time since last request: 0.000059 seconds.
  path: Assets/ModAssets/Prefabs/Trail Prefabs/RainbowTrail.prefab
  artifactKey: Guid(d3ccf67055b3341468030d0fffd8d16f) Importer(2089858483,b0f066a214c2f5e87bad3c948f4d605d)
Start importing Assets/ModAssets/Prefabs/Trail Prefabs/RainbowTrail.prefab using Guid(d3ccf67055b3341468030d0fffd8d16f) Importer(2089858483,b0f066a214c2f5e87bad3c948f4d605d) (ScriptedImporter) -> (artifact id: 'b9649f4a8f3861e230edf61808c22a8d') in 0.0627733 seconds
Number of updated asset objects reloaded before import = 0Number of asset objects unloaded after import = 7

========================================================================
Received Import Request.
  Time since last request: 0.000037 seconds.
  path: Assets/TextMesh Pro/Resources/Fonts & Materials/LiberationSans SDF - Outline.mat
  artifactKey: Guid(79459efec17a4d00a321bdcc27bbc385) Importer(2089858483,b0f066a214c2f5e87bad3c948f4d605d)
Start importing Assets/TextMesh Pro/Resources/Fonts & Materials/LiberationSans SDF - Outline.mat using Guid(79459efec17a4d00a321bdcc27bbc385) Importer(2089858483,b0f066a214c2f5e87bad3c948f4d605d) (ScriptedImporter) -> (artifact id: 'c0d5676509cb2b79362ae0065eba626a') in 0.0619984 seconds
Number of updated asset objects reloaded before import = 0Number of asset objects unloaded after import = 3

========================================================================
Received Import Request.
  Time since last request: 0.000123 seconds.
  path: Assets/TextMesh Pro/Resources/Fonts & Materials/LiberationSans SDF.asset
  artifactKey: Guid(8f586378b4e144a9851e7b34d9b748ee) Importer(2089858483,b0f066a214c2f5e87bad3c948f4d605d)
Start importing Assets/TextMesh Pro/Resources/Fonts & Materials/LiberationSans SDF.asset using Guid(8f586378b4e144a9851e7b34d9b748ee) Importer(2089858483,b0f066a214c2f5e87bad3c948f4d605d) (ScriptedImporter) -> (artifact id: '6b109c071f6c49de0e203ec8233a557e') in 0.1049861 seconds
Number of updated asset objects reloaded before import = 0Number of asset objects unloaded after import = 9

========================================================================
Received Import Request.
  Time since last request: 0.000053 seconds.
  path: Assets/TextMesh Pro/Resources/Sprite Assets/EmojiOne.asset
  artifactKey: Guid(c41005c129ba4d66911b75229fd70b45) Importer(2089858483,b0f066a214c2f5e87bad3c948f4d605d)
Start importing Assets/TextMesh Pro/Resources/Sprite Assets/EmojiOne.asset using Guid(c41005c129ba4d66911b75229fd70b45) Importer(2089858483,b0f066a214c2f5e87bad3c948f4d605d) (ScriptedImporter) -> (artifact id: '225f6fb98121cb58db43b1d2b0cce265') in 0.0712175 seconds
Number of updated asset objects reloaded before import = 0Number of asset objects unloaded after import = 3

========================================================================
Received Import Request.
  Time since last request: 0.000048 seconds.
  path: Assets/FPS/Art/Materials/Enemies/HoverBot_Body.mat
  artifactKey: Guid(c3dc5a90c49c99142999f85d6b419d80) Importer(2089858483,b0f066a214c2f5e87bad3c948f4d605d)
Start importing Assets/FPS/Art/Materials/Enemies/HoverBot_Body.mat using Guid(c3dc5a90c49c99142999f85d6b419d80) Importer(2089858483,b0f066a214c2f5e87bad3c948f4d605d) (ScriptedImporter) -> (artifact id: 'a6d17b71c4506b7022108b83bf67a0b0') in 0.0431551 seconds
Number of updated asset objects reloaded before import = 0Number of asset objects unloaded after import = 4

========================================================================
Received Import Request.
  Time since last request: 0.000050 seconds.
  path: Assets/FPS/Art/Materials/Enemies/Turret_Eye.mat
  artifactKey: Guid(778fbfe9a7e4a96418b9312dbfc4d67c) Importer(2089858483,b0f066a214c2f5e87bad3c948f4d605d)
Start importing Assets/FPS/Art/Materials/Enemies/Turret_Eye.mat using Guid(778fbfe9a7e4a96418b9312dbfc4d67c) Importer(2089858483,b0f066a214c2f5e87bad3c948f4d605d) (ScriptedImporter) -> (artifact id: 'a68a33afaeacec59a5810d8da74c68df') in 0.0655988 seconds
Number of updated asset objects reloaded before import = 0Number of asset objects unloaded after import = 2

========================================================================
Received Import Request.
  Time since last request: 0.000073 seconds.
  path: Assets/FPS/Art/Materials/Enemies/HoverBot_Glass.mat
  artifactKey: Guid(e203bd207390a174692e7fe5d381d0aa) Importer(2089858483,b0f066a214c2f5e87bad3c948f4d605d)
Start importing Assets/FPS/Art/Materials/Enemies/HoverBot_Glass.mat using Guid(e203bd207390a174692e7fe5d381d0aa) Importer(2089858483,b0f066a214c2f5e87bad3c948f4d605d) (ScriptedImporter) -> (artifact id: 'dae873b839d51fb23bbfd747b336de10') in 0.039074 seconds
Number of updated asset objects reloaded before import = 0Number of asset objects unloaded after import = 3

========================================================================
Received Import Request.
  Time since last request: 0.000053 seconds.
  path: Assets/FPS/Art/Materials/Enemies/Turret_Body.mat
  artifactKey: Guid(bc52f7878b77b454787353158253aa1a) Importer(2089858483,b0f066a214c2f5e87bad3c948f4d605d)
Start importing Assets/FPS/Art/Materials/Enemies/Turret_Body.mat using Guid(bc52f7878b77b454787353158253aa1a) Importer(2089858483,b0f066a214c2f5e87bad3c948f4d605d) (ScriptedImporter) -> (artifact id: 'e1ad7cf1aecbf3f9aba7c5d445026bf1') in 0.1151581 seconds
Number of updated asset objects reloaded before import = 0Number of asset objects unloaded after import = 4

========================================================================
Received Import Request.
  Time since last request: 0.000040 seconds.
  path: Assets/FPS/Art/Materials/Level/Floor_Grey_Transparent.mat
  artifactKey: Guid(a8a1aa4818fa7e945b782b5b93f3c3f5) Importer(2089858483,b0f066a214c2f5e87bad3c948f4d605d)
Start importing Assets/FPS/Art/Materials/Level/Floor_Grey_Transparent.mat using Guid(a8a1aa4818fa7e945b782b5b93f3c3f5) Importer(2089858483,b0f066a214c2f5e87bad3c948f4d605d) (ScriptedImporter) -> (artifact id: '5a695583c3476791f900f2fc5a534349') in 0.0427013 seconds
Number of updated asset objects reloaded before import = 0Number of asset objects unloaded after import = 1

========================================================================
Received Import Request.
  Time since last request: 0.000046 seconds.
  path: Assets/FPS/Art/Materials/Enemies/Turret_Glass.mat
  artifactKey: Guid(b4ed14065adcea64a970450dc529bdef) Importer(2089858483,b0f066a214c2f5e87bad3c948f4d605d)
Start importing Assets/FPS/Art/Materials/Enemies/Turret_Glass.mat using Guid(b4ed14065adcea64a970450dc529bdef) Importer(2089858483,b0f066a214c2f5e87bad3c948f4d605d) (ScriptedImporter) -> (artifact id: '0d6e9444db8f3718f3b3518d5651f148') in 0.0729321 seconds
Number of updated asset objects reloaded before import = 0Number of asset objects unloaded after import = 2

========================================================================
Received Import Request.
  Time since last request: 0.000040 seconds.
  path: Assets/FPS/Art/Materials/Level/Sign_Green_Transparent.mat
  artifactKey: Guid(a8f80855e983a7e4290e228f45185f94) Importer(2089858483,b0f066a214c2f5e87bad3c948f4d605d)
Start importing Assets/FPS/Art/Materials/Level/Sign_Green_Transparent.mat using Guid(a8f80855e983a7e4290e228f45185f94) Importer(2089858483,b0f066a214c2f5e87bad3c948f4d605d) (ScriptedImporter) -> (artifact id: 'ebec1eeeffd4ece41ae8054f637b4bb8') in 0.0410651 seconds
Number of updated asset objects reloaded before import = 0Number of asset objects unloaded after import = 1

========================================================================
Received Import Request.
  Time since last request: 0.000041 seconds.
  path: Assets/FPS/Art/Materials/VFX/DiskExplosion.mat
  artifactKey: Guid(133346923945d9f4db816ec7db12fd03) Importer(2089858483,b0f066a214c2f5e87bad3c948f4d605d)
Start importing Assets/FPS/Art/Materials/VFX/DiskExplosion.mat using Guid(133346923945d9f4db816ec7db12fd03) Importer(2089858483,b0f066a214c2f5e87bad3c948f4d605d) (ScriptedImporter) -> (artifact id: '07626a7a05aebaa34d00415d5966daad') in 0.0531822 seconds
Number of updated asset objects reloaded before import = 0Number of asset objects unloaded after import = 2

========================================================================
Received Import Request.
  Time since last request: 0.000047 seconds.
  path: Assets/FPS/Art/Materials/Level/Wall_DarkGrey.mat
  artifactKey: Guid(1bb33c0d66db8ec4eb0dfefecc4c690f) Importer(2089858483,b0f066a214c2f5e87bad3c948f4d605d)
Start importing Assets/FPS/Art/Materials/Level/Wall_DarkGrey.mat using Guid(1bb33c0d66db8ec4eb0dfefecc4c690f) Importer(2089858483,b0f066a214c2f5e87bad3c948f4d605d) (ScriptedImporter) -> (artifact id: '6eb6748625e7b489f0932f049e18358a') in 0.0420304 seconds
Number of updated asset objects reloaded before import = 0Number of asset objects unloaded after import = 1

========================================================================
Received Import Request.
  Time since last request: 0.000029 seconds.
  path: Assets/FPS/Art/Materials/Props/Jetpack.mat
  artifactKey: Guid(2163f1532b18af3478e39475952f1ae7) Importer(2089858483,b0f066a214c2f5e87bad3c948f4d605d)
Start importing Assets/FPS/Art/Materials/Props/Jetpack.mat using Guid(2163f1532b18af3478e39475952f1ae7) Importer(2089858483,b0f066a214c2f5e87bad3c948f4d605d) (ScriptedImporter) -> (artifact id: '4fb27028b1bb78843adabdbe953c6707') in 0.1660274 seconds
Number of updated asset objects reloaded before import = 0Number of asset objects unloaded after import = 5

========================================================================
Received Import Request.
  Time since last request: 0.000046 seconds.
  path: Assets/FPS/Art/Materials/VFX/GunCylinders_Trail.mat
  artifactKey: Guid(eaddd324196a6784498ed43296062edf) Importer(2089858483,b0f066a214c2f5e87bad3c948f4d605d)
Start importing Assets/FPS/Art/Materials/VFX/GunCylinders_Trail.mat using Guid(eaddd324196a6784498ed43296062edf) Importer(2089858483,b0f066a214c2f5e87bad3c948f4d605d) (ScriptedImporter) -> (artifact id: '3b1b832a04042a94581982535cc6036f') in 0.0374716 seconds
Number of updated asset objects reloaded before import = 0Number of asset objects unloaded after import = 1

========================================================================
Received Import Request.
  Time since last request: 0.000085 seconds.
  path: Assets/FPS/Art/Materials/VFX/Dust.mat
  artifactKey: Guid(2d3fb4655ab03304eb074bfde7c94c42) Importer(2089858483,b0f066a214c2f5e87bad3c948f4d605d)
Start importing Assets/FPS/Art/Materials/VFX/Dust.mat using Guid(2d3fb4655ab03304eb074bfde7c94c42) Importer(2089858483,b0f066a214c2f5e87bad3c948f4d605d) (ScriptedImporter) -> (artifact id: '7234dd7c16801908d8bcc9b930ad455b') in 0.0343235 seconds
Number of updated asset objects reloaded before import = 0Number of asset objects unloaded after import = 1

========================================================================
Received Import Request.
  Time since last request: 0.000049 seconds.
  path: Assets/FPS/Art/Materials/VFX/GunCylinders.mat
  artifactKey: Guid(170a8a9edf248d642990ead8020b8f0c) Importer(2089858483,b0f066a214c2f5e87bad3c948f4d605d)
Start importing Assets/FPS/Art/Materials/VFX/GunCylinders.mat using Guid(170a8a9edf248d642990ead8020b8f0c) Importer(2089858483,b0f066a214c2f5e87bad3c948f4d605d) (ScriptedImporter) -> (artifact id: '3fab0529eb17dcdf8da3d43a00c6c1ca') in 0.062566 seconds
Number of updated asset objects reloaded before import = 0Number of asset objects unloaded after import = 2

========================================================================
Received Import Request.
  Time since last request: 0.000050 seconds.
  path: Assets/FPS/Scripts/Game/MeshCombiner.cs
  artifactKey: Guid(eec9f03de17857a48ac47c6ae8577551) Importer(2089858483,b0f066a214c2f5e87bad3c948f4d605d)
Start importing Assets/FPS/Scripts/Game/MeshCombiner.cs using Guid(eec9f03de17857a48ac47c6ae8577551) Importer(2089858483,b0f066a214c2f5e87bad3c948f4d605d) (ScriptedImporter) -> (artifact id: '21b99b9bbb91527760daa2b982e981a7') in 0.0367142 seconds
Number of updated asset objects reloaded before import = 0Number of asset objects unloaded after import = 0

========================================================================
Received Import Request.
  Time since last request: 0.000061 seconds.
  path: Assets/FPS/Art/Materials/VFX/ImpactFlare.mat
  artifactKey: Guid(5e98ae3eabd1549449a0ae4409a21eff) Importer(2089858483,b0f066a214c2f5e87bad3c948f4d605d)
Start importing Assets/FPS/Art/Materials/VFX/ImpactFlare.mat using Guid(5e98ae3eabd1549449a0ae4409a21eff) Importer(2089858483,b0f066a214c2f5e87bad3c948f4d605d) (ScriptedImporter) -> (artifact id: '2a117a783ba302505a84451e180ff9c0') in 0.0364749 seconds
Number of updated asset objects reloaded before import = 0Number of asset objects unloaded after import = 2

========================================================================
Received Import Request.
  Time since last request: 0.000041 seconds.
  path: Assets/FPS/Art/Materials/VFX/Lazer_Green.mat
  artifactKey: Guid(b4f29d2b8d27495478384372a6e55304) Importer(2089858483,b0f066a214c2f5e87bad3c948f4d605d)
Start importing Assets/FPS/Art/Materials/VFX/Lazer_Green.mat using Guid(b4f29d2b8d27495478384372a6e55304) Importer(2089858483,b0f066a214c2f5e87bad3c948f4d605d) (ScriptedImporter) -> (artifact id: 'bf68efc371d4ae11af3ba632f5f22d3e') in 0.0428834 seconds
Number of updated asset objects reloaded before import = 0Number of asset objects unloaded after import = 1

========================================================================
Received Import Request.
  Time since last request: 0.000043 seconds.
  path: Assets/FPS/Art/Materials/VFX/Lazer_Blue.mat
  artifactKey: Guid(a7baa8fdcb831b44d87d70b1e6941b39) Importer(2089858483,b0f066a214c2f5e87bad3c948f4d605d)
Start importing Assets/FPS/Art/Materials/VFX/Lazer_Blue.mat using Guid(a7baa8fdcb831b44d87d70b1e6941b39) Importer(2089858483,b0f066a214c2f5e87bad3c948f4d605d) (ScriptedImporter) -> (artifact id: 'e9639bf58a62a8071bea12ed8552822d') in 0.0459427 seconds
Number of updated asset objects reloaded before import = 0Number of asset objects unloaded after import = 1

========================================================================
Received Import Request.
  Time since last request: 0.000046 seconds.
  path: Assets/FPS/Art/Materials/VFX/Projectile_green.mat
  artifactKey: Guid(e4d0ea9642095ef4cb76e9b3c9f91eef) Importer(2089858483,b0f066a214c2f5e87bad3c948f4d605d)
Start importing Assets/FPS/Art/Materials/VFX/Projectile_green.mat using Guid(e4d0ea9642095ef4cb76e9b3c9f91eef) Importer(2089858483,b0f066a214c2f5e87bad3c948f4d605d) (ScriptedImporter) -> (artifact id: '8ce766c1ec4ce445198313cb9be9976e') in 0.0711887 seconds
Number of updated asset objects reloaded before import = 0Number of asset objects unloaded after import = 2

========================================================================
Received Import Request.
  Time since last request: 0.000035 seconds.
  path: Assets/FPS/Art/Materials/VFX/PickupSparkles.mat
  artifactKey: Guid(bd15f58914d13654ea82dac46526077b) Importer(2089858483,b0f066a214c2f5e87bad3c948f4d605d)
Start importing Assets/FPS/Art/Materials/VFX/PickupSparkles.mat using Guid(bd15f58914d13654ea82dac46526077b) Importer(2089858483,b0f066a214c2f5e87bad3c948f4d605d) (ScriptedImporter) -> (artifact id: 'd42eb9e9d805e484f3cb42096fa12c31') in 0.0419582 seconds
Number of updated asset objects reloaded before import = 0Number of asset objects unloaded after import = 2

========================================================================
Received Import Request.
  Time since last request: 0.000044 seconds.
  path: Assets/FPS/Art/Materials/VFX/M_HealthPickup.mat
  artifactKey: Guid(42997a46d4ce7ac48a673a5ae3d8ae68) Importer(2089858483,b0f066a214c2f5e87bad3c948f4d605d)
Start importing Assets/FPS/Art/Materials/VFX/M_HealthPickup.mat using Guid(42997a46d4ce7ac48a673a5ae3d8ae68) Importer(2089858483,b0f066a214c2f5e87bad3c948f4d605d) (ScriptedImporter) -> (artifact id: 'f8d3f383faa7ef36be8c2742e240426c') in 0.1406664 seconds
Number of updated asset objects reloaded before import = 0Number of asset objects unloaded after import = 5

========================================================================
Received Import Request.
  Time since last request: 0.000062 seconds.
  path: Assets/FPS/Art/Materials/VFX/Sun.mat
  artifactKey: Guid(8da422a2fd1750842899fc4b5d7f9161) Importer(2089858483,b0f066a214c2f5e87bad3c948f4d605d)
Start importing Assets/FPS/Art/Materials/VFX/Sun.mat using Guid(8da422a2fd1750842899fc4b5d7f9161) Importer(2089858483,b0f066a214c2f5e87bad3c948f4d605d) (ScriptedImporter) -> (artifact id: 'd9024339528360044a14e67dcb7e3776') in 0.0337715 seconds
Number of updated asset objects reloaded before import = 0Number of asset objects unloaded after import = 1

========================================================================
Received Import Request.
  Time since last request: 0.000071 seconds.
  path: Assets/FPS/Art/Materials/VFX/Projectile_red.mat
  artifactKey: Guid(fe10a01f7f670b144936b99b7a5a468f) Importer(2089858483,b0f066a214c2f5e87bad3c948f4d605d)
Start importing Assets/FPS/Art/Materials/VFX/Projectile_red.mat using Guid(fe10a01f7f670b144936b99b7a5a468f) Importer(2089858483,b0f066a214c2f5e87bad3c948f4d605d) (ScriptedImporter) -> (artifact id: '1f72d18d841408f16ac5826dc5d13d06') in 0.0331883 seconds
Number of updated asset objects reloaded before import = 0Number of asset objects unloaded after import = 2

========================================================================
Received Import Request.
  Time since last request: 0.000039 seconds.
  path: Assets/FPS/Art/Materials/VFX/SmokeOverheat.mat
  artifactKey: Guid(c0c800bf948180345ad0ef9380a6851f) Importer(2089858483,b0f066a214c2f5e87bad3c948f4d605d)
Start importing Assets/FPS/Art/Materials/VFX/SmokeOverheat.mat using Guid(c0c800bf948180345ad0ef9380a6851f) Importer(2089858483,b0f066a214c2f5e87bad3c948f4d605d) (ScriptedImporter) -> (artifact id: '1b21f07e203bb303c4535dc8a64b2b5c') in 0.0596589 seconds
Number of updated asset objects reloaded before import = 0Number of asset objects unloaded after import = 2

========================================================================
Received Import Request.
  Time since last request: 0.000129 seconds.
  path: Assets/FPS/Art/Materials/VFX/SmokeAngry.mat
  artifactKey: Guid(c652749532525cf40a10b2c90cd662c4) Importer(2089858483,b0f066a214c2f5e87bad3c948f4d605d)
Start importing Assets/FPS/Art/Materials/VFX/SmokeAngry.mat using Guid(c652749532525cf40a10b2c90cd662c4) Importer(2089858483,b0f066a214c2f5e87bad3c948f4d605d) (ScriptedImporter) -> (artifact id: '3e161b22a7478cd8d76d8b7b8a41173c') in 0.1032852 seconds
Number of updated asset objects reloaded before import = 0Number of asset objects unloaded after import = 4

========================================================================
Received Import Request.
  Time since last request: 0.000043 seconds.
  path: Assets/FPS/Art/Materials/Weapons/WeaponPistol_Transparent.mat
  artifactKey: Guid(ad562f26d8dd3e34d9fd70367f5d6f14) Importer(2089858483,b0f066a214c2f5e87bad3c948f4d605d)
Start importing Assets/FPS/Art/Materials/Weapons/WeaponPistol_Transparent.mat using Guid(ad562f26d8dd3e34d9fd70367f5d6f14) Importer(2089858483,b0f066a214c2f5e87bad3c948f4d605d) (ScriptedImporter) -> (artifact id: '5fa346862d7ac78a41e5bbf052944874') in 0.1515197 seconds
Number of updated asset objects reloaded before import = 0Number of asset objects unloaded after import = 6

========================================================================
Received Import Request.
  Time since last request: 0.000061 seconds.
  path: Assets/FPS/Art/Materials/Weapons/WeaponPistol.mat
  artifactKey: Guid(0c55f53a7bb3c354ababeb18b89c2fce) Importer(2089858483,b0f066a214c2f5e87bad3c948f4d605d)
Start importing Assets/FPS/Art/Materials/Weapons/WeaponPistol.mat using Guid(0c55f53a7bb3c354ababeb18b89c2fce) Importer(2089858483,b0f066a214c2f5e87bad3c948f4d605d) (ScriptedImporter) -> (artifact id: '2ac70fa747acc35eece5b6e376f26484') in 0.0433585 seconds
Number of updated asset objects reloaded before import = 0Number of asset objects unloaded after import = 6

========================================================================
Received Import Request.
  Time since last request: 0.000049 seconds.
  path: Assets/FPS/Art/Materials/Weapons/WeaponBlaster.mat
  artifactKey: Guid(378d0d996297d3146b8a2ec85e9065ab) Importer(2089858483,b0f066a214c2f5e87bad3c948f4d605d)
Start importing Assets/FPS/Art/Materials/Weapons/WeaponBlaster.mat using Guid(378d0d996297d3146b8a2ec85e9065ab) Importer(2089858483,b0f066a214c2f5e87bad3c948f4d605d) (ScriptedImporter) -> (artifact id: '8972e41ab5612a787c81c317d0eca120') in 0.0332425 seconds
Number of updated asset objects reloaded before import = 0Number of asset objects unloaded after import = 1

========================================================================
Received Import Request.
  Time since last request: 0.000049 seconds.
  path: Assets/FPS/Art/Textures/Backgrounds/Unity_skyboxBG02.png
  artifactKey: Guid(91c91768bbde1d24da879a8907f0edd5) Importer(2089858483,b0f066a214c2f5e87bad3c948f4d605d)
Start importing Assets/FPS/Art/Textures/Backgrounds/Unity_skyboxBG02.png using Guid(91c91768bbde1d24da879a8907f0edd5) Importer(2089858483,b0f066a214c2f5e87bad3c948f4d605d) (ScriptedImporter) -> (artifact id: '1a01d7521b6c97cbe1eede34efd76e5e') in 0.0794742 seconds
Number of updated asset objects reloaded before import = 0Number of asset objects unloaded after import = 3

========================================================================
Received Import Request.
  Time since last request: 0.000047 seconds.
  path: Assets/FPS/Art/Materials/Weapons/WeaponShotgun_Transparent.mat
  artifactKey: Guid(4427ba4d0feb17e499226c8bdccb35a5) Importer(2089858483,b0f066a214c2f5e87bad3c948f4d605d)
Start importing Assets/FPS/Art/Materials/Weapons/WeaponShotgun_Transparent.mat using Guid(4427ba4d0feb17e499226c8bdccb35a5) Importer(2089858483,b0f066a214c2f5e87bad3c948f4d605d) (ScriptedImporter) -> (artifact id: 'e669b4b2df062eae2d6522711a4e07a0') in 0.0517726 seconds
Number of updated asset objects reloaded before import = 0Number of asset objects unloaded after import = 6

========================================================================
Received Import Request.
  Time since last request: 0.000035 seconds.
  path: Assets/FPS/Art/Textures/Backgrounds/Unity_skyboxBG01.png
  artifactKey: Guid(703ee319755f5a54db307a6a3aa88b73) Importer(2089858483,b0f066a214c2f5e87bad3c948f4d605d)
Start importing Assets/FPS/Art/Textures/Backgrounds/Unity_skyboxBG01.png using Guid(703ee319755f5a54db307a6a3aa88b73) Importer(2089858483,b0f066a214c2f5e87bad3c948f4d605d) (ScriptedImporter) -> (artifact id: '2f5290f6cb0cc6fd8dd8e662e0a5da46') in 0.0769823 seconds
Number of updated asset objects reloaded before import = 0Number of asset objects unloaded after import = 3

========================================================================
Received Import Request.
  Time since last request: 0.000043 seconds.
  path: Assets/FPS/Art/Textures/Characters/HoverBot_Light__Emission.png
  artifactKey: Guid(3b45b0c0452495e44888d3307bdc92b7) Importer(2089858483,b0f066a214c2f5e87bad3c948f4d605d)
Start importing Assets/FPS/Art/Textures/Characters/HoverBot_Light__Emission.png using Guid(3b45b0c0452495e44888d3307bdc92b7) Importer(2089858483,b0f066a214c2f5e87bad3c948f4d605d) (ScriptedImporter) -> (artifact id: 'b050e47f406c1f8bc68c1da9ef716a31') in 0.0568144 seconds
Number of updated asset objects reloaded before import = 0Number of asset objects unloaded after import = 1

========================================================================
Received Import Request.
  Time since last request: 0.000051 seconds.
  path: Assets/FPS/Art/Textures/Characters/Turret_Body_Albedo.png
  artifactKey: Guid(2b69f8e6922e5dd44a04ac9b12005af7) Importer(2089858483,b0f066a214c2f5e87bad3c948f4d605d)
Start importing Assets/FPS/Art/Textures/Characters/Turret_Body_Albedo.png using Guid(2b69f8e6922e5dd44a04ac9b12005af7) Importer(2089858483,b0f066a214c2f5e87bad3c948f4d605d) (ScriptedImporter) -> (artifact id: '706362c243e5b56c734a97c02a13d13e') in 0.0496589 seconds
Number of updated asset objects reloaded before import = 0Number of asset objects unloaded after import = 1

========================================================================
Received Import Request.
  Time since last request: 0.000031 seconds.
  path: Assets/FPS/Art/Textures/Characters/HoverBot_Glass_Albedo.png
  artifactKey: Guid(656663e666410fd4fa5e9da4470a11e5) Importer(2089858483,b0f066a214c2f5e87bad3c948f4d605d)
Start importing Assets/FPS/Art/Textures/Characters/HoverBot_Glass_Albedo.png using Guid(656663e666410fd4fa5e9da4470a11e5) Importer(2089858483,b0f066a214c2f5e87bad3c948f4d605d) (ScriptedImporter) -> (artifact id: 'b9858a4f9fb36ca11504c9ec54bd2dc8') in 0.0552547 seconds
Number of updated asset objects reloaded before import = 0Number of asset objects unloaded after import = 1

========================================================================
Received Import Request.
  Time since last request: 0.000042 seconds.
  path: Assets/FPS/Art/Textures/Characters/Turret_Body_MetallicSmooth.png
  artifactKey: Guid(bc34b669148a64648bc66d09fc08dd97) Importer(2089858483,b0f066a214c2f5e87bad3c948f4d605d)
Start importing Assets/FPS/Art/Textures/Characters/Turret_Body_MetallicSmooth.png using Guid(bc34b669148a64648bc66d09fc08dd97) Importer(2089858483,b0f066a214c2f5e87bad3c948f4d605d) (ScriptedImporter) -> (artifact id: '032f483fa00e959085e7f863c87db9e7') in 0.0470483 seconds
Number of updated asset objects reloaded before import = 0Number of asset objects unloaded after import = 1

========================================================================
Received Import Request.
  Time since last request: 0.000066 seconds.
  path: Assets/FPS/Art/Textures/Pickups/HealthPickup_Albedo.png
  artifactKey: Guid(4d2d1f6aa382039488da6502c1b80269) Importer(2089858483,b0f066a214c2f5e87bad3c948f4d605d)
Start importing Assets/FPS/Art/Textures/Pickups/HealthPickup_Albedo.png using Guid(4d2d1f6aa382039488da6502c1b80269) Importer(2089858483,b0f066a214c2f5e87bad3c948f4d605d) (ScriptedImporter) -> (artifact id: 'bfb9456133451ed87682402ba8bddbad') in 0.0655644 seconds
Number of updated asset objects reloaded before import = 0Number of asset objects unloaded after import = 1

========================================================================
Received Import Request.
  Time since last request: 0.000032 seconds.
  path: Assets/FPS/Art/Textures/Pickups/HealthPickup_Emissive.png
  artifactKey: Guid(4558c3ebd7b7e9640a0fc519b2820838) Importer(2089858483,b0f066a214c2f5e87bad3c948f4d605d)
Start importing Assets/FPS/Art/Textures/Pickups/HealthPickup_Emissive.png using Guid(4558c3ebd7b7e9640a0fc519b2820838) Importer(2089858483,b0f066a214c2f5e87bad3c948f4d605d) (ScriptedImporter) -> (artifact id: 'ca4d6a98130d958301946a39cd5f55dc') in 0.0541525 seconds
Number of updated asset objects reloaded before import = 0Number of asset objects unloaded after import = 1

========================================================================
Received Import Request.
  Time since last request: 0.000036 seconds.
  path: Assets/FPS/Tutorials/4_AddEnemyBot/Add-Enemy-Bot-Walkthrough.asset
  artifactKey: Guid(f1296c995c6fc4bcfac81bd7df3e5b18) Importer(2089858483,b0f066a214c2f5e87bad3c948f4d605d)
Start importing Assets/FPS/Tutorials/4_AddEnemyBot/Add-Enemy-Bot-Walkthrough.asset using Guid(f1296c995c6fc4bcfac81bd7df3e5b18) Importer(2089858483,b0f066a214c2f5e87bad3c948f4d605d) (ScriptedImporter) -> (artifact id: 'c129240a4450e74b86ed7c7ce55eb4a4') in 0.5077354 seconds
Number of updated asset objects reloaded before import = 0Number of asset objects unloaded after import = 864

========================================================================
Received Import Request.
  Time since last request: 0.000076 seconds.
  path: Assets/FPS/Art/Textures/Props/StatueBig_Normal.png
  artifactKey: Guid(1b8c2b2d5be41d84cb0f6f3acffaba19) Importer(2089858483,b0f066a214c2f5e87bad3c948f4d605d)
Start importing Assets/FPS/Art/Textures/Props/StatueBig_Normal.png using Guid(1b8c2b2d5be41d84cb0f6f3acffaba19) Importer(2089858483,b0f066a214c2f5e87bad3c948f4d605d) (ScriptedImporter) -> (artifact id: '1516179cae8cb030df8a04174aeed73c') in 0.0420703 seconds
Number of updated asset objects reloaded before import = 0Number of asset objects unloaded after import = 1

========================================================================
Received Import Request.
  Time since last request: 0.000043 seconds.
  path: Assets/FPS/Art/Textures/Props/WallStatue_Albedo.png
  artifactKey: Guid(52e983557bdd8314abd22a38fb36db9e) Importer(2089858483,b0f066a214c2f5e87bad3c948f4d605d)
Start importing Assets/FPS/Art/Textures/Props/WallStatue_Albedo.png using Guid(52e983557bdd8314abd22a38fb36db9e) Importer(2089858483,b0f066a214c2f5e87bad3c948f4d605d) (ScriptedImporter) -> (artifact id: '4f55ef1c7235fc882f7bf251da07c335') in 0.0433422 seconds
Number of updated asset objects reloaded before import = 0Number of asset objects unloaded after import = 1

========================================================================
Received Import Request.
  Time since last request: 0.000043 seconds.
  path: Assets/FPS/Art/Textures/Props/StatueBig_AO.png
  artifactKey: Guid(44eff0bb44e97f541bd6a98e1d3db275) Importer(2089858483,b0f066a214c2f5e87bad3c948f4d605d)
Start importing Assets/FPS/Art/Textures/Props/StatueBig_AO.png using Guid(44eff0bb44e97f541bd6a98e1d3db275) Importer(2089858483,b0f066a214c2f5e87bad3c948f4d605d) (ScriptedImporter) -> (artifact id: 'a39f60cdc6e0862c25362b41ce78fc2a') in 0.0457276 seconds
Number of updated asset objects reloaded before import = 0Number of asset objects unloaded after import = 1

========================================================================
Received Import Request.
  Time since last request: 0.000054 seconds.
  path: Assets/FPS/Tutorials/4_AddEnemyBot/WT-Select-Move.mov
  artifactKey: Guid(08838b9a8e2894fa5bb97769d0279807) Importer(2089858483,b0f066a214c2f5e87bad3c948f4d605d)
Start importing Assets/FPS/Tutorials/4_AddEnemyBot/WT-Select-Move.mov using Guid(08838b9a8e2894fa5bb97769d0279807) Importer(2089858483,b0f066a214c2f5e87bad3c948f4d605d) (ScriptedImporter) -> (artifact id: '0ce7cd7fc50c71e1d682186c759c7eff') in 0.0362151 seconds
Number of updated asset objects reloaded before import = 0Number of asset objects unloaded after import = 1

========================================================================
Received Import Request.
  Time since last request: 0.000032 seconds.
  path: Assets/FPS/Art/Textures/Props/WallStatue_MetallicSmooth.png
  artifactKey: Guid(f13336d81e7f76b4ca3935373d9ed7e7) Importer(2089858483,b0f066a214c2f5e87bad3c948f4d605d)
Start importing Assets/FPS/Art/Textures/Props/WallStatue_MetallicSmooth.png using Guid(f13336d81e7f76b4ca3935373d9ed7e7) Importer(2089858483,b0f066a214c2f5e87bad3c948f4d605d) (ScriptedImporter) -> (artifact id: '3a2067a49d8facf14268722426fa3854') in 0.0631642 seconds
Number of updated asset objects reloaded before import = 0Number of asset objects unloaded after import = 1

========================================================================
Received Import Request.
  Time since last request: 0.000037 seconds.
  path: Assets/FPS/Art/Textures/Props/WallStatue_Normal.png
  artifactKey: Guid(48c0e96ebfb39ae468590e4983df332d) Importer(2089858483,b0f066a214c2f5e87bad3c948f4d605d)
Start importing Assets/FPS/Art/Textures/Props/WallStatue_Normal.png using Guid(48c0e96ebfb39ae468590e4983df332d) Importer(2089858483,b0f066a214c2f5e87bad3c948f4d605d) (ScriptedImporter) -> (artifact id: 'c771f3d333598c19ae8588ddb3b2a48a') in 0.0511724 seconds
Number of updated asset objects reloaded before import = 0Number of asset objects unloaded after import = 1

========================================================================
Received Import Request.
  Time since last request: 0.000062 seconds.
  path: Assets/FPS/Art/Textures/UI/ControlScheme_PopUp.png
  artifactKey: Guid(d873f089db0e2f54884c58e49b0a1ede) Importer(2089858483,b0f066a214c2f5e87bad3c948f4d605d)
Start importing Assets/FPS/Art/Textures/UI/ControlScheme_PopUp.png using Guid(d873f089db0e2f54884c58e49b0a1ede) Importer(2089858483,b0f066a214c2f5e87bad3c948f4d605d) (ScriptedImporter) -> (artifact id: '6384f53800a94dfb93e908682cdb96a7') in 0.0750977 seconds
Number of updated asset objects reloaded before import = 0Number of asset objects unloaded after import = 3

========================================================================
Received Import Request.
  Time since last request: 0.000036 seconds.
  path: Assets/FPS/Art/Textures/UI/HUD_KeyScroll_Icon.png
  artifactKey: Guid(de218ea61675c9d4b9e7685a9b77398d) Importer(2089858483,b0f066a214c2f5e87bad3c948f4d605d)
Start importing Assets/FPS/Art/Textures/UI/HUD_KeyScroll_Icon.png using Guid(de218ea61675c9d4b9e7685a9b77398d) Importer(2089858483,b0f066a214c2f5e87bad3c948f4d605d) (ScriptedImporter) -> (artifact id: '26a8fb0616cd65fbedb37bb468b0aaa5') in 0.0767848 seconds
Number of updated asset objects reloaded before import = 0Number of asset objects unloaded after import = 3

========================================================================
Received Import Request.
  Time since last request: 0.000041 seconds.
  path: Assets/FPS/Art/Textures/UI/HUD_Jetpack_Icon.png
  artifactKey: Guid(d329fd11893b4ee42b624f01d3131680) Importer(2089858483,b0f066a214c2f5e87bad3c948f4d605d)
Start importing Assets/FPS/Art/Textures/UI/HUD_Jetpack_Icon.png using Guid(d329fd11893b4ee42b624f01d3131680) Importer(2089858483,b0f066a214c2f5e87bad3c948f4d605d) (ScriptedImporter) -> (artifact id: '53c322ae2734061887c098a8377b5b49') in 0.0506284 seconds
Number of updated asset objects reloaded before import = 0Number of asset objects unloaded after import = 3

========================================================================
Received Import Request.
  Time since last request: 0.000058 seconds.
  path: Assets/FPS/Art/Textures/UI/Crosshair_Shotgun_Circle.png
  artifactKey: Guid(2962952d6e5ae7342a298d45a3945069) Importer(2089858483,b0f066a214c2f5e87bad3c948f4d605d)
Start importing Assets/FPS/Art/Textures/UI/Crosshair_Shotgun_Circle.png using Guid(2962952d6e5ae7342a298d45a3945069) Importer(2089858483,b0f066a214c2f5e87bad3c948f4d605d) (ScriptedImporter) -> (artifact id: '24bef4ee94b4c7a6ddda93182e1dd405') in 0.0495836 seconds
Number of updated asset objects reloaded before import = 0Number of asset objects unloaded after import = 3

========================================================================
Received Import Request.
  Time since last request: 0.000043 seconds.
  path: Assets/FPS/Art/Textures/UI/HUD_LifeBar_Icon.png
  artifactKey: Guid(42026ddb8af9ab4469471032859446cb) Importer(2089858483,b0f066a214c2f5e87bad3c948f4d605d)
Start importing Assets/FPS/Art/Textures/UI/HUD_LifeBar_Icon.png using Guid(42026ddb8af9ab4469471032859446cb) Importer(2089858483,b0f066a214c2f5e87bad3c948f4d605d) (ScriptedImporter) -> (artifact id: 'a0becb399bc1cb9856db3db2e8eb14dc') in 0.0514559 seconds
Number of updated asset objects reloaded before import = 0Number of asset objects unloaded after import = 3

========================================================================
Received Import Request.
  Time since last request: 0.000050 seconds.
  path: Assets/FPS/Art/Textures/UI/Notification_MainObj_Icon.png
  artifactKey: Guid(65fd26883529a5f4db44ea16cf925e82) Importer(2089858483,b0f066a214c2f5e87bad3c948f4d605d)
Start importing Assets/FPS/Art/Textures/UI/Notification_MainObj_Icon.png using Guid(65fd26883529a5f4db44ea16cf925e82) Importer(2089858483,b0f066a214c2f5e87bad3c948f4d605d) (ScriptedImporter) -> (artifact id: '5febe970e09f2a4e287e9e4f4c63ddce') in 0.0473482 seconds
Number of updated asset objects reloaded before import = 0Number of asset objects unloaded after import = 3

========================================================================
Received Import Request.
  Time since last request: 0.000052 seconds.
  path: Assets/FPS/Art/Textures/UI/HUD_Weapon01.png
  artifactKey: Guid(cab1398a10b307b44b0ffeb0eef23254) Importer(2089858483,b0f066a214c2f5e87bad3c948f4d605d)
Start importing Assets/FPS/Art/Textures/UI/HUD_Weapon01.png using Guid(cab1398a10b307b44b0ffeb0eef23254) Importer(2089858483,b0f066a214c2f5e87bad3c948f4d605d) (ScriptedImporter) -> (artifact id: '6a69dcbf97b58f9bffd8e411941d3aea') in 0.0494536 seconds
Number of updated asset objects reloaded before import = 0Number of asset objects unloaded after import = 3

========================================================================
Received Import Request.
  Time since last request: 0.000038 seconds.
  path: Assets/FPS/Tutorials/2_AddARoom/50-Project-Window.asset
  artifactKey: Guid(1412dffa60f2b49ca800527d3e14db38) Importer(2089858483,b0f066a214c2f5e87bad3c948f4d605d)
Start importing Assets/FPS/Tutorials/2_AddARoom/50-Project-Window.asset using Guid(1412dffa60f2b49ca800527d3e14db38) Importer(2089858483,b0f066a214c2f5e87bad3c948f4d605d) (ScriptedImporter) -> (artifact id: 'ed65f35eb8ad574169b5b59c4566670c') in 0.0437991 seconds
Number of updated asset objects reloaded before import = 0Number of asset objects unloaded after import = 3

========================================================================
Received Import Request.
  Time since last request: 0.000049 seconds.
  path: Assets/FPS/Art/Textures/UI/Stance_Stand_Icon.png
  artifactKey: Guid(52709b32aa114154aa3f42f22d4d225c) Importer(2089858483,b0f066a214c2f5e87bad3c948f4d605d)
Start importing Assets/FPS/Art/Textures/UI/Stance_Stand_Icon.png using Guid(52709b32aa114154aa3f42f22d4d225c) Importer(2089858483,b0f066a214c2f5e87bad3c948f4d605d) (ScriptedImporter) -> (artifact id: 'c548274e8d00f49c1f41e3e5a1941f5d') in 0.0473588 seconds
Number of updated asset objects reloaded before import = 0Number of asset objects unloaded after import = 3

========================================================================
Received Import Request.
  Time since last request: 0.000171 seconds.
  path: Assets/FPS/Art/Textures/UI/Stance_Sprint_Icon.png
  artifactKey: Guid(2ab14a66f580d964c949c600a99c3087) Importer(2089858483,b0f066a214c2f5e87bad3c948f4d605d)
Start importing Assets/FPS/Art/Textures/UI/Stance_Sprint_Icon.png using Guid(2ab14a66f580d964c949c600a99c3087) Importer(2089858483,b0f066a214c2f5e87bad3c948f4d605d) (ScriptedImporter) -> (artifact id: '0aba9809cfb6b158826f76cda67f5946') in 0.0697276 seconds
Number of updated asset objects reloaded before import = 0Number of asset objects unloaded after import = 3

========================================================================
Received Import Request.
  Time since last request: 0.000059 seconds.
  path: Assets/FPS/Art/Textures/UI/Radar_Enemy_IconBg.png
  artifactKey: Guid(65c7da85c6d645744b9081be5782b153) Importer(2089858483,b0f066a214c2f5e87bad3c948f4d605d)
Start importing Assets/FPS/Art/Textures/UI/Radar_Enemy_IconBg.png using Guid(65c7da85c6d645744b9081be5782b153) Importer(2089858483,b0f066a214c2f5e87bad3c948f4d605d) (ScriptedImporter) -> (artifact id: '71c48d2e15d2ee6d615b23ac7a838bba') in 0.047607 seconds
Number of updated asset objects reloaded before import = 0Number of asset objects unloaded after import = 3

========================================================================
Received Import Request.
  Time since last request: 0.000064 seconds.
  path: Assets/FPS/Art/Textures/VFX/Flare.png
  artifactKey: Guid(96d321edfc568ad449969ea822b74151) Importer(2089858483,b0f066a214c2f5e87bad3c948f4d605d)
Start importing Assets/FPS/Art/Textures/VFX/Flare.png using Guid(96d321edfc568ad449969ea822b74151) Importer(2089858483,b0f066a214c2f5e87bad3c948f4d605d) (ScriptedImporter) -> (artifact id: 'bc70f4538db78fddbca57d0634bfa4f4') in 0.0454125 seconds
Number of updated asset objects reloaded before import = 0Number of asset objects unloaded after import = 1

========================================================================
Received Import Request.
  Time since last request: 0.000049 seconds.
  path: Assets/FPS/Art/Textures/VFX/Dot.png
  artifactKey: Guid(ce57ca4803e293c4a9a27fb9d7a28063) Importer(2089858483,b0f066a214c2f5e87bad3c948f4d605d)
Start importing Assets/FPS/Art/Textures/VFX/Dot.png using Guid(ce57ca4803e293c4a9a27fb9d7a28063) Importer(2089858483,b0f066a214c2f5e87bad3c948f4d605d) (ScriptedImporter) -> (artifact id: 'fa24a291ecb902c9734d07bccc083298') in 0.0430934 seconds
Number of updated asset objects reloaded before import = 0Number of asset objects unloaded after import = 1

========================================================================
Received Import Request.
  Time since last request: 0.000058 seconds.
  path: Assets/FPS/Art/Textures/VFX/HealthPickUp.png
  artifactKey: Guid(1db7d13cbbcf85147a0ec509db6864ac) Importer(2089858483,b0f066a214c2f5e87bad3c948f4d605d)
Start importing Assets/FPS/Art/Textures/VFX/HealthPickUp.png using Guid(1db7d13cbbcf85147a0ec509db6864ac) Importer(2089858483,b0f066a214c2f5e87bad3c948f4d605d) (ScriptedImporter) -> (artifact id: 'b686a5365ac8435af56ba8524905ccd3') in 0.040702 seconds
Number of updated asset objects reloaded before import = 0Number of asset objects unloaded after import = 1

========================================================================
Received Import Request.
  Time since last request: 0.000081 seconds.
  path: Assets/FPS/Tutorials/2_AddARoom/071-Select-Object.asset
  artifactKey: Guid(0a6c7076c7acf404bb939f4e7e80d646) Importer(2089858483,b0f066a214c2f5e87bad3c948f4d605d)
Start importing Assets/FPS/Tutorials/2_AddARoom/071-Select-Object.asset using Guid(0a6c7076c7acf404bb939f4e7e80d646) Importer(2089858483,b0f066a214c2f5e87bad3c948f4d605d) (ScriptedImporter) -> (artifact id: '762b06d21ad60d7e4e0feffd896dde07') in 0.0426787 seconds
Number of updated asset objects reloaded before import = 0Number of asset objects unloaded after import = 4

========================================================================
Received Import Request.
  Time since last request: 0.000074 seconds.
  path: Assets/FPS/Art/Textures/VFX/ShrapnelTriangle.png
  artifactKey: Guid(2c6ccacfd94205d428be5a7033cefaba) Importer(2089858483,b0f066a214c2f5e87bad3c948f4d605d)
Start importing Assets/FPS/Art/Textures/VFX/ShrapnelTriangle.png using Guid(2c6ccacfd94205d428be5a7033cefaba) Importer(2089858483,b0f066a214c2f5e87bad3c948f4d605d) (ScriptedImporter) -> (artifact id: 'bff10b4a63b5726efd0f78766fceff29') in 0.0436814 seconds
Number of updated asset objects reloaded before import = 0Number of asset objects unloaded after import = 1

========================================================================
Received Import Request.
  Time since last request: 0.000138 seconds.
  path: Assets/FPS/Art/Textures/VFX/JetPackPulse.png
  artifactKey: Guid(f622e91314538074b87bd3e3cf8e1dbd) Importer(2089858483,b0f066a214c2f5e87bad3c948f4d605d)
Start importing Assets/FPS/Art/Textures/VFX/JetPackPulse.png using Guid(f622e91314538074b87bd3e3cf8e1dbd) Importer(2089858483,b0f066a214c2f5e87bad3c948f4d605d) (ScriptedImporter) -> (artifact id: '6acf223b450140b41471e2bd166c39c1') in 0.0413472 seconds
Number of updated asset objects reloaded before import = 0Number of asset objects unloaded after import = 1

========================================================================
Received Import Request.
  Time since last request: 0.000039 seconds.
  path: Assets/FPS/Art/Textures/VFX/Projectile_Trail.bmp
  artifactKey: Guid(48c3c863a9144e142a78398db7603db9) Importer(2089858483,b0f066a214c2f5e87bad3c948f4d605d)
Start importing Assets/FPS/Art/Textures/VFX/Projectile_Trail.bmp using Guid(48c3c863a9144e142a78398db7603db9) Importer(2089858483,b0f066a214c2f5e87bad3c948f4d605d) (ScriptedImporter) -> (artifact id: 'a02b8ea0e43adf172063319edbc96eff') in 0.0433682 seconds
Number of updated asset objects reloaded before import = 0Number of asset objects unloaded after import = 1

========================================================================
Received Import Request.
  Time since last request: 0.000054 seconds.
  path: Assets/FPS/Art/Textures/VFX/Symbol_Speedlines.tga
  artifactKey: Guid(015bdd9936c309c4b8ae14480d3a51b4) Importer(2089858483,b0f066a214c2f5e87bad3c948f4d605d)
Start importing Assets/FPS/Art/Textures/VFX/Symbol_Speedlines.tga using Guid(015bdd9936c309c4b8ae14480d3a51b4) Importer(2089858483,b0f066a214c2f5e87bad3c948f4d605d) (ScriptedImporter) -> (artifact id: '3be28f0cb26b8dca8197913bdd4a1b2a') in 0.089266 seconds
Number of updated asset objects reloaded before import = 0Number of asset objects unloaded after import = 1

========================================================================
Received Import Request.
  Time since last request: 0.000036 seconds.
  path: Assets/FPS/Art/Textures/VFX/WireframeCage.png
  artifactKey: Guid(c2edc512c4492644fa426de5fca31968) Importer(2089858483,b0f066a214c2f5e87bad3c948f4d605d)
Start importing Assets/FPS/Art/Textures/VFX/WireframeCage.png using Guid(c2edc512c4492644fa426de5fca31968) Importer(2089858483,b0f066a214c2f5e87bad3c948f4d605d) (ScriptedImporter) -> (artifact id: 'e52431a4d4940eae7feed029de33b673') in 0.0525939 seconds
Number of updated asset objects reloaded before import = 0Number of asset objects unloaded after import = 1

========================================================================
Received Import Request.
  Time since last request: 0.000047 seconds.
  path: Assets/FPS/Art/Textures/VFX/Symbol_ExclamationMark.tga
  artifactKey: Guid(cfb4e85a61d4186468353b192daf565f) Importer(2089858483,b0f066a214c2f5e87bad3c948f4d605d)
Start importing Assets/FPS/Art/Textures/VFX/Symbol_ExclamationMark.tga using Guid(cfb4e85a61d4186468353b192daf565f) Importer(2089858483,b0f066a214c2f5e87bad3c948f4d605d) (ScriptedImporter) -> (artifact id: 'ef7de392c04dba1c2b853b6aaca78367') in 0.0515756 seconds
Number of updated asset objects reloaded before import = 0Number of asset objects unloaded after import = 1

========================================================================
Received Import Request.
  Time since last request: 0.000058 seconds.
  path: Assets/FPS/Art/Textures/Weapons/Blaster_Normal.png
  artifactKey: Guid(e36972727074c2140a88fcc791bef9ba) Importer(2089858483,b0f066a214c2f5e87bad3c948f4d605d)
Start importing Assets/FPS/Art/Textures/Weapons/Blaster_Normal.png using Guid(e36972727074c2140a88fcc791bef9ba) Importer(2089858483,b0f066a214c2f5e87bad3c948f4d605d) (ScriptedImporter) -> (artifact id: 'd8dbd0ef9e49f507f34e0fc52d7cd6a1') in 0.0516622 seconds
Number of updated asset objects reloaded before import = 0Number of asset objects unloaded after import = 1

========================================================================
Received Import Request.
  Time since last request: 0.000034 seconds.
  path: Assets/FPS/Art/Textures/Weapons/Blaster_Albedo.png
  artifactKey: Guid(2c9688f40fc3cee4385095385978b2a1) Importer(2089858483,b0f066a214c2f5e87bad3c948f4d605d)
Start importing Assets/FPS/Art/Textures/Weapons/Blaster_Albedo.png using Guid(2c9688f40fc3cee4385095385978b2a1) Importer(2089858483,b0f066a214c2f5e87bad3c948f4d605d) (ScriptedImporter) -> (artifact id: '74231c2dab2127d9e30558a986e7801f') in 0.0430543 seconds
Number of updated asset objects reloaded before import = 0Number of asset objects unloaded after import = 1

========================================================================
Received Import Request.
  Time since last request: 0.000042 seconds.
  path: Assets/FPS/Art/Textures/Weapons/Blaster_AO.png
  artifactKey: Guid(9cd58a9aecb05e0469292eacbd6f6e13) Importer(2089858483,b0f066a214c2f5e87bad3c948f4d605d)
Start importing Assets/FPS/Art/Textures/Weapons/Blaster_AO.png using Guid(9cd58a9aecb05e0469292eacbd6f6e13) Importer(2089858483,b0f066a214c2f5e87bad3c948f4d605d) (ScriptedImporter) -> (artifact id: '2e6929f7a6ad1233a0d3f43bcb69ac7e') in 0.0346762 seconds
Number of updated asset objects reloaded before import = 0Number of asset objects unloaded after import = 1

========================================================================
Received Import Request.
  Time since last request: 0.000046 seconds.
  path: Assets/FPS/Art/Textures/Characters/Turret_Glass_Albedo.png
  artifactKey: Guid(999498a7bbaf0ac4c9a87187d9154a02) Importer(2089858483,b0f066a214c2f5e87bad3c948f4d605d)
Start importing Assets/FPS/Art/Textures/Characters/Turret_Glass_Albedo.png using Guid(999498a7bbaf0ac4c9a87187d9154a02) Importer(2089858483,b0f066a214c2f5e87bad3c948f4d605d) (ScriptedImporter) -> (artifact id: 'cbf6df2387e12b56087c61dbd4c9fbb8') in 0.0395974 seconds
Number of updated asset objects reloaded before import = 0Number of asset objects unloaded after import = 1

========================================================================
Received Import Request.
  Time since last request: 0.000027 seconds.
  path: Assets/FPS/Animation/HoverBot/HoverBot@Alerted.fbx
  artifactKey: Guid(d21446ed42271994d97223de428c84f6) Importer(2089858483,b0f066a214c2f5e87bad3c948f4d605d)
Start importing Assets/FPS/Animation/HoverBot/HoverBot@Alerted.fbx using Guid(d21446ed42271994d97223de428c84f6) Importer(2089858483,b0f066a214c2f5e87bad3c948f4d605d) (ScriptedImporter) -> (artifact id: '09a44c4395b0e9da6ba180a32f429a40') in 0.0357326 seconds
Number of updated asset objects reloaded before import = 0Number of asset objects unloaded after import = 42

========================================================================
Received Import Request.
  Time since last request: 0.000032 seconds.
  path: Assets/FPS/Prefabs/VFX/VFX_Dust.prefab
  artifactKey: Guid(ecdbb7f81f59b934cb72306019ee7a41) Importer(2089858483,b0f066a214c2f5e87bad3c948f4d605d)
Start importing Assets/FPS/Prefabs/VFX/VFX_Dust.prefab using Guid(ecdbb7f81f59b934cb72306019ee7a41) Importer(2089858483,b0f066a214c2f5e87bad3c948f4d605d) (ScriptedImporter) -> (artifact id: '35e1738a16d0442b861e4c3fc0004a9c') in 0.0673421 seconds
Number of updated asset objects reloaded before import = 0Number of asset objects unloaded after import = 6

========================================================================
Received Import Request.
  Time since last request: 0.000034 seconds.
  path: Assets/FPS/Scripts/UI/Compass.cs
  artifactKey: Guid(fa1d13df263b6a0429b733192dcff01f) Importer(2089858483,b0f066a214c2f5e87bad3c948f4d605d)
Start importing Assets/FPS/Scripts/UI/Compass.cs using Guid(fa1d13df263b6a0429b733192dcff01f) Importer(2089858483,b0f066a214c2f5e87bad3c948f4d605d) (ScriptedImporter) -> (artifact id: '8da91021a09d471ac0b971181e8b95dc') in 0.0222419 seconds
Number of updated asset objects reloaded before import = 0Number of asset objects unloaded after import = 0

========================================================================
Received Import Request.
  Time since last request: 0.000049 seconds.
  path: Assets/ModAssets/Fonts/ZCOOLKuaiLe-Regular SDF.asset
  artifactKey: Guid(8ebfeea7062344f0c96b8a1d614a92b1) Importer(2089858483,b0f066a214c2f5e87bad3c948f4d605d)
Start importing Assets/ModAssets/Fonts/ZCOOLKuaiLe-Regular SDF.asset using Guid(8ebfeea7062344f0c96b8a1d614a92b1) Importer(2089858483,b0f066a214c2f5e87bad3c948f4d605d) (ScriptedImporter) -> (artifact id: '3d194247b97b50792cba7f0203c74511') in 0.0497518 seconds
Number of updated asset objects reloaded before import = 0Number of asset objects unloaded after import = 5

========================================================================
Received Import Request.
  Time since last request: 0.000032 seconds.
  path: Assets/FPS/Prefabs/RootObjects/OBJAltar.obj
  artifactKey: Guid(5e2d72411753da244851ae358f741a58) Importer(2089858483,b0f066a214c2f5e87bad3c948f4d605d)
Start importing Assets/FPS/Prefabs/RootObjects/OBJAltar.obj using Guid(5e2d72411753da244851ae358f741a58) Importer(2089858483,b0f066a214c2f5e87bad3c948f4d605d) (ScriptedImporter) -> (artifact id: 'c2cd2023f132aae9d057542daa6057fa') in 0.038154 seconds
Number of updated asset objects reloaded before import = 0Number of asset objects unloaded after import = 10

========================================================================
Received Import Request.
  Time since last request: 0.000041 seconds.
  path: Assets/FPS/Art/Textures/VFX/Symbol_Anger01.tga
  artifactKey: Guid(9de0756cf40eac344ba13f10ceadcffe) Importer(2089858483,b0f066a214c2f5e87bad3c948f4d605d)
Start importing Assets/FPS/Art/Textures/VFX/Symbol_Anger01.tga using Guid(9de0756cf40eac344ba13f10ceadcffe) Importer(2089858483,b0f066a214c2f5e87bad3c948f4d605d) (ScriptedImporter) -> (artifact id: '6ecb4a7301f873f180f18d0cca0820fd') in 0.054895 seconds
Number of updated asset objects reloaded before import = 0Number of asset objects unloaded after import = 3

========================================================================
Received Import Request.
  Time since last request: 0.000052 seconds.
  path: Assets/TextMesh Pro/Shaders/TMP_SDF-HDRP LIT.shadergraph
  artifactKey: Guid(ca2ed216f98028c4dae6c5224a952b3c) Importer(2089858483,b0f066a214c2f5e87bad3c948f4d605d)
Start importing Assets/TextMesh Pro/Shaders/TMP_SDF-HDRP LIT.shadergraph using Guid(ca2ed216f98028c4dae6c5224a952b3c) Importer(2089858483,b0f066a214c2f5e87bad3c948f4d605d) (ScriptedImporter) -> (artifact id: '89195f159525c5f4a03a7fafb59ba89a') in 0.0512283 seconds
Number of updated asset objects reloaded before import = 0Number of asset objects unloaded after import = 3

========================================================================
Received Import Request.
  Time since last request: 0.000030 seconds.
  path: Assets/FPS/Tutorials/6_BuildAndPublish/BuildAndPublish 014.asset
  artifactKey: Guid(eb4604b43980b3740a07722643b2ecbe) Importer(2089858483,b0f066a214c2f5e87bad3c948f4d605d)
Start importing Assets/FPS/Tutorials/6_BuildAndPublish/BuildAndPublish 014.asset using Guid(eb4604b43980b3740a07722643b2ecbe) Importer(2089858483,b0f066a214c2f5e87bad3c948f4d605d) (ScriptedImporter) -> (artifact id: '76a3f9ba5567d40f3edd4336472366e1') in 0.0465897 seconds
Number of updated asset objects reloaded before import = 0Number of asset objects unloaded after import = 3

========================================================================
Received Import Request.
  Time since last request: 0.000032 seconds.
  path: Assets/FPS/Art/Textures/VFX/ExplosionRange.bmp
  artifactKey: Guid(84b94c026ac26d24c90b347b63bd4dce) Importer(2089858483,b0f066a214c2f5e87bad3c948f4d605d)
Start importing Assets/FPS/Art/Textures/VFX/ExplosionRange.bmp using Guid(84b94c026ac26d24c90b347b63bd4dce) Importer(2089858483,b0f066a214c2f5e87bad3c948f4d605d) (ScriptedImporter) -> (artifact id: '83e88570584096360295442213d3af41') in 0.0531139 seconds
Number of updated asset objects reloaded before import = 0Number of asset objects unloaded after import = 1

========================================================================
Received Import Request.
  Time since last request: 0.000056 seconds.
  path: Assets/FPS/Art/Materials/SpeedLine.mat
  artifactKey: Guid(51b4b159ffad18a408fe75b6f8ccbc2f) Importer(2089858483,b0f066a214c2f5e87bad3c948f4d605d)
Start importing Assets/FPS/Art/Materials/SpeedLine.mat using Guid(51b4b159ffad18a408fe75b6f8ccbc2f) Importer(2089858483,b0f066a214c2f5e87bad3c948f4d605d) (ScriptedImporter) -> (artifact id: 'a1e48dc53fde0309b542f9ef11741342') in 0.026042 seconds
Number of updated asset objects reloaded before import = 0Number of asset objects unloaded after import = 2

========================================================================
Received Import Request.
  Time since last request: 0.000032 seconds.
  path: Assets/FPS/Prefabs/Pickups/Pickup_Jetpack.prefab
  artifactKey: Guid(d771f03a2656e194fba5a444d5a3d9e7) Importer(2089858483,b0f066a214c2f5e87bad3c948f4d605d)
Start importing Assets/FPS/Prefabs/Pickups/Pickup_Jetpack.prefab using Guid(d771f03a2656e194fba5a444d5a3d9e7) Importer(2089858483,b0f066a214c2f5e87bad3c948f4d605d) (ScriptedImporter) -> (artifact id: '81a77f2aeafcb0d1a1c7a087aade1ce4') in 0.0418704 seconds
Number of updated asset objects reloaded before import = 0Number of asset objects unloaded after import = 13

========================================================================
Received Import Request.
  Time since last request: 0.000031 seconds.
  path: Assets/TextMesh Pro/Shaders/TMP_Sprite.shader
  artifactKey: Guid(cf81c85f95fe47e1a27f6ae460cf182c) Importer(2089858483,b0f066a214c2f5e87bad3c948f4d605d)
Start importing Assets/TextMesh Pro/Shaders/TMP_Sprite.shader using Guid(cf81c85f95fe47e1a27f6ae460cf182c) Importer(2089858483,b0f066a214c2f5e87bad3c948f4d605d) (ScriptedImporter) -> (artifact id: 'd447c34458c6e72be5eab09bc4f62fda') in 0.025783 seconds
Number of updated asset objects reloaded before import = 0Number of asset objects unloaded after import = 1

========================================================================
Received Import Request.
  Time since last request: 0.000048 seconds.
  path: Assets/FPS/Prefabs/RootObjects/Ramp_4m.mtl
  artifactKey: Guid(9b6d41b2b08792245a06ac9160949a45) Importer(2089858483,b0f066a214c2f5e87bad3c948f4d605d)
Start importing Assets/FPS/Prefabs/RootObjects/Ramp_4m.mtl using Guid(9b6d41b2b08792245a06ac9160949a45) Importer(2089858483,b0f066a214c2f5e87bad3c948f4d605d) (ScriptedImporter) -> (artifact id: '2be2426d4021dd36516b8176f76b2982') in 0.0248299 seconds
Number of updated asset objects reloaded before import = 0Number of asset objects unloaded after import = 1

========================================================================
Received Import Request.
  Time since last request: 0.000046 seconds.
  path: Assets/FPS/Scripts/Gameplay/JetpackPickup.cs
  artifactKey: Guid(fd5fd1bc5d131a34791bbd68d41d568f) Importer(2089858483,b0f066a214c2f5e87bad3c948f4d605d)
Start importing Assets/FPS/Scripts/Gameplay/JetpackPickup.cs using Guid(fd5fd1bc5d131a34791bbd68d41d568f) Importer(2089858483,b0f066a214c2f5e87bad3c948f4d605d) (ScriptedImporter) -> (artifact id: 'fa09b1618410e46cece74b1761937512') in 0.0283916 seconds
Number of updated asset objects reloaded before import = 0Number of asset objects unloaded after import = 0

========================================================================
Received Import Request.
  Time since last request: 0.000029 seconds.
  path: Assets/FPS/Prefabs/ObjectiveReachPoint.prefab
  artifactKey: Guid(d401b602eddc4e449b385a053f012a4c) Importer(2089858483,b0f066a214c2f5e87bad3c948f4d605d)
Start importing Assets/FPS/Prefabs/ObjectiveReachPoint.prefab using Guid(d401b602eddc4e449b385a053f012a4c) Importer(2089858483,b0f066a214c2f5e87bad3c948f4d605d) (ScriptedImporter) -> (artifact id: '6e4a71c0065d7444a5a86dc8bc78422d') in 0.0643389 seconds
Number of updated asset objects reloaded before import = 0Number of asset objects unloaded after import = 19

========================================================================
Received Import Request.
  Time since last request: 0.000038 seconds.
  path: Assets/FPS/Prefabs/UI/CompassMarkerEnemy.prefab
  artifactKey: Guid(513785daf84f2a243b0cda079e6835cd) Importer(2089858483,b0f066a214c2f5e87bad3c948f4d605d)
Start importing Assets/FPS/Prefabs/UI/CompassMarkerEnemy.prefab using Guid(513785daf84f2a243b0cda079e6835cd) Importer(2089858483,b0f066a214c2f5e87bad3c948f4d605d) (ScriptedImporter) -> (artifact id: '2a560d83790418e940e3e7792ea4b802') in 0.0647808 seconds
Number of updated asset objects reloaded before import = 0Number of asset objects unloaded after import = 14

========================================================================
Received Import Request.
  Time since last request: 0.000050 seconds.
  path: Assets/FPS/Art/Fonts/ApacheLicense2.0.txt
  artifactKey: Guid(155cdcde19c3de24797448c33439fa5b) Importer(2089858483,b0f066a214c2f5e87bad3c948f4d605d)
Start importing Assets/FPS/Art/Fonts/ApacheLicense2.0.txt using Guid(155cdcde19c3de24797448c33439fa5b) Importer(2089858483,b0f066a214c2f5e87bad3c948f4d605d) (ScriptedImporter) -> (artifact id: '890bcc79dadd1d4947ab6879121dabf4') in 0.0471984 seconds
Number of updated asset objects reloaded before import = 0Number of asset objects unloaded after import = 1

========================================================================
Received Import Request.
  Time since last request: 0.000029 seconds.
  path: Assets/TextMesh Pro/Shaders/TMP_SDF SSD.shader
  artifactKey: Guid(14eb328de4b8eb245bb7cea29e4ac00b) Importer(2089858483,b0f066a214c2f5e87bad3c948f4d605d)
Start importing Assets/TextMesh Pro/Shaders/TMP_SDF SSD.shader using Guid(14eb328de4b8eb245bb7cea29e4ac00b) Importer(2089858483,b0f066a214c2f5e87bad3c948f4d605d) (ScriptedImporter) -> (artifact id: 'e1dcea33584abba92bb098773f34434f') in 0.0315788 seconds
Number of updated asset objects reloaded before import = 0Number of asset objects unloaded after import = 2

========================================================================
Received Import Request.
  Time since last request: 0.000042 seconds.
  path: Assets/FPS/Scripts/UI/AmmoCounter.cs
  artifactKey: Guid(2f55bbfc17a3a894281c47b1182205a4) Importer(2089858483,b0f066a214c2f5e87bad3c948f4d605d)
Start importing Assets/FPS/Scripts/UI/AmmoCounter.cs using Guid(2f55bbfc17a3a894281c47b1182205a4) Importer(2089858483,b0f066a214c2f5e87bad3c948f4d605d) (ScriptedImporter) -> (artifact id: 'ef28ccd6932c2a83bdfdc4f53cd91c88') in 0.0268992 seconds
Number of updated asset objects reloaded before import = 0Number of asset objects unloaded after import = 0

========================================================================
Received Import Request.
  Time since last request: 0.000077 seconds.
  path: Assets/FPS/Art/Models/Mesh_Sun.fbx
  artifactKey: Guid(f209cbcd4a67646489eca6ff46530479) Importer(2089858483,b0f066a214c2f5e87bad3c948f4d605d)
Start importing Assets/FPS/Art/Models/Mesh_Sun.fbx using Guid(f209cbcd4a67646489eca6ff46530479) Importer(2089858483,b0f066a214c2f5e87bad3c948f4d605d) (ScriptedImporter) -> (artifact id: 'ae18ba51444d88430f9a14bb7ed719f7') in 0.0400143 seconds
Number of updated asset objects reloaded before import = 0Number of asset objects unloaded after import = 7

========================================================================
Received Import Request.
  Time since last request: 0.000032 seconds.
  path: Assets/FPS/Scenes/SecondaryScene/ReflectionProbe-0.exr
  artifactKey: Guid(40e1099eebbdfe945aa398b9989279cd) Importer(2089858483,b0f066a214c2f5e87bad3c948f4d605d)
Start importing Assets/FPS/Scenes/SecondaryScene/ReflectionProbe-0.exr using Guid(40e1099eebbdfe945aa398b9989279cd) Importer(2089858483,b0f066a214c2f5e87bad3c948f4d605d) (ScriptedImporter) -> (artifact id: '4a0685a0b7ef6adf17c601886513e4b9') in 0.0646752 seconds
Number of updated asset objects reloaded before import = 0Number of asset objects unloaded after import = 1

========================================================================
Received Import Request.
  Time since last request: 0.000047 seconds.
  path: Assets/FPS/Prefabs/VFX/VFX_LazerSparksRed.prefab
  artifactKey: Guid(4d48b487f11e62940a978c7c0c0cbcb4) Importer(2089858483,b0f066a214c2f5e87bad3c948f4d605d)
Start importing Assets/FPS/Prefabs/VFX/VFX_LazerSparksRed.prefab using Guid(4d48b487f11e62940a978c7c0c0cbcb4) Importer(2089858483,b0f066a214c2f5e87bad3c948f4d605d) (ScriptedImporter) -> (artifact id: '687bd4944ae2140cc462b4a15f28bb1c') in 0.0753559 seconds
Number of updated asset objects reloaded before import = 0Number of asset objects unloaded after import = 6

========================================================================
Received Import Request.
  Time since last request: 0.000053 seconds.
  path: Assets/FPS/Prefabs/UI/ObjectiveToastPrimary.prefab
  artifactKey: Guid(825d6b0d7b3a7394a9f51c7b6900c135) Importer(2089858483,b0f066a214c2f5e87bad3c948f4d605d)
Start importing Assets/FPS/Prefabs/UI/ObjectiveToastPrimary.prefab using Guid(825d6b0d7b3a7394a9f51c7b6900c135) Importer(2089858483,b0f066a214c2f5e87bad3c948f4d605d) (ScriptedImporter) -> (artifact id: '120782bf754bee1844fee1502f978e16') in 0.0613374 seconds
Number of updated asset objects reloaded before import = 0Number of asset objects unloaded after import = 44

========================================================================
Received Import Request.
  Time since last request: 0.000032 seconds.
  path: Assets/FPS/Art/Models/Mesh_Jetpack.fbx
  artifactKey: Guid(8a8f77597c6be5e429a0dde1309ab87d) Importer(2089858483,b0f066a214c2f5e87bad3c948f4d605d)
Start importing Assets/FPS/Art/Models/Mesh_Jetpack.fbx using Guid(8a8f77597c6be5e429a0dde1309ab87d) Importer(2089858483,b0f066a214c2f5e87bad3c948f4d605d) (ScriptedImporter) -> (artifact id: '88f34bec8bbce4f7ed0a11d270360671') in 0.0397759 seconds
Number of updated asset objects reloaded before import = 0Number of asset objects unloaded after import = 7

========================================================================
Received Import Request.
  Time since last request: 0.000042 seconds.
  path: Assets/FPS/Scenes/MainSceneSettings.lighting
  artifactKey: Guid(a37e164e6490648ec966f654d144932b) Importer(2089858483,b0f066a214c2f5e87bad3c948f4d605d)
Start importing Assets/FPS/Scenes/MainSceneSettings.lighting using Guid(a37e164e6490648ec966f654d144932b) Importer(2089858483,b0f066a214c2f5e87bad3c948f4d605d) (ScriptedImporter)LightingSettings: switching bake backend from 2 to 1.
 -> (artifact id: '61887d475690f0582aac6f27d6450612') in 0.0606955 seconds
Number of updated asset objects reloaded before import = 0Number of asset objects unloaded after import = 1

========================================================================
Received Import Request.
  Time since last request: 0.000047 seconds.
  path: Assets/FPS/Scripts/AI/EnemyManager.cs
  artifactKey: Guid(888c7d8f8f69c6b42a086589b6f01bb1) Importer(2089858483,b0f066a214c2f5e87bad3c948f4d605d)
Start importing Assets/FPS/Scripts/AI/EnemyManager.cs using Guid(888c7d8f8f69c6b42a086589b6f01bb1) Importer(2089858483,b0f066a214c2f5e87bad3c948f4d605d) (ScriptedImporter) -> (artifact id: 'a128c69ef3852f87893a4d96ea916781') in 0.0306768 seconds
Number of updated asset objects reloaded before import = 0Number of asset objects unloaded after import = 0

========================================================================
Received Import Request.
  Time since last request: 0.000033 seconds.
  path: Assets/FPS/Scripts/UI/ObjectiveHUDManager.cs
  artifactKey: Guid(6df5ceb43b5e7254f90afdf178b9cc04) Importer(2089858483,b0f066a214c2f5e87bad3c948f4d605d)
Start importing Assets/FPS/Scripts/UI/ObjectiveHUDManager.cs using Guid(6df5ceb43b5e7254f90afdf178b9cc04) Importer(2089858483,b0f066a214c2f5e87bad3c948f4d605d) (ScriptedImporter) -> (artifact id: 'e72cd5b5be28eb62b629c4d8d3b3a301') in 0.0272033 seconds
Number of updated asset objects reloaded before import = 0Number of asset objects unloaded after import = 0

========================================================================
Received Import Request.
  Time since last request: 0.000034 seconds.
  path: Assets/FPS/Prefabs/RootObjects/Wall_1m.mtl
  artifactKey: Guid(9ccd10e864b2df9419d09da7ed77f0c4) Importer(2089858483,b0f066a214c2f5e87bad3c948f4d605d)
Start importing Assets/FPS/Prefabs/RootObjects/Wall_1m.mtl using Guid(9ccd10e864b2df9419d09da7ed77f0c4) Importer(2089858483,b0f066a214c2f5e87bad3c948f4d605d) (ScriptedImporter) -> (artifact id: '69e3244189e35613e0895d9ec80b9518') in 0.0226666 seconds
Number of updated asset objects reloaded before import = 0Number of asset objects unloaded after import = 1

========================================================================
Received Import Request.
  Time since last request: 0.000032 seconds.
  path: Assets/FPS/Tutorials/1_GetStarted/04-Hierarchy-Intro.asset
  artifactKey: Guid(e834ab372a0a84d8f9a186ab06e88144) Importer(2089858483,b0f066a214c2f5e87bad3c948f4d605d)
Start importing Assets/FPS/Tutorials/1_GetStarted/04-Hierarchy-Intro.asset using Guid(e834ab372a0a84d8f9a186ab06e88144) Importer(2089858483,b0f066a214c2f5e87bad3c948f4d605d) (ScriptedImporter) -> (artifact id: '282b0932b2f7982f20cf9071c602ae13') in 0.0307073 seconds
Number of updated asset objects reloaded before import = 0Number of asset objects unloaded after import = 3

========================================================================
Received Import Request.
  Time since last request: 0.000051 seconds.
  path: Assets/FPS/Tutorials/2_AddARoom/072-Frame-Object.asset
  artifactKey: Guid(f803fb494aa6d4a9c84a6c9a07569d6a) Importer(2089858483,b0f066a214c2f5e87bad3c948f4d605d)
Start importing Assets/FPS/Tutorials/2_AddARoom/072-Frame-Object.asset using Guid(f803fb494aa6d4a9c84a6c9a07569d6a) Importer(2089858483,b0f066a214c2f5e87bad3c948f4d605d) (ScriptedImporter) -> (artifact id: 'e5babc236bc5ce691832afdc8721c993') in 0.0363804 seconds
Number of updated asset objects reloaded before import = 0Number of asset objects unloaded after import = 4

========================================================================
Received Import Request.
  Time since last request: 0.000031 seconds.
  path: Assets/ModAssets/Fonts/Raleway-Regular SDF.asset
  artifactKey: Guid(2abf75d6e0d8a4aa6910fae6ee5d638b) Importer(2089858483,b0f066a214c2f5e87bad3c948f4d605d)
Start importing Assets/ModAssets/Fonts/Raleway-Regular SDF.asset using Guid(2abf75d6e0d8a4aa6910fae6ee5d638b) Importer(2089858483,b0f066a214c2f5e87bad3c948f4d605d) (ScriptedImporter) -> (artifact id: 'd4e9d58a68d0c957c35a74508af28237') in 0.0525466 seconds
Number of updated asset objects reloaded before import = 0Number of asset objects unloaded after import = 5

========================================================================
Received Import Request.
  Time since last request: 0.000029 seconds.
  path: Assets/FPS/Scripts/Editor/PrefabReplacerEditor.cs
  artifactKey: Guid(1a6c78584504d3a4ebb6211df75433d7) Importer(2089858483,b0f066a214c2f5e87bad3c948f4d605d)
Start importing Assets/FPS/Scripts/Editor/PrefabReplacerEditor.cs using Guid(1a6c78584504d3a4ebb6211df75433d7) Importer(2089858483,b0f066a214c2f5e87bad3c948f4d605d) (ScriptedImporter) -> (artifact id: '5d4c6a0bc716f896e306f5db32d8c422') in 0.0240783 seconds
Number of updated asset objects reloaded before import = 0Number of asset objects unloaded after import = 0

========================================================================
Received Import Request.
  Time since last request: 0.000033 seconds.
  path: Assets/FPS/Animation/Turret/Turret@ActivatedHurt.fbx
  artifactKey: Guid(2a883265866f68f44b24327c4c23275e) Importer(2089858483,b0f066a214c2f5e87bad3c948f4d605d)
Start importing Assets/FPS/Animation/Turret/Turret@ActivatedHurt.fbx using Guid(2a883265866f68f44b24327c4c23275e) Importer(2089858483,b0f066a214c2f5e87bad3c948f4d605d) (ScriptedImporter) -> (artifact id: 'f780118294ee4520c77a5cbe234ea3a4') in 0.04017 seconds
Number of updated asset objects reloaded before import = 0Number of asset objects unloaded after import = 20

========================================================================
Received Import Request.
  Time since last request: 0.000053 seconds.
  path: Assets/FPS/Prefabs/Level/Dungeon/Dun_Tower.prefab
  artifactKey: Guid(8417428a3ba2f8946ab5205bd869364b) Importer(2089858483,b0f066a214c2f5e87bad3c948f4d605d)
Start importing Assets/FPS/Prefabs/Level/Dungeon/Dun_Tower.prefab using Guid(8417428a3ba2f8946ab5205bd869364b) Importer(2089858483,b0f066a214c2f5e87bad3c948f4d605d) (ScriptedImporter) -> (artifact id: '2acb6bf38e7fb31a318a59aad98433ba') in 0.0562289 seconds
Number of updated asset objects reloaded before import = 0Number of asset objects unloaded after import = 181

========================================================================
Received Import Request.
  Time since last request: 0.000051 seconds.
  path: Assets/FPS/Audio/SFX/Enemies/Turret_Attack.wav
  artifactKey: Guid(0d44f0cb2e91f5f4ca09aded9a1bd9ab) Importer(2089858483,b0f066a214c2f5e87bad3c948f4d605d)
Start importing Assets/FPS/Audio/SFX/Enemies/Turret_Attack.wav using Guid(0d44f0cb2e91f5f4ca09aded9a1bd9ab) Importer(2089858483,b0f066a214c2f5e87bad3c948f4d605d) (ScriptedImporter) -> (artifact id: '781715ed1e4e4d0cfeb19955a35c5f39') in 0.0846473 seconds
Number of updated asset objects reloaded before import = 0Number of asset objects unloaded after import = 1

========================================================================
Received Import Request.
  Time since last request: 0.000039 seconds.
  path: Assets/FPS/Prefabs/Level/Floors/Floor_18x18.prefab
  artifactKey: Guid(7042f8fe21debc944b5bdc894f478d63) Importer(2089858483,b0f066a214c2f5e87bad3c948f4d605d)
Start importing Assets/FPS/Prefabs/Level/Floors/Floor_18x18.prefab using Guid(7042f8fe21debc944b5bdc894f478d63) Importer(2089858483,b0f066a214c2f5e87bad3c948f4d605d) (ScriptedImporter) -> (artifact id: '9e26c1b2bb70c084a27cb9542a45c900') in 0.1230287 seconds
Number of updated asset objects reloaded before import = 0Number of asset objects unloaded after import = 2361

========================================================================
Received Import Request.
  Time since last request: 0.000080 seconds.
  path: Assets/FPS/Prefabs/Level/Dungeon/Dun_Descent.prefab
  artifactKey: Guid(91e047326c7121248bcdf81ab6f4a6fa) Importer(2089858483,b0f066a214c2f5e87bad3c948f4d605d)
Start importing Assets/FPS/Prefabs/Level/Dungeon/Dun_Descent.prefab using Guid(91e047326c7121248bcdf81ab6f4a6fa) Importer(2089858483,b0f066a214c2f5e87bad3c948f4d605d) (ScriptedImporter) -> (artifact id: '330b8cb45a9f748e0d8747317a1ecadb') in 0.0487878 seconds
Number of updated asset objects reloaded before import = 0Number of asset objects unloaded after import = 542

========================================================================
Received Import Request.
  Time since last request: 0.000056 seconds.
  path: Assets/FPS/Prefabs/Level/BaseObjects/Wall_Window_Mesh.prefab
  artifactKey: Guid(f40315d44d0aa1744adca0bd971f7293) Importer(2089858483,b0f066a214c2f5e87bad3c948f4d605d)
Start importing Assets/FPS/Prefabs/Level/BaseObjects/Wall_Window_Mesh.prefab using Guid(f40315d44d0aa1744adca0bd971f7293) Importer(2089858483,b0f066a214c2f5e87bad3c948f4d605d) (ScriptedImporter) -> (artifact id: '3cc9bda0ee426329e4e869db6c74578e') in 0.0962311 seconds
Number of updated asset objects reloaded before import = 0Number of asset objects unloaded after import = 9

========================================================================
Received Import Request.
  Time since last request: 0.000057 seconds.
  path: Assets/FPS/Audio/SFX/Weapons/Launcher_Charge_BuildUp.wav
  artifactKey: Guid(7a0479c7c60da2d45b93a1af1afe6c1e) Importer(2089858483,b0f066a214c2f5e87bad3c948f4d605d)
Start importing Assets/FPS/Audio/SFX/Weapons/Launcher_Charge_BuildUp.wav using Guid(7a0479c7c60da2d45b93a1af1afe6c1e) Importer(2089858483,b0f066a214c2f5e87bad3c948f4d605d) (ScriptedImporter) -> (artifact id: '7b7ce09d0ada18c4e7ea9dc3fd8f8c56') in 0.1182971 seconds
Number of updated asset objects reloaded before import = 0Number of asset objects unloaded after import = 1

========================================================================
Received Import Request.
  Time since last request: 0.000058 seconds.
  path: Assets/FPS/Audio/SFX/Enemies/Turret_Death.wav
  artifactKey: Guid(65b7d1df144c6944cab9d6686649df0b) Importer(2089858483,b0f066a214c2f5e87bad3c948f4d605d)
Start importing Assets/FPS/Audio/SFX/Enemies/Turret_Death.wav using Guid(65b7d1df144c6944cab9d6686649df0b) Importer(2089858483,b0f066a214c2f5e87bad3c948f4d605d) (ScriptedImporter) -> (artifact id: '8e151990021854c4e7909ee8e58cf80f') in 0.127055 seconds
Number of updated asset objects reloaded before import = 0Number of asset objects unloaded after import = 1

========================================================================
Received Import Request.
  Time since last request: 0.000064 seconds.
  path: Assets/FPS/Prefabs/Level/BaseObjects/Dun_BigDoor_Mesh.prefab
  artifactKey: Guid(7bc503aa9132b4e47a448315b66731b4) Importer(2089858483,b0f066a214c2f5e87bad3c948f4d605d)
Start importing Assets/FPS/Prefabs/Level/BaseObjects/Dun_BigDoor_Mesh.prefab using Guid(7bc503aa9132b4e47a448315b66731b4) Importer(2089858483,b0f066a214c2f5e87bad3c948f4d605d) (ScriptedImporter) -> (artifact id: '59f7abe21ae65d7448111951d99b8333') in 0.10293 seconds
Number of updated asset objects reloaded before import = 0Number of asset objects unloaded after import = 9

========================================================================
Received Import Request.
  Time since last request: 0.000093 seconds.
  path: Assets/FPS/Audio/SFX/Player/Damage_Tick2.mp3
  artifactKey: Guid(a7fae22399a6e1d448dc0dd2210f1dac) Importer(2089858483,b0f066a214c2f5e87bad3c948f4d605d)
Start importing Assets/FPS/Audio/SFX/Player/Damage_Tick2.mp3 using Guid(a7fae22399a6e1d448dc0dd2210f1dac) Importer(2089858483,b0f066a214c2f5e87bad3c948f4d605d) (ScriptedImporter) -> (artifact id: '03c1de59c42a7946bd5c81ee97f722b5') in 0.1080828 seconds
Number of updated asset objects reloaded before import = 0Number of asset objects unloaded after import = 1

========================================================================
Received Import Request.
  Time since last request: 0.000050 seconds.
  path: Assets/FPS/Prefabs/Level/Catwalk/Cat_Corner_Window.prefab
  artifactKey: Guid(67dfe562c6d5b5f489cf79d46f97f6d1) Importer(2089858483,b0f066a214c2f5e87bad3c948f4d605d)
Start importing Assets/FPS/Prefabs/Level/Catwalk/Cat_Corner_Window.prefab using Guid(67dfe562c6d5b5f489cf79d46f97f6d1) Importer(2089858483,b0f066a214c2f5e87bad3c948f4d605d) (ScriptedImporter) -> (artifact id: 'aea6b64c2eca8cb573135dd8af7cbae2') in 0.0679448 seconds
Number of updated asset objects reloaded before import = 0Number of asset objects unloaded after import = 34

========================================================================
Received Import Request.
  Time since last request: 0.000062 seconds.
  path: Assets/FPS/Prefabs/Level/BaseObjects/Wall_4m_Mesh.prefab
  artifactKey: Guid(4f42672477f836a4281ef4c3bdfe6d05) Importer(2089858483,b0f066a214c2f5e87bad3c948f4d605d)
Start importing Assets/FPS/Prefabs/Level/BaseObjects/Wall_4m_Mesh.prefab using Guid(4f42672477f836a4281ef4c3bdfe6d05) Importer(2089858483,b0f066a214c2f5e87bad3c948f4d605d) (ScriptedImporter) -> (artifact id: '5e2077b05bd0867630f01748766e5f8c') in 0.0972301 seconds
Number of updated asset objects reloaded before import = 0Number of asset objects unloaded after import = 10

========================================================================
Received Import Request.
  Time since last request: 0.000049 seconds.
  path: Assets/FPS/Prefabs/Level/BaseObjects/Wall_1m_Mesh.prefab
  artifactKey: Guid(22ee8966e4c728a418415db5731c87ae) Importer(2089858483,b0f066a214c2f5e87bad3c948f4d605d)
Start importing Assets/FPS/Prefabs/Level/BaseObjects/Wall_1m_Mesh.prefab using Guid(22ee8966e4c728a418415db5731c87ae) Importer(2089858483,b0f066a214c2f5e87bad3c948f4d605d) (ScriptedImporter) -> (artifact id: '90a3f8e07b5ce66aa8ecbad5421744be') in 0.0816005 seconds
Number of updated asset objects reloaded before import = 0Number of asset objects unloaded after import = 10

========================================================================
Received Import Request.
  Time since last request: 0.000060 seconds.
  path: Assets/FPS/Prefabs/Level/BaseObjects/Floor_Indented_Mesh.prefab
  artifactKey: Guid(18c9e52711cee4b40bfb4317ae7f329e) Importer(2089858483,b0f066a214c2f5e87bad3c948f4d605d)
Start importing Assets/FPS/Prefabs/Level/BaseObjects/Floor_Indented_Mesh.prefab using Guid(18c9e52711cee4b40bfb4317ae7f329e) Importer(2089858483,b0f066a214c2f5e87bad3c948f4d605d) (ScriptedImporter) -> (artifact id: 'edf71fbabaef0561eb9979c71978cc8a') in 0.0793819 seconds
Number of updated asset objects reloaded before import = 0Number of asset objects unloaded after import = 10

========================================================================
Received Import Request.
  Time since last request: 0.000039 seconds.
  path: Assets/FPS/Prefabs/Level/Dungeon/Dun_DeadEnd.prefab
  artifactKey: Guid(321d2a485bfb5d34bb45484bb8f7f6f5) Importer(2089858483,b0f066a214c2f5e87bad3c948f4d605d)
Start importing Assets/FPS/Prefabs/Level/Dungeon/Dun_DeadEnd.prefab using Guid(321d2a485bfb5d34bb45484bb8f7f6f5) Importer(2089858483,b0f066a214c2f5e87bad3c948f4d605d) (ScriptedImporter) -> (artifact id: 'a22f338e93648ff1cf17abfa881c5ddb') in 0.0778717 seconds
Number of updated asset objects reloaded before import = 0Number of asset objects unloaded after import = 137

========================================================================
Received Import Request.
  Time since last request: 0.000088 seconds.
  path: Assets/FPS/Prefabs/Level/Steps/ShortSteps_Corner.prefab
  artifactKey: Guid(5e8e145d9b9fbd94da86fdb8ed2c0cb1) Importer(2089858483,b0f066a214c2f5e87bad3c948f4d605d)
Start importing Assets/FPS/Prefabs/Level/Steps/ShortSteps_Corner.prefab using Guid(5e8e145d9b9fbd94da86fdb8ed2c0cb1) Importer(2089858483,b0f066a214c2f5e87bad3c948f4d605d) (ScriptedImporter) -> (artifact id: '63d17dff52baa696a75500a86075449e') in 0.0686197 seconds
Number of updated asset objects reloaded before import = 0Number of asset objects unloaded after import = 157

========================================================================
Received Import Request.
  Time since last request: 0.000081 seconds.
  path: Assets/FPS/Prefabs/Level/BaseObjects/Floor_HalfIndented_Mesh.prefab
  artifactKey: Guid(d207437c57685d148828d9db69949ca2) Importer(2089858483,b0f066a214c2f5e87bad3c948f4d605d)
Start importing Assets/FPS/Prefabs/Level/BaseObjects/Floor_HalfIndented_Mesh.prefab using Guid(d207437c57685d148828d9db69949ca2) Importer(2089858483,b0f066a214c2f5e87bad3c948f4d605d) (ScriptedImporter) -> (artifact id: '65e7ae7644003583389f3d0a8ef28de7') in 0.0921482 seconds
Number of updated asset objects reloaded before import = 0Number of asset objects unloaded after import = 10

========================================================================
Received Import Request.
  Time since last request: 0.000050 seconds.
  path: Assets/FPS/Prefabs/Level/Catwalk/Cat_Hall_Window.prefab
  artifactKey: Guid(746c7d274c4ae2244a99432c3be5212a) Importer(2089858483,b0f066a214c2f5e87bad3c948f4d605d)
Start importing Assets/FPS/Prefabs/Level/Catwalk/Cat_Hall_Window.prefab using Guid(746c7d274c4ae2244a99432c3be5212a) Importer(2089858483,b0f066a214c2f5e87bad3c948f4d605d) (ScriptedImporter) -> (artifact id: '78f297b44730447af25f01a61d031c39') in 0.0579347 seconds
Number of updated asset objects reloaded before import = 0Number of asset objects unloaded after import = 34

========================================================================
Received Import Request.
  Time since last request: 0.000110 seconds.
  path: Assets/FPS/Prefabs/Level/Steps/ShortSteps_Corner_Inverted.prefab
  artifactKey: Guid(89ba3c7a14290654fb1dd3b4e0df768b) Importer(2089858483,b0f066a214c2f5e87bad3c948f4d605d)
Start importing Assets/FPS/Prefabs/Level/Steps/ShortSteps_Corner_Inverted.prefab using Guid(89ba3c7a14290654fb1dd3b4e0df768b) Importer(2089858483,b0f066a214c2f5e87bad3c948f4d605d) (ScriptedImporter) -> (artifact id: '7119afb32c949cddfb9ba4cc35d45e6b') in 0.0604187 seconds
Number of updated asset objects reloaded before import = 0Number of asset objects unloaded after import = 111

========================================================================
Received Import Request.
  Time since last request: 0.000091 seconds.
  path: Assets/FPS/Prefabs/Level/Steps/ShortSteps_Inverted.prefab
  artifactKey: Guid(ed3df5433ae26c54e957a9626daf8332) Importer(2089858483,b0f066a214c2f5e87bad3c948f4d605d)
Start importing Assets/FPS/Prefabs/Level/Steps/ShortSteps_Inverted.prefab using Guid(ed3df5433ae26c54e957a9626daf8332) Importer(2089858483,b0f066a214c2f5e87bad3c948f4d605d) (ScriptedImporter) -> (artifact id: 'dabc35269f8e25599782c14f665baf9a') in 0.0631537 seconds
Number of updated asset objects reloaded before import = 0Number of asset objects unloaded after import = 36

========================================================================
Received Import Request.
  Time since last request: 0.000258 seconds.
  path: Assets/FPS/Prefabs/Level/Floors/Floor_9x9.prefab
  artifactKey: Guid(9b7d8a511d161be4d9c32aae2e937170) Importer(2089858483,b0f066a214c2f5e87bad3c948f4d605d)
Start importing Assets/FPS/Prefabs/Level/Floors/Floor_9x9.prefab using Guid(9b7d8a511d161be4d9c32aae2e937170) Importer(2089858483,b0f066a214c2f5e87bad3c948f4d605d) (ScriptedImporter) -> (artifact id: 'b59be0236b14da72fd00b55f5f572332') in 0.0946905 seconds
Number of updated asset objects reloaded before import = 0Number of asset objects unloaded after import = 592

========================================================================
Received Import Request.
  Time since last request: 0.000078 seconds.
  path: Assets/FPS/Prefabs/Level/Dungeon/Dun_Corner.prefab
  artifactKey: Guid(1357d534d67e44349a4b7c67840165c7) Importer(2089858483,b0f066a214c2f5e87bad3c948f4d605d)
Start importing Assets/FPS/Prefabs/Level/Dungeon/Dun_Corner.prefab using Guid(1357d534d67e44349a4b7c67840165c7) Importer(2089858483,b0f066a214c2f5e87bad3c948f4d605d) (ScriptedImporter) -> (artifact id: 'c05c675a28b3a59f22ef2fb6dd91021f') in 0.0482628 seconds
Number of updated asset objects reloaded before import = 0Number of asset objects unloaded after import = 93

========================================================================
Received Import Request.
  Time since last request: 0.000073 seconds.
  path: Assets/FPS/Art/Textures/Weapons/Launcher_Normal.png
  artifactKey: Guid(86f145854ac56cc4e81378d20cc8dc5c) Importer(2089858483,b0f066a214c2f5e87bad3c948f4d605d)
Start importing Assets/FPS/Art/Textures/Weapons/Launcher_Normal.png using Guid(86f145854ac56cc4e81378d20cc8dc5c) Importer(2089858483,b0f066a214c2f5e87bad3c948f4d605d) (ScriptedImporter) -> (artifact id: '0b584090e5a68a319fb59c7a06f9b82f') in 0.0429223 seconds
Number of updated asset objects reloaded before import = 0Number of asset objects unloaded after import = 1

========================================================================
Received Import Request.
  Time since last request: 0.000031 seconds.
  path: Assets/FPS/Prefabs/Level/Stairwell/Stairs_Small.prefab
  artifactKey: Guid(7108e150085af0d4fb586ff1f856a7f2) Importer(2089858483,b0f066a214c2f5e87bad3c948f4d605d)
Start importing Assets/FPS/Prefabs/Level/Stairwell/Stairs_Small.prefab using Guid(7108e150085af0d4fb586ff1f856a7f2) Importer(2089858483,b0f066a214c2f5e87bad3c948f4d605d) (ScriptedImporter) -> (artifact id: 'eced0da890430dd25085f8f3915bac29') in 0.1305356 seconds
Number of updated asset objects reloaded before import = 0Number of asset objects unloaded after import = 69

========================================================================
Received Import Request.
  Time since last request: 0.977491 seconds.
  path: Assets/ModAssets/Textures/billboard_2D_basic.png
  artifactKey: Guid(6448011b459a14b05969ad3bf1a44890) Importer(2089858483,b0f066a214c2f5e87bad3c948f4d605d)
Start importing Assets/ModAssets/Textures/billboard_2D_basic.png using Guid(6448011b459a14b05969ad3bf1a44890) Importer(2089858483,b0f066a214c2f5e87bad3c948f4d605d) (ScriptedImporter) -> (artifact id: '7debef4b693b9461bd7e1b248dd25768') in 0.0737896 seconds
Number of updated asset objects reloaded before import = 0Number of asset objects unloaded after import = 3

========================================================================
Received Import Request.
  Time since last request: 0.000051 seconds.
  path: Assets/FPS/Prefabs/PBObjects/Signs/Pyramid_Sign.obj
  artifactKey: Guid(8b30135d3ebbf57468d16c0fecd1cff0) Importer(2089858483,b0f066a214c2f5e87bad3c948f4d605d)
Start importing Assets/FPS/Prefabs/PBObjects/Signs/Pyramid_Sign.obj using Guid(8b30135d3ebbf57468d16c0fecd1cff0) Importer(2089858483,b0f066a214c2f5e87bad3c948f4d605d) (ScriptedImporter) -> (artifact id: '724c772765682e34128fa877918da28d') in 0.0624182 seconds
Number of updated asset objects reloaded before import = 0Number of asset objects unloaded after import = 10

========================================================================
Received Import Request.
  Time since last request: 0.000047 seconds.
  path: Assets/FPS/Prefabs/PBObjects/Walls/PBDun_BigDoor.prefab
  artifactKey: Guid(f9c6acb4512286140ba3d80a15b53cc9) Importer(2089858483,b0f066a214c2f5e87bad3c948f4d605d)
Start importing Assets/FPS/Prefabs/PBObjects/Walls/PBDun_BigDoor.prefab using Guid(f9c6acb4512286140ba3d80a15b53cc9) Importer(2089858483,b0f066a214c2f5e87bad3c948f4d605d) (ScriptedImporter) -> (artifact id: 'fd22e1344c965ee6692e6dd9ff662c8b') in 0.1145858 seconds
Number of updated asset objects reloaded before import = 0Number of asset objects unloaded after import = 11

========================================================================
Received Import Request.
  Time since last request: 0.000049 seconds.
  path: Assets/FPS/Prefabs/PBObjects/Ramps/PBRamp_4m.prefab
  artifactKey: Guid(a0e2ee208bb0e564493eaa5b31b76023) Importer(2089858483,b0f066a214c2f5e87bad3c948f4d605d)
Start importing Assets/FPS/Prefabs/PBObjects/Ramps/PBRamp_4m.prefab using Guid(a0e2ee208bb0e564493eaa5b31b76023) Importer(2089858483,b0f066a214c2f5e87bad3c948f4d605d) (ScriptedImporter) -> (artifact id: '7990369f313d475ffab723bba40444c2') in 0.085368 seconds
Number of updated asset objects reloaded before import = 0Number of asset objects unloaded after import = 11

========================================================================
Received Import Request.
  Time since last request: 0.000073 seconds.
  path: Assets/FPS/Scripts/Game/Managers/AudioManager.cs
  artifactKey: Guid(1d54177cab788734b8ecb4674c6e5328) Importer(2089858483,b0f066a214c2f5e87bad3c948f4d605d)
Start importing Assets/FPS/Scripts/Game/Managers/AudioManager.cs using Guid(1d54177cab788734b8ecb4674c6e5328) Importer(2089858483,b0f066a214c2f5e87bad3c948f4d605d) (ScriptedImporter) -> (artifact id: 'ebd527e1016dc9f52e119ce28f4246b1') in 0.0371997 seconds
Number of updated asset objects reloaded before import = 0Number of asset objects unloaded after import = 0

========================================================================
Received Import Request.
  Time since last request: 0.000029 seconds.
  path: Assets/FPS/Prefabs/PBObjects/Floors/PBFloor_Indented.prefab
  artifactKey: Guid(3013fbf8357b752438198ff1f3ac02af) Importer(2089858483,b0f066a214c2f5e87bad3c948f4d605d)
Start importing Assets/FPS/Prefabs/PBObjects/Floors/PBFloor_Indented.prefab using Guid(3013fbf8357b752438198ff1f3ac02af) Importer(2089858483,b0f066a214c2f5e87bad3c948f4d605d) (ScriptedImporter) -> (artifact id: 'c3c9ccd1016c849e6655261fbaf87de9') in 0.0769695 seconds
Number of updated asset objects reloaded before import = 0Number of asset objects unloaded after import = 30

========================================================================
Received Import Request.
  Time since last request: 0.000055 seconds.
  path: Assets/FPS/Prefabs/PBObjects/Signs/Diamond_Sign.obj
  artifactKey: Guid(b13d7a31114e72d45aa1057483b23f8d) Importer(2089858483,b0f066a214c2f5e87bad3c948f4d605d)
Start importing Assets/FPS/Prefabs/PBObjects/Signs/Diamond_Sign.obj using Guid(b13d7a31114e72d45aa1057483b23f8d) Importer(2089858483,b0f066a214c2f5e87bad3c948f4d605d) (ScriptedImporter) -> (artifact id: 'ca7851a884e2d3de99cb3b09b281f50f') in 0.0512987 seconds
Number of updated asset objects reloaded before import = 0Number of asset objects unloaded after import = 9

========================================================================
Received Import Request.
  Time since last request: 0.000070 seconds.
  path: Assets/FPS/Scripts/Game/Managers/EventManager.cs
  artifactKey: Guid(30e5751c33b241646926d24ab481e1f3) Importer(2089858483,b0f066a214c2f5e87bad3c948f4d605d)
Start importing Assets/FPS/Scripts/Game/Managers/EventManager.cs using Guid(30e5751c33b241646926d24ab481e1f3) Importer(2089858483,b0f066a214c2f5e87bad3c948f4d605d) (ScriptedImporter) -> (artifact id: '0819c0cf3be6b118ef10f1277cba1db2') in 0.0300019 seconds
Number of updated asset objects reloaded before import = 0Number of asset objects unloaded after import = 0

========================================================================
Received Import Request.
  Time since last request: 0.000039 seconds.
  path: Assets/FPS/Scripts/Game/Shared/Damageable.cs
  artifactKey: Guid(f9b0ce1bb69c96b49a7ac1098a7f5796) Importer(2089858483,b0f066a214c2f5e87bad3c948f4d605d)
Start importing Assets/FPS/Scripts/Game/Shared/Damageable.cs using Guid(f9b0ce1bb69c96b49a7ac1098a7f5796) Importer(2089858483,b0f066a214c2f5e87bad3c948f4d605d) (ScriptedImporter) -> (artifact id: '373a4a0fb54fcf8c64a14411372baf0a') in 0.0321128 seconds
Number of updated asset objects reloaded before import = 0Number of asset objects unloaded after import = 0

========================================================================
Received Import Request.
  Time since last request: 0.000068 seconds.
  path: Assets/FPS/Scripts/Game/Managers/GameFlowManager.cs
  artifactKey: Guid(5e1fea5cb3ddbc249bd0181e6766db68) Importer(2089858483,b0f066a214c2f5e87bad3c948f4d605d)
Start importing Assets/FPS/Scripts/Game/Managers/GameFlowManager.cs using Guid(5e1fea5cb3ddbc249bd0181e6766db68) Importer(2089858483,b0f066a214c2f5e87bad3c948f4d605d) (ScriptedImporter) -> (artifact id: '5bf9ef3665dc8239bf4e4fbe23d5ab63') in 0.0298816 seconds
Number of updated asset objects reloaded before import = 0Number of asset objects unloaded after import = 0

========================================================================
Received Import Request.
  Time since last request: 0.000062 seconds.
  path: Assets/FPS/Prefabs/PBObjects/Signs/Triangle_Sign.obj
  artifactKey: Guid(cbf9f84f6fe461748b563d70057103bb) Importer(2089858483,b0f066a214c2f5e87bad3c948f4d605d)
Start importing Assets/FPS/Prefabs/PBObjects/Signs/Triangle_Sign.obj using Guid(cbf9f84f6fe461748b563d70057103bb) Importer(2089858483,b0f066a214c2f5e87bad3c948f4d605d) (ScriptedImporter) -> (artifact id: '84057807b9577b556282c686f9a9d8b6') in 0.04363 seconds
Number of updated asset objects reloaded before import = 0Number of asset objects unloaded after import = 9

========================================================================
Received Import Request.
  Time since last request: 0.000039 seconds.
  path: Assets/FPS/Scripts/Gameplay/Objectives/ObjectivePickupItem.cs
  artifactKey: Guid(33498356859fc2040b30fc2e60beac7f) Importer(2089858483,b0f066a214c2f5e87bad3c948f4d605d)
Start importing Assets/FPS/Scripts/Gameplay/Objectives/ObjectivePickupItem.cs using Guid(33498356859fc2040b30fc2e60beac7f) Importer(2089858483,b0f066a214c2f5e87bad3c948f4d605d) (ScriptedImporter) -> (artifact id: '05084eb6d621441c642b922aa3288fa0') in 0.0334377 seconds
Number of updated asset objects reloaded before import = 0Number of asset objects unloaded after import = 0

========================================================================
Received Import Request.
  Time since last request: 0.000048 seconds.
  path: Assets/FPS/Scripts/Gameplay/Managers/PlayerInputHandler.cs
  artifactKey: Guid(dac5ddb3ce9b8884ca9588dc620ffcab) Importer(2089858483,b0f066a214c2f5e87bad3c948f4d605d)
Start importing Assets/FPS/Scripts/Gameplay/Managers/PlayerInputHandler.cs using Guid(dac5ddb3ce9b8884ca9588dc620ffcab) Importer(2089858483,b0f066a214c2f5e87bad3c948f4d605d) (ScriptedImporter) -> (artifact id: 'aaa22ddea443435852b4f8407ff4a52e') in 0.0317836 seconds
Number of updated asset objects reloaded before import = 0Number of asset objects unloaded after import = 0

========================================================================
Received Import Request.
  Time since last request: 0.000065 seconds.
  path: Assets/FPS/Scripts/Gameplay/Managers/PlayerWeaponsManager.cs
  artifactKey: Guid(c6b4f98e62f1d104f8658bba08e5d56f) Importer(2089858483,b0f066a214c2f5e87bad3c948f4d605d)
Start importing Assets/FPS/Scripts/Gameplay/Managers/PlayerWeaponsManager.cs using Guid(c6b4f98e62f1d104f8658bba08e5d56f) Importer(2089858483,b0f066a214c2f5e87bad3c948f4d605d) (ScriptedImporter) -> (artifact id: 'f7682cc64f41ee1bc747e629c089d51b') in 0.0368151 seconds
Number of updated asset objects reloaded before import = 0Number of asset objects unloaded after import = 0

========================================================================
Received Import Request.
  Time since last request: 0.000042 seconds.
  path: Assets/FPS/Scripts/Game/Shared/WeaponController.cs
  artifactKey: Guid(3ad90ba0b1477764da373f5ec01a8cb5) Importer(2089858483,b0f066a214c2f5e87bad3c948f4d605d)
Start importing Assets/FPS/Scripts/Game/Shared/WeaponController.cs using Guid(3ad90ba0b1477764da373f5ec01a8cb5) Importer(2089858483,b0f066a214c2f5e87bad3c948f4d605d) (ScriptedImporter) -> (artifact id: '2d4f2c12aa5fbacf43813e4bc80f251f') in 0.0355811 seconds
Number of updated asset objects reloaded before import = 0Number of asset objects unloaded after import = 0

========================================================================
Received Import Request.
  Time since last request: 0.000042 seconds.
  path: Assets/FPS/Tutorials/6_BuildAndPublish/Criteria/PublishCriteria.cs
  artifactKey: Guid(c3420f187011c1a43824ca0d4c88d6c6) Importer(2089858483,b0f066a214c2f5e87bad3c948f4d605d)
Start importing Assets/FPS/Tutorials/6_BuildAndPublish/Criteria/PublishCriteria.cs using Guid(c3420f187011c1a43824ca0d4c88d6c6) Importer(2089858483,b0f066a214c2f5e87bad3c948f4d605d) (ScriptedImporter) -> (artifact id: '52a5aaff5f8e59b7db698593fe4491eb') in 0.0405199 seconds
Number of updated asset objects reloaded before import = 0Number of asset objects unloaded after import = 0

========================================================================
Received Import Request.
  Time since last request: 0.000048 seconds.
  path: Assets/FPS/Prefabs/Level/MainLvl/Section1/Observatory.prefab
  artifactKey: Guid(659fddafec3ba284aaa98efbc1d55aed) Importer(2089858483,b0f066a214c2f5e87bad3c948f4d605d)
Start importing Assets/FPS/Prefabs/Level/MainLvl/Section1/Observatory.prefab using Guid(659fddafec3ba284aaa98efbc1d55aed) Importer(2089858483,b0f066a214c2f5e87bad3c948f4d605d) (ScriptedImporter) -> (artifact id: '48953912c51dd620d101067e57503541') in 0.0993496 seconds
Number of updated asset objects reloaded before import = 0Number of asset objects unloaded after import = 322

========================================================================
Received Import Request.
  Time since last request: 0.000062 seconds.
  path: Assets/FPS/Scripts/Gameplay/Objectives/ObjectiveReachPoint.cs
  artifactKey: Guid(37fff5bb19450134f9e207f3823811fa) Importer(2089858483,b0f066a214c2f5e87bad3c948f4d605d)
Start importing Assets/FPS/Scripts/Gameplay/Objectives/ObjectiveReachPoint.cs using Guid(37fff5bb19450134f9e207f3823811fa) Importer(2089858483,b0f066a214c2f5e87bad3c948f4d605d) (ScriptedImporter) -> (artifact id: '62e66fe29564554193bffcf1f61255ab') in 0.0473099 seconds
Number of updated asset objects reloaded before import = 0Number of asset objects unloaded after import = 0

========================================================================
Received Import Request.
  Time since last request: 0.000060 seconds.
  path: Assets/FPS/Prefabs/Level/MainLvl/Section1/Observatory_Ramp.prefab
  artifactKey: Guid(cf150224d27671b43b579910ad5ce98c) Importer(2089858483,b0f066a214c2f5e87bad3c948f4d605d)
Start importing Assets/FPS/Prefabs/Level/MainLvl/Section1/Observatory_Ramp.prefab using Guid(cf150224d27671b43b579910ad5ce98c) Importer(2089858483,b0f066a214c2f5e87bad3c948f4d605d) (ScriptedImporter) -> (artifact id: '40ac6c587c41f8ee6ca9988948e28b13') in 0.1503219 seconds
Number of updated asset objects reloaded before import = 0Number of asset objects unloaded after import = 253

========================================================================
Received Import Request.
  Time since last request: 0.000045 seconds.
  path: Assets/FPS/Prefabs/Level/MainLvl/Section2/Entry_Section.prefab
  artifactKey: Guid(02eee05f11a824a40bff1529b0c3c055) Importer(2089858483,b0f066a214c2f5e87bad3c948f4d605d)
Start importing Assets/FPS/Prefabs/Level/MainLvl/Section2/Entry_Section.prefab using Guid(02eee05f11a824a40bff1529b0c3c055) Importer(2089858483,b0f066a214c2f5e87bad3c948f4d605d) (ScriptedImporter) -> (artifact id: '0e007af0dea8fea2ffdf73ffe8b037b5') in 0.1078472 seconds
Number of updated asset objects reloaded before import = 0Number of asset objects unloaded after import = 1492

========================================================================
Received Import Request.
  Time since last request: 0.000083 seconds.
  path: Assets/FPS/Prefabs/Level/MainLvl/Section3/Balcony.prefab
  artifactKey: Guid(1930017837ac8e64fb22a95f263318a5) Importer(2089858483,b0f066a214c2f5e87bad3c948f4d605d)
Start importing Assets/FPS/Prefabs/Level/MainLvl/Section3/Balcony.prefab using Guid(1930017837ac8e64fb22a95f263318a5) Importer(2089858483,b0f066a214c2f5e87bad3c948f4d605d) (ScriptedImporter) -> (artifact id: 'f0fdb491d64cb555eb85926774097122') in 0.1278141 seconds
Number of updated asset objects reloaded before import = 0Number of asset objects unloaded after import = 430

========================================================================
Received Import Request.
  Time since last request: 0.000053 seconds.
  path: Assets/FPS/Prefabs/Level/MainLvl/Section1/Observatory_Hall.prefab
  artifactKey: Guid(a3c82ee5effb7634f949be4798cda766) Importer(2089858483,b0f066a214c2f5e87bad3c948f4d605d)
Start importing Assets/FPS/Prefabs/Level/MainLvl/Section1/Observatory_Hall.prefab using Guid(a3c82ee5effb7634f949be4798cda766) Importer(2089858483,b0f066a214c2f5e87bad3c948f4d605d) (ScriptedImporter) -> (artifact id: 'b003e77cc2e01e374ca420ae14630898') in 0.0801868 seconds
Number of updated asset objects reloaded before import = 0Number of asset objects unloaded after import = 316

========================================================================
Received Import Request.
  Time since last request: 0.000054 seconds.
  path: Assets/FPS/Prefabs/PBObjects/Floors/PBFloor_HalfIndented.prefab
  artifactKey: Guid(32faa95f023037845b85edb3fbf50243) Importer(2089858483,b0f066a214c2f5e87bad3c948f4d605d)
Start importing Assets/FPS/Prefabs/PBObjects/Floors/PBFloor_HalfIndented.prefab using Guid(32faa95f023037845b85edb3fbf50243) Importer(2089858483,b0f066a214c2f5e87bad3c948f4d605d) (ScriptedImporter) -> (artifact id: '403e671f5bc7b3271ec3c3beee5d256d') in 0.0691233 seconds
Number of updated asset objects reloaded before import = 0Number of asset objects unloaded after import = 30

========================================================================
Received Import Request.
  Time since last request: 0.000040 seconds.
  path: Assets/FPS/Scripts/Game/Shared/Objective.cs
  artifactKey: Guid(7535462baa2ed0d469f708cbe145b720) Importer(2089858483,b0f066a214c2f5e87bad3c948f4d605d)
Start importing Assets/FPS/Scripts/Game/Shared/Objective.cs using Guid(7535462baa2ed0d469f708cbe145b720) Importer(2089858483,b0f066a214c2f5e87bad3c948f4d605d) (ScriptedImporter) -> (artifact id: 'f04ceaad5f56940625b56b4f3de47280') in 0.0302518 seconds
Number of updated asset objects reloaded before import = 0Number of asset objects unloaded after import = 0

========================================================================
Received Import Request.
  Time since last request: 0.000066 seconds.
  path: Assets/FPS/Scripts/Game/Managers/ActorsManager.cs
  artifactKey: Guid(bf10145f6bd13744c8fd10972a92ac61) Importer(2089858483,b0f066a214c2f5e87bad3c948f4d605d)
Start importing Assets/FPS/Scripts/Game/Managers/ActorsManager.cs using Guid(bf10145f6bd13744c8fd10972a92ac61) Importer(2089858483,b0f066a214c2f5e87bad3c948f4d605d) (ScriptedImporter) -> (artifact id: 'caf4db9a580df354dbbb037cf9db7172') in 0.0329363 seconds
Number of updated asset objects reloaded before import = 0Number of asset objects unloaded after import = 0

========================================================================
Received Import Request.
  Time since last request: 0.000046 seconds.
  path: Assets/FPS/Prefabs/Level/MainLvl/Section3/Pit_Walls.prefab
  artifactKey: Guid(6f72a8daf2a7b2d4d8c0e3438358a8f1) Importer(2089858483,b0f066a214c2f5e87bad3c948f4d605d)
Start importing Assets/FPS/Prefabs/Level/MainLvl/Section3/Pit_Walls.prefab using Guid(6f72a8daf2a7b2d4d8c0e3438358a8f1) Importer(2089858483,b0f066a214c2f5e87bad3c948f4d605d) (ScriptedImporter) -> (artifact id: 'f1a011aa7cd7c2c48cd5ea36e2540862') in 0.0484692 seconds
Number of updated asset objects reloaded before import = 0Number of asset objects unloaded after import = 139

========================================================================
Received Import Request.
  Time since last request: 0.000050 seconds.
  path: Assets/FPS/Prefabs/Level/MainLvl/Section1/Observatory_Steps.prefab
  artifactKey: Guid(a1d9ebebecbf99e41bf34fcd5b5e9f62) Importer(2089858483,b0f066a214c2f5e87bad3c948f4d605d)
Start importing Assets/FPS/Prefabs/Level/MainLvl/Section1/Observatory_Steps.prefab using Guid(a1d9ebebecbf99e41bf34fcd5b5e9f62) Importer(2089858483,b0f066a214c2f5e87bad3c948f4d605d) (ScriptedImporter) -> (artifact id: '0d0fac944751bbb684b41da7890b1cc7') in 0.0715216 seconds
Number of updated asset objects reloaded before import = 0Number of asset objects unloaded after import = 466

========================================================================
Received Import Request.
  Time since last request: 0.000047 seconds.
  path: Assets/FPS/Prefabs/PBObjects/Ramps/PBRamp_3m.prefab
  artifactKey: Guid(ad782b64af8253a4d93ead7507322ce2) Importer(2089858483,b0f066a214c2f5e87bad3c948f4d605d)
Start importing Assets/FPS/Prefabs/PBObjects/Ramps/PBRamp_3m.prefab using Guid(ad782b64af8253a4d93ead7507322ce2) Importer(2089858483,b0f066a214c2f5e87bad3c948f4d605d) (ScriptedImporter) -> (artifact id: '4d4849df1d31b9e2e41007886462465a') in 0.069588 seconds
Number of updated asset objects reloaded before import = 0Number of asset objects unloaded after import = 12

========================================================================
Received Import Request.
  Time since last request: 0.000063 seconds.
  path: Assets/FPS/Scripts/UI/EnemyCounter.cs
  artifactKey: Guid(08c7efe3ccf2ba046911cbd83f3c8b72) Importer(2089858483,b0f066a214c2f5e87bad3c948f4d605d)
Start importing Assets/FPS/Scripts/UI/EnemyCounter.cs using Guid(08c7efe3ccf2ba046911cbd83f3c8b72) Importer(2089858483,b0f066a214c2f5e87bad3c948f4d605d) (ScriptedImporter) -> (artifact id: 'bc7ba5f9a02d355ac7171685cecb1d87') in 0.0348843 seconds
Number of updated asset objects reloaded before import = 0Number of asset objects unloaded after import = 0

========================================================================
Received Import Request.
  Time since last request: 0.000029 seconds.
  path: Assets/TextMesh Pro/Shaders/TMP_Bitmap.shader
  artifactKey: Guid(128e987d567d4e2c824d754223b3f3b0) Importer(2089858483,b0f066a214c2f5e87bad3c948f4d605d)
Start importing Assets/TextMesh Pro/Shaders/TMP_Bitmap.shader using Guid(128e987d567d4e2c824d754223b3f3b0) Importer(2089858483,b0f066a214c2f5e87bad3c948f4d605d) (ScriptedImporter) -> (artifact id: '39dfcd44725bae9cb664412f89082b2d') in 0.0320857 seconds
Number of updated asset objects reloaded before import = 0Number of asset objects unloaded after import = 1

========================================================================
Received Import Request.
  Time since last request: 0.000033 seconds.
  path: Assets/FPS/Prefabs/Level/BaseObjects/Basic_Floor_Mesh.prefab
  artifactKey: Guid(2a86e4ba493cd034cbc2c5713da1a643) Importer(2089858483,b0f066a214c2f5e87bad3c948f4d605d)
Start importing Assets/FPS/Prefabs/Level/BaseObjects/Basic_Floor_Mesh.prefab using Guid(2a86e4ba493cd034cbc2c5713da1a643) Importer(2089858483,b0f066a214c2f5e87bad3c948f4d605d) (ScriptedImporter) -> (artifact id: '64734450278d7594a2f468f54b1b40fd') in 0.0806926 seconds
Number of updated asset objects reloaded before import = 0Number of asset objects unloaded after import = 10

========================================================================
Received Import Request.
  Time since last request: 0.000058 seconds.
  path: Assets/FPS/Prefabs/Level/Catwalk/Cat_Hall_Wall.prefab
  artifactKey: Guid(b77f5c4eeade4314eba8af8750deeb16) Importer(2089858483,b0f066a214c2f5e87bad3c948f4d605d)
Start importing Assets/FPS/Prefabs/Level/Catwalk/Cat_Hall_Wall.prefab using Guid(b77f5c4eeade4314eba8af8750deeb16) Importer(2089858483,b0f066a214c2f5e87bad3c948f4d605d) (ScriptedImporter) -> (artifact id: '2d659bb2593f622d24af2e04ba26d91d') in 0.0801848 seconds
Number of updated asset objects reloaded before import = 0Number of asset objects unloaded after import = 34

========================================================================
Received Import Request.
  Time since last request: 0.000048 seconds.
  path: Assets/FPS/Audio/SFX/Pickups/Pickup_Health.wav
  artifactKey: Guid(8dfdbc346713580429db9079ad1ff964) Importer(2089858483,b0f066a214c2f5e87bad3c948f4d605d)
Start importing Assets/FPS/Audio/SFX/Pickups/Pickup_Health.wav using Guid(8dfdbc346713580429db9079ad1ff964) Importer(2089858483,b0f066a214c2f5e87bad3c948f4d605d) (ScriptedImporter) -> (artifact id: '487d9127244cdf0fe835695bfb7c80df') in 0.1534281 seconds
Number of updated asset objects reloaded before import = 0Number of asset objects unloaded after import = 1

========================================================================
Received Import Request.
  Time since last request: 0.000050 seconds.
  path: Assets/FPS/Audio/SFX/Enemies/Hoverbot_Attack.wav
  artifactKey: Guid(a56e3c9f90e17894eb1625f603eceb54) Importer(2089858483,b0f066a214c2f5e87bad3c948f4d605d)
Start importing Assets/FPS/Audio/SFX/Enemies/Hoverbot_Attack.wav using Guid(a56e3c9f90e17894eb1625f603eceb54) Importer(2089858483,b0f066a214c2f5e87bad3c948f4d605d) (ScriptedImporter) -> (artifact id: '8b8dd28affcb2984d895c96989983e36') in 0.0990032 seconds
Number of updated asset objects reloaded before import = 0Number of asset objects unloaded after import = 1

========================================================================
Received Import Request.
  Time since last request: 0.000044 seconds.
  path: Assets/FPS/Audio/SFX/Weapons/Weapon_Cooling.wav
  artifactKey: Guid(93331a7c9fe98494a84f18effb358899) Importer(2089858483,b0f066a214c2f5e87bad3c948f4d605d)
Start importing Assets/FPS/Audio/SFX/Weapons/Weapon_Cooling.wav using Guid(93331a7c9fe98494a84f18effb358899) Importer(2089858483,b0f066a214c2f5e87bad3c948f4d605d) (ScriptedImporter) -> (artifact id: '617f21bc8562ecfc0f1f304b36a496ae') in 0.1430161 seconds
Number of updated asset objects reloaded before import = 0Number of asset objects unloaded after import = 1

========================================================================
Received Import Request.
  Time since last request: 0.000069 seconds.
  path: Assets/FPS/Prefabs/Level/Dungeon/Dun_Hall_Corner.prefab
  artifactKey: Guid(e523504ee4a69944d86007881a6784b2) Importer(2089858483,b0f066a214c2f5e87bad3c948f4d605d)
Start importing Assets/FPS/Prefabs/Level/Dungeon/Dun_Hall_Corner.prefab using Guid(e523504ee4a69944d86007881a6784b2) Importer(2089858483,b0f066a214c2f5e87bad3c948f4d605d) (ScriptedImporter) -> (artifact id: 'e5432b3b901f2b6253269a6a4b7d7d7b') in 0.077994 seconds
Number of updated asset objects reloaded before import = 0Number of asset objects unloaded after import = 269

========================================================================
Received Import Request.
  Time since last request: 0.000056 seconds.
  path: Assets/FPS/Audio/SFX/Player/Land.wav
  artifactKey: Guid(d0f1afed8fa916244af6ca73579ded67) Importer(2089858483,b0f066a214c2f5e87bad3c948f4d605d)
Start importing Assets/FPS/Audio/SFX/Player/Land.wav using Guid(d0f1afed8fa916244af6ca73579ded67) Importer(2089858483,b0f066a214c2f5e87bad3c948f4d605d) (ScriptedImporter) -> (artifact id: 'e712548337b387fc75409ecc1b2e9a91') in 0.118588 seconds
Number of updated asset objects reloaded before import = 0Number of asset objects unloaded after import = 1

========================================================================
Received Import Request.
  Time since last request: 0.000064 seconds.
  path: Assets/FPS/Prefabs/Level/Rooms/Room_Altar.prefab
  artifactKey: Guid(115dbd335d944e049a14c0345b664cf6) Importer(2089858483,b0f066a214c2f5e87bad3c948f4d605d)
Start importing Assets/FPS/Prefabs/Level/Rooms/Room_Altar.prefab using Guid(115dbd335d944e049a14c0345b664cf6) Importer(2089858483,b0f066a214c2f5e87bad3c948f4d605d) (ScriptedImporter) -> (artifact id: '9047df62ba0b729189cbdb95315a868a') in 0.0832838 seconds
Number of updated asset objects reloaded before import = 0Number of asset objects unloaded after import = 510

========================================================================
Received Import Request.
  Time since last request: 0.000077 seconds.
  path: Assets/FPS/Prefabs/Level/Floors/Floor_6x6.prefab
  artifactKey: Guid(e37fa63419b53f34f99d1b98fda16468) Importer(2089858483,b0f066a214c2f5e87bad3c948f4d605d)
Start importing Assets/FPS/Prefabs/Level/Floors/Floor_6x6.prefab using Guid(e37fa63419b53f34f99d1b98fda16468) Importer(2089858483,b0f066a214c2f5e87bad3c948f4d605d) (ScriptedImporter) -> (artifact id: '32752ab00dc01b8ba230691c5dff588e') in 0.0566541 seconds
Number of updated asset objects reloaded before import = 0Number of asset objects unloaded after import = 265

========================================================================
Received Import Request.
  Time since last request: 0.000149 seconds.
  path: Assets/FPS/Prefabs/Level/Catwalk/Cat_Hall_Mix.prefab
  artifactKey: Guid(31cd6c201ec4ebd40bb41c07f40be4af) Importer(2089858483,b0f066a214c2f5e87bad3c948f4d605d)
Start importing Assets/FPS/Prefabs/Level/Catwalk/Cat_Hall_Mix.prefab using Guid(31cd6c201ec4ebd40bb41c07f40be4af) Importer(2089858483,b0f066a214c2f5e87bad3c948f4d605d) (ScriptedImporter) -> (artifact id: '9ea0148d4e202347959a75cc40dd60da') in 0.1063732 seconds
Number of updated asset objects reloaded before import = 0Number of asset objects unloaded after import = 35

========================================================================
Received Import Request.
  Time since last request: 0.000048 seconds.
  path: Assets/FPS/Audio/SFX/UI/Notification_End.wav
  artifactKey: Guid(a533219934975884e81c1add37af9930) Importer(2089858483,b0f066a214c2f5e87bad3c948f4d605d)
Start importing Assets/FPS/Audio/SFX/UI/Notification_End.wav using Guid(a533219934975884e81c1add37af9930) Importer(2089858483,b0f066a214c2f5e87bad3c948f4d605d) (ScriptedImporter) -> (artifact id: '737c471e0f85cdf630dbdbde38e1e069') in 0.1179525 seconds
Number of updated asset objects reloaded before import = 0Number of asset objects unloaded after import = 1

========================================================================
Received Import Request.
  Time since last request: 0.000051 seconds.
  path: Assets/FPS/Prefabs/Level/Stairwell/Stairs_Large.prefab
  artifactKey: Guid(757acbc2a10061e448acfff833eae77b) Importer(2089858483,b0f066a214c2f5e87bad3c948f4d605d)
Start importing Assets/FPS/Prefabs/Level/Stairwell/Stairs_Large.prefab using Guid(757acbc2a10061e448acfff833eae77b) Importer(2089858483,b0f066a214c2f5e87bad3c948f4d605d) (ScriptedImporter) -> (artifact id: '99dc7b4cc9c29735cb6ae592a49ea32f') in 0.0737862 seconds
Number of updated asset objects reloaded before import = 0Number of asset objects unloaded after import = 97

========================================================================
Received Import Request.
  Time since last request: 0.000043 seconds.
  path: Assets/FPS/Prefabs/Level/Floors/Floor_3x3.prefab
  artifactKey: Guid(d5920ec2e9589fa49af231931214586b) Importer(2089858483,b0f066a214c2f5e87bad3c948f4d605d)
Start importing Assets/FPS/Prefabs/Level/Floors/Floor_3x3.prefab using Guid(d5920ec2e9589fa49af231931214586b) Importer(2089858483,b0f066a214c2f5e87bad3c948f4d605d) (ScriptedImporter) -> (artifact id: '51e48514fceb8a40e9aa98453a910cf9') in 0.0796039 seconds
Number of updated asset objects reloaded before import = 0Number of asset objects unloaded after import = 68

========================================================================
Received Import Request.
  Time since last request: 0.000044 seconds.
  path: Assets/FPS/Prefabs/Level/Dungeon/Dun_Wall.prefab
  artifactKey: Guid(cd17687759887a0438ee021e51abc9d9) Importer(2089858483,b0f066a214c2f5e87bad3c948f4d605d)
Start importing Assets/FPS/Prefabs/Level/Dungeon/Dun_Wall.prefab using Guid(cd17687759887a0438ee021e51abc9d9) Importer(2089858483,b0f066a214c2f5e87bad3c948f4d605d) (ScriptedImporter) -> (artifact id: '2c71db48a8e3cbb54f8c9b0840172cb9') in 0.0388614 seconds
Number of updated asset objects reloaded before import = 0Number of asset objects unloaded after import = 47

========================================================================
Received Import Request.
  Time since last request: 0.000081 seconds.
  path: Assets/FPS/Prefabs/Level/Steps/HighStep_Triple.prefab
  artifactKey: Guid(84faee66b06b51e4291375b5ff54957e) Importer(2089858483,b0f066a214c2f5e87bad3c948f4d605d)
Start importing Assets/FPS/Prefabs/Level/Steps/HighStep_Triple.prefab using Guid(84faee66b06b51e4291375b5ff54957e) Importer(2089858483,b0f066a214c2f5e87bad3c948f4d605d) (ScriptedImporter) -> (artifact id: 'db84718fc9080183014b65b44112c5df') in 0.0633726 seconds
Number of updated asset objects reloaded before import = 0Number of asset objects unloaded after import = 176

========================================================================
Received Import Request.
  Time since last request: 0.000042 seconds.
  path: Assets/FPS/Prefabs/Level/Catwalk/Cat_Corner.prefab
  artifactKey: Guid(6ee78a789f6c76e4283d0503654c2859) Importer(2089858483,b0f066a214c2f5e87bad3c948f4d605d)
Start importing Assets/FPS/Prefabs/Level/Catwalk/Cat_Corner.prefab using Guid(6ee78a789f6c76e4283d0503654c2859) Importer(2089858483,b0f066a214c2f5e87bad3c948f4d605d) (ScriptedImporter) -> (artifact id: '964e770755a5d8f328192aff2fc8a116') in 0.0710883 seconds
Number of updated asset objects reloaded before import = 0Number of asset objects unloaded after import = 34

========================================================================
Received Import Request.
  Time since last request: 0.000051 seconds.
  path: Assets/FPS/Prefabs/Level/BaseObjects/Wall_Door_Mesh.prefab
  artifactKey: Guid(81f93335543589a4f91b584e567ac59e) Importer(2089858483,b0f066a214c2f5e87bad3c948f4d605d)
Start importing Assets/FPS/Prefabs/Level/BaseObjects/Wall_Door_Mesh.prefab using Guid(81f93335543589a4f91b584e567ac59e) Importer(2089858483,b0f066a214c2f5e87bad3c948f4d605d) (ScriptedImporter) -> (artifact id: '89d2ba1144f0d7156c100accd958efcf') in 0.0764609 seconds
Number of updated asset objects reloaded before import = 0Number of asset objects unloaded after import = 9

========================================================================
Received Import Request.
  Time since last request: 0.000075 seconds.
  path: Assets/FPS/Prefabs/Level/Walls/Wall_1m.prefab
  artifactKey: Guid(3e1dd0ea23e4fde4988edf3207e53029) Importer(2089858483,b0f066a214c2f5e87bad3c948f4d605d)
Start importing Assets/FPS/Prefabs/Level/Walls/Wall_1m.prefab using Guid(3e1dd0ea23e4fde4988edf3207e53029) Importer(2089858483,b0f066a214c2f5e87bad3c948f4d605d) (ScriptedImporter) -> (artifact id: 'a8de881c5827423cf0ff24a717a7298d') in 0.0709371 seconds
Number of updated asset objects reloaded before import = 0Number of asset objects unloaded after import = 10

========================================================================
Received Import Request.
  Time since last request: 0.000051 seconds.
  path: Assets/FPS/Audio/SFX/Enemies/Turret_Alert.mp3
  artifactKey: Guid(7fac2ef5c59df1a45985d3eb894e8d47) Importer(2089858483,b0f066a214c2f5e87bad3c948f4d605d)
Start importing Assets/FPS/Audio/SFX/Enemies/Turret_Alert.mp3 using Guid(7fac2ef5c59df1a45985d3eb894e8d47) Importer(2089858483,b0f066a214c2f5e87bad3c948f4d605d) (ScriptedImporter) -> (artifact id: '1bb2ac3783a29cc6989426f3cff07185') in 0.121416 seconds
Number of updated asset objects reloaded before import = 0Number of asset objects unloaded after import = 1

========================================================================
Received Import Request.
  Time since last request: 0.000091 seconds.
  path: Assets/FPS/Audio/SFX/Weapons/Launcher_Release.wav
  artifactKey: Guid(0cacf9e8e361eb24e9101b28422f7c08) Importer(2089858483,b0f066a214c2f5e87bad3c948f4d605d)
Start importing Assets/FPS/Audio/SFX/Weapons/Launcher_Release.wav using Guid(0cacf9e8e361eb24e9101b28422f7c08) Importer(2089858483,b0f066a214c2f5e87bad3c948f4d605d) (ScriptedImporter) -> (artifact id: '358991673f26878187e4f3c1048b737f') in 0.1338692 seconds
Number of updated asset objects reloaded before import = 0Number of asset objects unloaded after import = 1

========================================================================
Received Import Request.
  Time since last request: 0.000053 seconds.
  path: Assets/FPS/Prefabs/Level/Signs/Sign_Diamond.prefab
  artifactKey: Guid(a7566d85b04856b42a956c9b162ee747) Importer(2089858483,b0f066a214c2f5e87bad3c948f4d605d)
Start importing Assets/FPS/Prefabs/Level/Signs/Sign_Diamond.prefab using Guid(a7566d85b04856b42a956c9b162ee747) Importer(2089858483,b0f066a214c2f5e87bad3c948f4d605d) (ScriptedImporter) -> (artifact id: '7033f15224fe34bdb3fd9c6c2d8f27b0') in 0.0383068 seconds
Number of updated asset objects reloaded before import = 0Number of asset objects unloaded after import = 8

========================================================================
Received Import Request.
  Time since last request: 0.000055 seconds.
  path: Assets/FPS/Prefabs/Level/Rooms/Room_Medium.prefab
  artifactKey: Guid(35af8bf2573f2d9458eb42510e2d6006) Importer(2089858483,b0f066a214c2f5e87bad3c948f4d605d)
Start importing Assets/FPS/Prefabs/Level/Rooms/Room_Medium.prefab using Guid(35af8bf2573f2d9458eb42510e2d6006) Importer(2089858483,b0f066a214c2f5e87bad3c948f4d605d) (ScriptedImporter) -> (artifact id: '7747143aedd69e2f0805cfe22ef9eaca') in 0.0491287 seconds
Number of updated asset objects reloaded before import = 0Number of asset objects unloaded after import = 498

========================================================================
Received Import Request.
  Time since last request: 0.000050 seconds.
  path: Assets/FPS/Prefabs/Level/Signs/Sign_Triangle.prefab
  artifactKey: Guid(406361925eb618a49b3e29d64b5b734d) Importer(2089858483,b0f066a214c2f5e87bad3c948f4d605d)
Start importing Assets/FPS/Prefabs/Level/Signs/Sign_Triangle.prefab using Guid(406361925eb618a49b3e29d64b5b734d) Importer(2089858483,b0f066a214c2f5e87bad3c948f4d605d) (ScriptedImporter) -> (artifact id: 'f695755dd63f43ae5b76fcffffbe76cf') in 0.0635691 seconds
Number of updated asset objects reloaded before import = 0Number of asset objects unloaded after import = 8

========================================================================
Received Import Request.
  Time since last request: 0.000050 seconds.
  path: Assets/FPS/Prefabs/Level/Floors/Floor_Medium.prefab
  artifactKey: Guid(4612dab1e987c984e8995eb7732fd0d0) Importer(2089858483,b0f066a214c2f5e87bad3c948f4d605d)
Start importing Assets/FPS/Prefabs/Level/Floors/Floor_Medium.prefab using Guid(4612dab1e987c984e8995eb7732fd0d0) Importer(2089858483,b0f066a214c2f5e87bad3c948f4d605d) (ScriptedImporter) -> (artifact id: '149dce45ef7fee2b1f8bf7e833fbc6b1') in 0.0855335 seconds
Number of updated asset objects reloaded before import = 0Number of asset objects unloaded after import = 594

========================================================================
Received Import Request.
  Time since last request: 0.000050 seconds.
  path: Assets/FPS/Prefabs/Level/Crawl/Crawl_Hall.prefab
  artifactKey: Guid(af7e40baf6cbccc4eb3f8a7831226b96) Importer(2089858483,b0f066a214c2f5e87bad3c948f4d605d)
Start importing Assets/FPS/Prefabs/Level/Crawl/Crawl_Hall.prefab using Guid(af7e40baf6cbccc4eb3f8a7831226b96) Importer(2089858483,b0f066a214c2f5e87bad3c948f4d605d) (ScriptedImporter) -> (artifact id: 'f01572a87be9161a532a322adfa48a34') in 0.0807205 seconds
Number of updated asset objects reloaded before import = 0Number of asset objects unloaded after import = 203

========================================================================
Received Import Request.
  Time since last request: 0.000068 seconds.
  path: Assets/FPS/Prefabs/Level/Walls/Wall_4m.prefab
  artifactKey: Guid(7ba64c0944716c24f911914e2e6af7a4) Importer(2089858483,b0f066a214c2f5e87bad3c948f4d605d)
Start importing Assets/FPS/Prefabs/Level/Walls/Wall_4m.prefab using Guid(7ba64c0944716c24f911914e2e6af7a4) Importer(2089858483,b0f066a214c2f5e87bad3c948f4d605d) (ScriptedImporter) -> (artifact id: 'cb7afd3977bd5cbb7bdba5be566afa06') in 0.0804715 seconds
Number of updated asset objects reloaded before import = 0Number of asset objects unloaded after import = 10

========================================================================
Received Import Request.
  Time since last request: 0.000081 seconds.
  path: Assets/FPS/Prefabs/Level/Ramps/Ramp_3m.prefab
  artifactKey: Guid(37ff5dafe824cb045a19f983787808dd) Importer(2089858483,b0f066a214c2f5e87bad3c948f4d605d)
Start importing Assets/FPS/Prefabs/Level/Ramps/Ramp_3m.prefab using Guid(37ff5dafe824cb045a19f983787808dd) Importer(2089858483,b0f066a214c2f5e87bad3c948f4d605d) (ScriptedImporter) -> (artifact id: 'b0b9ce76d04362c3489c2ccb447335f3') in 0.076345 seconds
Number of updated asset objects reloaded before import = 0Number of asset objects unloaded after import = 10

========================================================================
Received Import Request.
  Time since last request: 0.000056 seconds.
  path: Assets/FPS/Prefabs/Level/Stairwell/Stairwell_Small.prefab
  artifactKey: Guid(80158efd6c78bab4e9903f1286f5409d) Importer(2089858483,b0f066a214c2f5e87bad3c948f4d605d)
Start importing Assets/FPS/Prefabs/Level/Stairwell/Stairwell_Small.prefab using Guid(80158efd6c78bab4e9903f1286f5409d) Importer(2089858483,b0f066a214c2f5e87bad3c948f4d605d) (ScriptedImporter) -> (artifact id: 'df667555aada63cb26724f7cb1260740') in 0.0748259 seconds
Number of updated asset objects reloaded before import = 0Number of asset objects unloaded after import = 173

========================================================================
Received Import Request.
  Time since last request: 0.000041 seconds.
  path: Assets/FPS/Prefabs/Level/Signs/Sign_Pyramid_Orange.prefab
  artifactKey: Guid(aa08b41b35f44f14b88700116e6ecff3) Importer(2089858483,b0f066a214c2f5e87bad3c948f4d605d)
Start importing Assets/FPS/Prefabs/Level/Signs/Sign_Pyramid_Orange.prefab using Guid(aa08b41b35f44f14b88700116e6ecff3) Importer(2089858483,b0f066a214c2f5e87bad3c948f4d605d) (ScriptedImporter) -> (artifact id: 'ce04bd6ffaad937a0f4c5275de1d9db3') in 0.0786054 seconds
Number of updated asset objects reloaded before import = 0Number of asset objects unloaded after import = 9

========================================================================
Received Import Request.
  Time since last request: 0.000067 seconds.
  path: Assets/FPS/Audio/SFX/Player/Land_Damage.wav
  artifactKey: Guid(ef980d09b569380459e609fe90ef1db2) Importer(2089858483,b0f066a214c2f5e87bad3c948f4d605d)
Start importing Assets/FPS/Audio/SFX/Player/Land_Damage.wav using Guid(ef980d09b569380459e609fe90ef1db2) Importer(2089858483,b0f066a214c2f5e87bad3c948f4d605d) (ScriptedImporter) -> (artifact id: '4fd234bcd66016202d2ce04571f70527') in 0.1293351 seconds
Number of updated asset objects reloaded before import = 0Number of asset objects unloaded after import = 1

========================================================================
Received Import Request.
  Time since last request: 0.000042 seconds.
  path: Assets/FPS/Audio/SFX/Player/Footstep.wav
  artifactKey: Guid(f404f8d3c2a4b4f48989fb1120e78fb8) Importer(2089858483,b0f066a214c2f5e87bad3c948f4d605d)
Start importing Assets/FPS/Audio/SFX/Player/Footstep.wav using Guid(f404f8d3c2a4b4f48989fb1120e78fb8) Importer(2089858483,b0f066a214c2f5e87bad3c948f4d605d) (ScriptedImporter) -> (artifact id: 'bbf1a2e036f7879f3b78e91be55a85ae') in 0.125773 seconds
Number of updated asset objects reloaded before import = 0Number of asset objects unloaded after import = 1

========================================================================
Received Import Request.
  Time since last request: 0.000066 seconds.
  path: Assets/FPS/Tutorials/3_ChangeColors/LevelMaterialLayout.wlt
  artifactKey: Guid(d75cb8ee20c6b4c5292bf750b5bf188d) Importer(2089858483,b0f066a214c2f5e87bad3c948f4d605d)
Start importing Assets/FPS/Tutorials/3_ChangeColors/LevelMaterialLayout.wlt using Guid(d75cb8ee20c6b4c5292bf750b5bf188d) Importer(2089858483,b0f066a214c2f5e87bad3c948f4d605d) (ScriptedImporter) -> (artifact id: 'ce3286e1c05569c0bac6536338d01ab5') in 0.036387 seconds
Number of updated asset objects reloaded before import = 0Number of asset objects unloaded after import = 1

========================================================================
Received Import Request.
  Time since last request: 0.000029 seconds.
  path: Assets/FPS/Tutorials/4_AddEnemyBot/EnemyPrefabLayout.wlt
  artifactKey: Guid(aabebff491dfd4297a7e001a33a1fa1a) Importer(2089858483,b0f066a214c2f5e87bad3c948f4d605d)
Start importing Assets/FPS/Tutorials/4_AddEnemyBot/EnemyPrefabLayout.wlt using Guid(aabebff491dfd4297a7e001a33a1fa1a) Importer(2089858483,b0f066a214c2f5e87bad3c948f4d605d) (ScriptedImporter) -> (artifact id: 'f8940725d663dae8bf056c94847ac538') in 0.0306771 seconds
Number of updated asset objects reloaded before import = 0Number of asset objects unloaded after import = 1

========================================================================
Received Import Request.
  Time since last request: 0.000045 seconds.
  path: Assets/FPS/Tutorials/1_GetStarted/Playtest-Walkthrough.asset
  artifactKey: Guid(51a83f21771aa4bb4b864e90bc79aeab) Importer(2089858483,b0f066a214c2f5e87bad3c948f4d605d)
Start importing Assets/FPS/Tutorials/1_GetStarted/Playtest-Walkthrough.asset using Guid(51a83f21771aa4bb4b864e90bc79aeab) Importer(2089858483,b0f066a214c2f5e87bad3c948f4d605d) (ScriptedImporter) -> (artifact id: '693f71045992510a77e4b196968d7aab') in 0.8970141 seconds
Number of updated asset objects reloaded before import = 0Number of asset objects unloaded after import = 864

========================================================================
Received Import Request.
  Time since last request: 0.000086 seconds.
  path: Assets/FPS/Scripts/AI/PatrolPath.cs
  artifactKey: Guid(2ec2f49cb5488d0459ff53ecc714acb7) Importer(2089858483,b0f066a214c2f5e87bad3c948f4d605d)
Start importing Assets/FPS/Scripts/AI/PatrolPath.cs using Guid(2ec2f49cb5488d0459ff53ecc714acb7) Importer(2089858483,b0f066a214c2f5e87bad3c948f4d605d) (ScriptedImporter) -> (artifact id: '67eff6a681792efa75650f223831c7c9') in 0.048924 seconds
Number of updated asset objects reloaded before import = 0Number of asset objects unloaded after import = 0

========================================================================
Received Import Request.
  Time since last request: 0.000039 seconds.
  path: Assets/FPS/Scripts/Game/Shared/Destructable.cs
  artifactKey: Guid(6f0914267284bd7468f8ac89253e1557) Importer(2089858483,b0f066a214c2f5e87bad3c948f4d605d)
Start importing Assets/FPS/Scripts/Game/Shared/Destructable.cs using Guid(6f0914267284bd7468f8ac89253e1557) Importer(2089858483,b0f066a214c2f5e87bad3c948f4d605d) (ScriptedImporter) -> (artifact id: '43e32c495f9d420ce0c7554394fc8e7c') in 0.1119493 seconds
Number of updated asset objects reloaded before import = 0Number of asset objects unloaded after import = 0

========================================================================
Received Import Request.
  Time since last request: 0.000034 seconds.
  path: Assets/FPS/Prefabs/RootObjects/PBDun_BigDoor.mtl
  artifactKey: Guid(4566d02aff30f1d439a7f265098a1a56) Importer(2089858483,b0f066a214c2f5e87bad3c948f4d605d)
Start importing Assets/FPS/Prefabs/RootObjects/PBDun_BigDoor.mtl using Guid(4566d02aff30f1d439a7f265098a1a56) Importer(2089858483,b0f066a214c2f5e87bad3c948f4d605d) (ScriptedImporter) -> (artifact id: 'b1c274d9a4da0ad906086960c4ed1e8d') in 0.0435491 seconds
Number of updated asset objects reloaded before import = 0Number of asset objects unloaded after import = 1

========================================================================
Received Import Request.
  Time since last request: 0.000051 seconds.
  path: Assets/FPS/Tutorials/2_AddARoom/03-Hand-Tool.asset
  artifactKey: Guid(900124fb13aba4ef4bf556c0f782d127) Importer(2089858483,b0f066a214c2f5e87bad3c948f4d605d)
Start importing Assets/FPS/Tutorials/2_AddARoom/03-Hand-Tool.asset using Guid(900124fb13aba4ef4bf556c0f782d127) Importer(2089858483,b0f066a214c2f5e87bad3c948f4d605d) (ScriptedImporter) -> (artifact id: '6aebb72cc8a2e62df7db70e5a610c8ff') in 0.2181654 seconds
Number of updated asset objects reloaded before import = 0Number of asset objects unloaded after import = 744

========================================================================
Received Import Request.
  Time since last request: 0.000060 seconds.
  path: Assets/FPS/Scripts/UI/NotificationHUDManager.cs
  artifactKey: Guid(7cc74ffbc49331241b49395553802a02) Importer(2089858483,b0f066a214c2f5e87bad3c948f4d605d)
Start importing Assets/FPS/Scripts/UI/NotificationHUDManager.cs using Guid(7cc74ffbc49331241b49395553802a02) Importer(2089858483,b0f066a214c2f5e87bad3c948f4d605d) (ScriptedImporter) -> (artifact id: '1585fdceb0005750575763d6628e3150') in 0.0406767 seconds
Number of updated asset objects reloaded before import = 0Number of asset objects unloaded after import = 0

========================================================================
Received Import Request.
  Time since last request: 0.000082 seconds.
  path: Assets/FPS/Tutorials/1_GetStarted/03-Exit-Play.asset
  artifactKey: Guid(9d8534870475e4fa9b66e42843a86a19) Importer(2089858483,b0f066a214c2f5e87bad3c948f4d605d)
Start importing Assets/FPS/Tutorials/1_GetStarted/03-Exit-Play.asset using Guid(9d8534870475e4fa9b66e42843a86a19) Importer(2089858483,b0f066a214c2f5e87bad3c948f4d605d) (ScriptedImporter) -> (artifact id: '4d0faf6594c001d18afc616265744857') in 0.0572842 seconds
Number of updated asset objects reloaded before import = 0Number of asset objects unloaded after import = 4

========================================================================
Received Import Request.
  Time since last request: 25.176150 seconds.
  path: Assets/MainScene.unity
  artifactKey: Guid(324e6d3de61c40d418475404731af3c8) Importer(2089858483,b0f066a214c2f5e87bad3c948f4d605d)
Start importing Assets/MainScene.unity using Guid(324e6d3de61c40d418475404731af3c8) Importer(2089858483,b0f066a214c2f5e87bad3c948f4d605d) (ScriptedImporter) -> (artifact id: 'cd17cf0040f0afd2206f0175ad1039ed') in 0.026923 seconds
Number of updated asset objects reloaded before import = 0Number of asset objects unloaded after import = 1

