[Licensing::Module] Trying to connect to existing licensing client channel...
Built from '6000.3/staging' branch; Version is '6000.3.7f1 (696ec25a53d1) revision 6909634'; Using compiler version '194234433'; Build Type 'Release'
OS: 'Windows 10  (10.0.19045) 64bit Professional' Language: 'en' Physical Memory: 6030 MB
BatchMode: 1, IsHumanControllingUs: 0, StartBugReporterOnCrash: 0, Is64bit: 1
System  architecture: x64
Process architecture: x64
Date: 2026-02-14T04:49:28Z
[Licensing::IpcConnector] Successfully connected to: "LicenseClient-DELL" at "2026-02-14T04:49:28.3715445Z"

COMMAND LINE ARGUMENTS:
D:\UNITY\6000.3.7f1\Editor\Unity.exe
-adb2
-batchMode
-noUpm
-name
AssetImportWorker1
-projectPath
D:/GP_Project/GP_Project
-logFile
Logs/AssetImportWorker1.log
-srvPort
50563
-job-worker-count
3
-background-job-worker-count
8
-gc-helper-count
1
-name
AssetImport
Successfully changed project path to: D:/GP_Project/GP_Project
D:/GP_Project/GP_Project
[UnityMemory] Configuration Parameters - Can be set up in boot.config
    "memorysetup-temp-allocator-size-nav-mesh-worker=65536"
    "memorysetup-temp-allocator-size-audio-worker=65536"
    "memorysetup-temp-allocator-size-gfx=262144"
    "memorysetup-allocator-temp-initial-block-size-main=262144"
    "memorysetup-allocator-temp-initial-block-size-worker=262144"
    "memorysetup-temp-allocator-size-background-worker=32768"
    "memorysetup-temp-allocator-size-job-worker=262144"
    "memorysetup-temp-allocator-size-preload-manager=33554432"
    "memorysetup-temp-allocator-size-gi-baking-worker=262144"
    "memorysetup-temp-allocator-size-gi-baking-worker=262144"
    "memorysetup-temp-allocator-size-gi-baking-worker=262144"
    "memorysetup-temp-allocator-size-gi-baking-worker=262144"
    "memorysetup-temp-allocator-size-gi-baking-worker=262144"
    "memorysetup-bucket-allocator-granularity=16"
    "memorysetup-bucket-allocator-bucket-count=8"
    "memorysetup-bucket-allocator-block-size=33554432"
    "memorysetup-bucket-allocator-block-count=8"
    "memorysetup-main-allocator-block-size=16777216"
    "memorysetup-thread-allocator-block-size=16777216"
    "memorysetup-gfx-main-allocator-block-size=16777216"
    "memorysetup-gfx-thread-allocator-block-size=16777216"
    "memorysetup-cache-allocator-block-size=4194304"
    "memorysetup-typetree-allocator-block-size=2097152"
    "memorysetup-profiler-bucket-allocator-granularity=16"
    "memorysetup-profiler-bucket-allocator-bucket-count=8"
    "memorysetup-profiler-bucket-allocator-block-size=33554432"
    "memorysetup-profiler-bucket-allocator-block-count=8"
    "memorysetup-profiler-allocator-block-size=16777216"
    "memorysetup-profiler-editor-allocator-block-size=1048576"
    "memorysetup-temp-allocator-size-main=16777216"
    "memorysetup-job-temp-allocator-block-size=2097152"
    "memorysetup-job-temp-allocator-block-size-background=1048576"
    "memorysetup-job-temp-allocator-reduction-small-platforms=262144"
    "memorysetup-temp-allocator-size-cloud-worker=32768"
Player connection [9372]  Target information:

Player connection [9372]  * "[IP] 192.168.1.236 [Port] 0 [Flags] 2 [Guid] 1415137464 [EditorId] 1415137464 [Version] 1048832 [Id] WindowsEditor(7,DESKTOP-DT2IGNB) [Debug] 1 [PackageName] WindowsEditor [ProjectName] Editor" 

Player connection [9372] Host joined multi-casting on [225.0.0.222:54997]...
Player connection [9372] Host joined alternative multi-casting on [225.0.0.222:34997]...
JobSystem: Creating JobQueue using job-worker-count value 3
Input System module state changed to: Initialized.
[Physics::Module] Initialized fallback backend.
[Physics::Module] Id: 0xdecafbad
Library Redirect Path: Library/
[Physics::Module] Selected backend.
[Physics::Module] Name: PhysX
[Physics::Module] Id: 0xf2b8ea05
[Physics::Module] SDK Version: 4.1.2
[Physics::Module] Integration Version: 1.0.0
[Physics::Module] Threading Mode: Multi-Threaded
Refreshing native plugins compatible for Editor in 0.80 ms, found 0 plugins.
Preloading 0 native plugins for Editor in 0.00 ms.
Initialize engine version: 6000.3.7f1 (696ec25a53d1)
[Subsystems] Discovering subsystems at path D:/UNITY/6000.3.7f1/Editor/Data/Resources/UnitySubsystems
[Subsystems] Discovering subsystems at path D:/GP_Project/GP_Project/Assets
GfxDevice: creating device client; kGfxThreadingModeNonThreaded
Direct3D:
    Version:  Direct3D 11.0 [level 11.1]
    Renderer: AMD Radeon(TM) Graphics (ID=0x15d8)
    Vendor:   ATI
    VRAM:     3015 MB
    Driver:   31.0.12028.2
Initialize mono
Mono path[0] = 'D:/UNITY/6000.3.7f1/Editor/Data/Managed'
Mono path[1] = 'D:/UNITY/6000.3.7f1/Editor/Data/MonoBleedingEdge/lib/mono/unityjit-win32'
Mono config path = 'D:/UNITY/6000.3.7f1/Editor/Data/MonoBleedingEdge/etc'
Using monoOptions --debugger-agent=transport=dt_socket,embedding=1,server=y,suspend=n,address=127.0.0.1:56424
Begin MonoManager ReloadAssembly
Registering precompiled unity dll's ...
Register platform support module: D:/UNITY/6000.3.7f1/Editor/Data/PlaybackEngines/WindowsStandaloneSupport/UnityEditor.WindowsStandalone.Extensions.dll
Registered in 0.006774 seconds.
- Loaded All Assemblies, in  2.135 seconds
Native extension for WindowsStandalone target not found
ScheduleIndexationOnStartup MainProcess:False IndexOnStartup:False
Mono: successfully reloaded assembly
- Finished resetting the current domain, in  2.134 seconds
Domain Reload Profiling: 4270ms
	BeginReloadAssembly (731ms)
		ExecutionOrderSort (0ms)
		DisableScriptedObjects (0ms)
		BackupInstance (0ms)
		ReleaseScriptingObjects (0ms)
		CreateAndSetChildDomain (6ms)
	RebuildCommonClasses (356ms)
	RebuildNativeTypeToScriptingClass (55ms)
	initialDomainReloadingComplete (209ms)
	LoadAllAssembliesAndSetupDomain (783ms)
		LoadAssemblies (721ms)
		RebuildTransferFunctionScriptingTraits (0ms)
		AnalyzeDomain (773ms)
			TypeCache.Refresh (766ms)
				TypeCache.ScanAssembly (717ms)
			BuildScriptInfoCaches (1ms)
			ResolveRequiredComponents (3ms)
	FinalizeReload (2136ms)
		ReleaseScriptCaches (0ms)
		RebuildScriptCaches (0ms)
		SetupLoadedEditorAssemblies (1922ms)
			LogAssemblyErrors (0ms)
			InitializePlatformSupportModulesInManaged (171ms)
			SetLoadedEditorAssemblies (12ms)
			BeforeProcessingInitializeOnLoad (556ms)
			ProcessInitializeOnLoadAttributes (789ms)
			ProcessInitializeOnLoadMethodAttributes (393ms)
			AfterProcessingInitializeOnLoad (0ms)
			EditorAssembliesLoaded (1ms)
		ExecutionOrderSort2 (0ms)
		AwakeInstancesAfterBackupRestoration (0ms)
========================================================================
Worker process is ready to serve import requests
Import Worker Mode flag is 0x00
Begin MonoManager ReloadAssembly
[Licensing::Module] Licensing is not yet initialized.
[Licensing::Client] Handshaking with LicensingClient:
  Version:                 1.17.4+4293ba1
  Session Id:              c8598c3a3f194d9a8810760cf8752dc5
  Correlation Id:          ab50346c91a1ed0cef30ecaf676527f2
  External correlation Id: 2026781894344577649
  Machine Id:              kzcDyLZ7xZNzb6cldzTcQMHv+/g=
[Licensing::Module] Successfully connected to LicensingClient on channel: "LicenseClient-DELL" (connect: 0.05s, validation: 0.02s, handshake: 20.99s)
[Licensing::IpcConnector] Successfully connected to: "LicenseClient-DELL-notifications" at "2026-02-14T04:49:49.3909551Z"
[Licensing::Module] Licensing Background thread has ended after 21.07s
[Licensing::Module] Licensing is initialized (took 9.22s).
[Licensing::Client] Successfully resolved entitlement details
[Licensing::Module] License group:
  Id: 5773921630360-UnityPersXXXX
  Product: Unity Personal
  Type: Assigned
  Expiration: Unlimited
- Loaded All Assemblies, in 12.289 seconds
Refreshing native plugins compatible for Editor in 0.64 ms, found 0 plugins.
Native extension for WindowsStandalone target not found
Package Manager log level set to [2]
[Package Manager] Failed to launch server process. Reason: Unity was launched with the -noUpm command-line argument
[Package Manager] Unable to send message (not connected to server process).
[Package Manager] Cannot connect to Unity Package Manager local server
[MODES] ModeService[none].Initialize
[MODES] ModeService[none].LoadModes
[MODES] Loading mode Default (0) for mode-current-id-GP_Project
ScheduleIndexationOnStartup MainProcess:False IndexOnStartup:False
Mono: successfully reloaded assembly
- Finished resetting the current domain, in  2.319 seconds
Domain Reload Profiling: 14606ms
	BeginReloadAssembly (9908ms)
		ExecutionOrderSort (0ms)
		DisableScriptedObjects (28ms)
		BackupInstance (0ms)
		ReleaseScriptingObjects (0ms)
		CreateAndSetChildDomain (119ms)
	RebuildCommonClasses (119ms)
	RebuildNativeTypeToScriptingClass (38ms)
	initialDomainReloadingComplete (124ms)
	LoadAllAssembliesAndSetupDomain (2096ms)
		LoadAssemblies (1461ms)
		RebuildTransferFunctionScriptingTraits (0ms)
		AnalyzeDomain (951ms)
			TypeCache.Refresh (706ms)
				TypeCache.ScanAssembly (630ms)
			BuildScriptInfoCaches (192ms)
			ResolveRequiredComponents (36ms)
	FinalizeReload (2320ms)
		ReleaseScriptCaches (0ms)
		RebuildScriptCaches (0ms)
		SetupLoadedEditorAssemblies (1633ms)
			LogAssemblyErrors (0ms)
			InitializePlatformSupportModulesInManaged (4ms)
			SetLoadedEditorAssemblies (13ms)
			BeforeProcessingInitializeOnLoad (471ms)
			ProcessInitializeOnLoadAttributes (771ms)
			ProcessInitializeOnLoadMethodAttributes (365ms)
			AfterProcessingInitializeOnLoad (9ms)
			EditorAssembliesLoaded (1ms)
		ExecutionOrderSort2 (0ms)
		AwakeInstancesAfterBackupRestoration (19ms)
Launched and connected shader compiler UnityShaderCompiler.exe after 0.03 seconds
Refreshing native plugins compatible for Editor in 1.01 ms, found 0 plugins.
Preloading 0 native plugins for Editor in 0.00 ms.
Unloading 70 Unused Serialized files (Serialized files now loaded: 0)
Unloading 4947 unused Assets / (11.3 MB). Loaded Objects now: 5681.
Memory consumption went from 142.1 MB to 130.8 MB.
Total: 31.877300 ms (FindLiveObjects: 1.198600 ms CreateObjectMapping: 1.451100 ms MarkObjects: 13.718100 ms  DeleteObjects: 15.502500 ms)

========================================================================
Received Prepare
Begin MonoManager ReloadAssembly
- Loaded All Assemblies, in 11.500 seconds
Refreshing native plugins compatible for Editor in 0.66 ms, found 0 plugins.
Native extension for WindowsStandalone target not found
[Package Manager] Failed to launch server process. Reason: Unity was launched with the -noUpm command-line argument
[Package Manager] Unable to send message (not connected to server process).
[Package Manager] Cannot connect to Unity Package Manager local server
[MODES] ModeService[none].Initialize
[MODES] ModeService[none].LoadModes
ScheduleIndexationOnStartup MainProcess:False IndexOnStartup:False
Mono: successfully reloaded assembly
- Finished resetting the current domain, in  4.168 seconds
Domain Reload Profiling: 15697ms
	BeginReloadAssembly (680ms)
		ExecutionOrderSort (0ms)
		DisableScriptedObjects (14ms)
		BackupInstance (0ms)
		ReleaseScriptingObjects (0ms)
		CreateAndSetChildDomain (122ms)
	RebuildCommonClasses (101ms)
	RebuildNativeTypeToScriptingClass (45ms)
	initialDomainReloadingComplete (70ms)
	LoadAllAssembliesAndSetupDomain (10631ms)
		LoadAssemblies (2017ms)
		RebuildTransferFunctionScriptingTraits (0ms)
		AnalyzeDomain (8989ms)
			TypeCache.Refresh (32ms)
				TypeCache.ScanAssembly (0ms)
			BuildScriptInfoCaches (8848ms)
			ResolveRequiredComponents (67ms)
	FinalizeReload (4170ms)
		ReleaseScriptCaches (0ms)
		RebuildScriptCaches (0ms)
		SetupLoadedEditorAssemblies (3311ms)
			LogAssemblyErrors (0ms)
			InitializePlatformSupportModulesInManaged (6ms)
			SetLoadedEditorAssemblies (20ms)
			BeforeProcessingInitializeOnLoad (978ms)
			ProcessInitializeOnLoadAttributes (1629ms)
			ProcessInitializeOnLoadMethodAttributes (665ms)
			AfterProcessingInitializeOnLoad (12ms)
			EditorAssembliesLoaded (1ms)
		ExecutionOrderSort2 (0ms)
		AwakeInstancesAfterBackupRestoration (75ms)
Refreshing native plugins compatible for Editor in 0.66 ms, found 0 plugins.
Preloading 0 native plugins for Editor in 0.00 ms.
Unloading 68 Unused Serialized files (Serialized files now loaded: 0)
Unloading 4944 unused Assets / (11.0 MB). Loaded Objects now: 5697.
Memory consumption went from 145.7 MB to 134.7 MB.
Total: 51.972400 ms (FindLiveObjects: 2.251600 ms CreateObjectMapping: 2.320100 ms MarkObjects: 22.780500 ms  DeleteObjects: 24.616200 ms)

Prepare: number of updated asset objects reloaded= 0
========================================================================
Received Import Request.
  Time since last request: 3026.984201 seconds.
  path: Assets/UniversalRenderPipelineGlobalSettings.asset
  artifactKey: Guid(76c98309ae61cd243932c14e893ccd2f) Importer(815301076,1909f56bfc062723c751e8b465ee728b)
Start importing Assets/UniversalRenderPipelineGlobalSettings.asset using Guid(76c98309ae61cd243932c14e893ccd2f) Importer(815301076,1909f56bfc062723c751e8b465ee728b) (PreviewImporter) -> (artifact id: '649e2e80bf78313273af314d03193075') in 0.1120634 seconds
Number of updated asset objects reloaded before import = 0Number of asset objects unloaded after import = 0

========================================================================
Received Import Request.
  Time since last request: 27.339430 seconds.
  path: Assets/UniversalRenderPipelineGlobalSettings.asset
  artifactKey: Guid(76c98309ae61cd243932c14e893ccd2f) Importer(2089858483,b0f066a214c2f5e87bad3c948f4d605d)
Start importing Assets/UniversalRenderPipelineGlobalSettings.asset using Guid(76c98309ae61cd243932c14e893ccd2f) Importer(2089858483,b0f066a214c2f5e87bad3c948f4d605d) (ScriptedImporter) -> (artifact id: '6237006bf9697f3040983622ee645c98') in 0.5383316 seconds
Number of updated asset objects reloaded before import = 0Number of asset objects unloaded after import = 0

========================================================================
Received Import Request.
  Time since last request: 0.000044 seconds.
  path: Assets/TextMesh Pro/Fonts/LiberationSans.ttf
  artifactKey: Guid(e3265ab4bf004d28a9537516768c1c75) Importer(2089858483,b0f066a214c2f5e87bad3c948f4d605d)
Start importing Assets/TextMesh Pro/Fonts/LiberationSans.ttf using Guid(e3265ab4bf004d28a9537516768c1c75) Importer(2089858483,b0f066a214c2f5e87bad3c948f4d605d) (ScriptedImporter) -> (artifact id: 'bfeffcaf49ae1632879ea440244584e4') in 0.1240273 seconds
Number of updated asset objects reloaded before import = 0Number of asset objects unloaded after import = 3

========================================================================
Received Import Request.
  Time since last request: 0.000071 seconds.
  path: Assets/FPS/Tutorials/Unity.FPS.Tutorials.asmdef
  artifactKey: Guid(54b90cb525cf7fd4b8440dd760d63ac4) Importer(2089858483,b0f066a214c2f5e87bad3c948f4d605d)
Start importing Assets/FPS/Tutorials/Unity.FPS.Tutorials.asmdef using Guid(54b90cb525cf7fd4b8440dd760d63ac4) Importer(2089858483,b0f066a214c2f5e87bad3c948f4d605d) (ScriptedImporter) -> (artifact id: '1f106f14f0cb1ab467ace437091b2b88') in 0.0738893 seconds
Number of updated asset objects reloaded before import = 0Number of asset objects unloaded after import = 1

========================================================================
Received Import Request.
  Time since last request: 0.000053 seconds.
  path: Assets/FPS/Prefabs/Cube.prefab
  artifactKey: Guid(cf7e257d2b255a84499370f200689835) Importer(2089858483,b0f066a214c2f5e87bad3c948f4d605d)
Start importing Assets/FPS/Prefabs/Cube.prefab using Guid(cf7e257d2b255a84499370f200689835) Importer(2089858483,b0f066a214c2f5e87bad3c948f4d605d) (ScriptedImporter) -> (artifact id: 'ae391fa55a821bc5aa01ac5421568dee') in 0.2241657 seconds
Number of updated asset objects reloaded before import = 0Number of asset objects unloaded after import = 10

========================================================================
Received Import Request.
  Time since last request: 0.000056 seconds.
  path: Assets/TextMesh Pro/Shaders/TMP_SDF-Surface.shader
  artifactKey: Guid(f7ada0af4f174f0694ca6a487b8f543d) Importer(2089858483,b0f066a214c2f5e87bad3c948f4d605d)
Start importing Assets/TextMesh Pro/Shaders/TMP_SDF-Surface.shader using Guid(f7ada0af4f174f0694ca6a487b8f543d) Importer(2089858483,b0f066a214c2f5e87bad3c948f4d605d) (ScriptedImporter) -> (artifact id: '61000c24be58e4636272cb4695695737') in 0.0476945 seconds
Number of updated asset objects reloaded before import = 0Number of asset objects unloaded after import = 1

========================================================================
Received Import Request.
  Time since last request: 0.000042 seconds.
  path: Assets/NavMeshComponents/Scripts/NavMeshModifier.cs
  artifactKey: Guid(90068f5c8ba86d3499874221895df26b) Importer(2089858483,b0f066a214c2f5e87bad3c948f4d605d)
Start importing Assets/NavMeshComponents/Scripts/NavMeshModifier.cs using Guid(90068f5c8ba86d3499874221895df26b) Importer(2089858483,b0f066a214c2f5e87bad3c948f4d605d) (ScriptedImporter) -> (artifact id: '4a45363a4e4ea26154057688c64630cb') in 0.0404828 seconds
Number of updated asset objects reloaded before import = 0Number of asset objects unloaded after import = 1

========================================================================
Received Import Request.
  Time since last request: 0.000036 seconds.
  path: Assets/FPS/Scenes/LoseScene.unity
  artifactKey: Guid(72e5c65a45893714484002914e3fd521) Importer(2089858483,b0f066a214c2f5e87bad3c948f4d605d)
Start importing Assets/FPS/Scenes/LoseScene.unity using Guid(72e5c65a45893714484002914e3fd521) Importer(2089858483,b0f066a214c2f5e87bad3c948f4d605d) (ScriptedImporter) -> (artifact id: 'f83cfe8e9e20fb0337b4ddc03fe73e19') in 0.0323468 seconds
Number of updated asset objects reloaded before import = 0Number of asset objects unloaded after import = 1

========================================================================
Received Import Request.
  Time since last request: 0.000055 seconds.
  path: Assets/FPS/Tutorials/Tutorials.asset
  artifactKey: Guid(977fb762f450240fd9006b8153a0f534) Importer(2089858483,b0f066a214c2f5e87bad3c948f4d605d)
Start importing Assets/FPS/Tutorials/Tutorials.asset using Guid(977fb762f450240fd9006b8153a0f534) Importer(2089858483,b0f066a214c2f5e87bad3c948f4d605d) (ScriptedImporter) -> (artifact id: '33f12129df9cfda5025257bc1cc015e0') in 1.9924302 seconds
Number of updated asset objects reloaded before import = 0Number of asset objects unloaded after import = 871

========================================================================
Received Import Request.
  Time since last request: 0.000433 seconds.
  path: Assets/TextMesh Pro/Shaders/TMPro_Surface.cginc
  artifactKey: Guid(d930090c0cd643c7b55f19a38538c162) Importer(2089858483,b0f066a214c2f5e87bad3c948f4d605d)
Start importing Assets/TextMesh Pro/Shaders/TMPro_Surface.cginc using Guid(d930090c0cd643c7b55f19a38538c162) Importer(2089858483,b0f066a214c2f5e87bad3c948f4d605d) (ScriptedImporter) -> (artifact id: '5ff15a60d9cbf4138b7e67ab13404a06') in 0.1190379 seconds
Number of updated asset objects reloaded before import = 0Number of asset objects unloaded after import = 1

========================================================================
Received Import Request.
  Time since last request: 0.000051 seconds.
  path: Assets/FPS/Art/Fonts/Roboto-Regular SDF.asset
  artifactKey: Guid(106dddce1f2404b45bbfa40eab1b84ea) Importer(2089858483,b0f066a214c2f5e87bad3c948f4d605d)
Start importing Assets/FPS/Art/Fonts/Roboto-Regular SDF.asset using Guid(106dddce1f2404b45bbfa40eab1b84ea) Importer(2089858483,b0f066a214c2f5e87bad3c948f4d605d) (ScriptedImporter) -> (artifact id: '5e4df5ae6a9acda68ca3c74749cd40ff') in 0.1617115 seconds
Number of updated asset objects reloaded before import = 0Number of asset objects unloaded after import = 5

========================================================================
Received Import Request.
  Time since last request: 0.000069 seconds.
  path: Assets/FPS/Art/Models/Mesh_WireframeRangeCage.fbx
  artifactKey: Guid(a89772d5378415745aa7b07b29bc8943) Importer(2089858483,b0f066a214c2f5e87bad3c948f4d605d)
Start importing Assets/FPS/Art/Models/Mesh_WireframeRangeCage.fbx using Guid(a89772d5378415745aa7b07b29bc8943) Importer(2089858483,b0f066a214c2f5e87bad3c948f4d605d) (ScriptedImporter) -> (artifact id: '2fae548e9f2ec2cfef7a4fab809a535f') in 0.152684 seconds
Number of updated asset objects reloaded before import = 0Number of asset objects unloaded after import = 7

========================================================================
Received Import Request.
  Time since last request: 0.000055 seconds.
  path: Assets/FPS/Art/Models/Mesh_ReachPoint_Objective.fbx
  artifactKey: Guid(c1dd4700115958843872cf4c7527067f) Importer(2089858483,b0f066a214c2f5e87bad3c948f4d605d)
Start importing Assets/FPS/Art/Models/Mesh_ReachPoint_Objective.fbx using Guid(c1dd4700115958843872cf4c7527067f) Importer(2089858483,b0f066a214c2f5e87bad3c948f4d605d) (ScriptedImporter) -> (artifact id: 'e7996f4e99ef837dd730ed96cf4556aa') in 0.0695825 seconds
Number of updated asset objects reloaded before import = 0Number of asset objects unloaded after import = 7

========================================================================
Received Import Request.
  Time since last request: 0.000167 seconds.
  path: Assets/FPS/Prefabs/Pickups/Loot_Jetpack.prefab
  artifactKey: Guid(0bb4e7bdf1aec0247854edd179ed1557) Importer(2089858483,b0f066a214c2f5e87bad3c948f4d605d)
Start importing Assets/FPS/Prefabs/Pickups/Loot_Jetpack.prefab using Guid(0bb4e7bdf1aec0247854edd179ed1557) Importer(2089858483,b0f066a214c2f5e87bad3c948f4d605d) (ScriptedImporter) -> (artifact id: '9c4c3fdd6a67d46d376291bd07434ad7') in 0.2595042 seconds
Number of updated asset objects reloaded before import = 0Number of asset objects unloaded after import = 38

========================================================================
Received Import Request.
  Time since last request: 0.000055 seconds.
  path: Assets/FPS/Prefabs/PBObjects/_ReadMe_PBObjects.txt
  artifactKey: Guid(a4970806df988044188ee710bbfffc16) Importer(2089858483,b0f066a214c2f5e87bad3c948f4d605d)
Start importing Assets/FPS/Prefabs/PBObjects/_ReadMe_PBObjects.txt using Guid(a4970806df988044188ee710bbfffc16) Importer(2089858483,b0f066a214c2f5e87bad3c948f4d605d) (ScriptedImporter) -> (artifact id: '8f9ae3a29c9494a99c926de6857b706f') in 0.071639 seconds
Number of updated asset objects reloaded before import = 0Number of asset objects unloaded after import = 1

========================================================================
Received Import Request.
  Time since last request: 0.000098 seconds.
  path: Assets/TextMesh Pro/Resources/LineBreaking Leading Characters.txt
  artifactKey: Guid(d82c1b31c7e74239bff1220585707d2b) Importer(2089858483,b0f066a214c2f5e87bad3c948f4d605d)
Start importing Assets/TextMesh Pro/Resources/LineBreaking Leading Characters.txt using Guid(d82c1b31c7e74239bff1220585707d2b) Importer(2089858483,b0f066a214c2f5e87bad3c948f4d605d) (ScriptedImporter) -> (artifact id: '257c2453ae668cc4a66d26a11022184b') in 0.0401979 seconds
Number of updated asset objects reloaded before import = 0Number of asset objects unloaded after import = 1

========================================================================
Received Import Request.
  Time since last request: 0.000050 seconds.
  path: Assets/FPS/Prefabs/Projectiles/Projectile_Blaster.prefab
  artifactKey: Guid(3c6b27d949cdda749892906e1f1d1b27) Importer(2089858483,b0f066a214c2f5e87bad3c948f4d605d)
Start importing Assets/FPS/Prefabs/Projectiles/Projectile_Blaster.prefab using Guid(3c6b27d949cdda749892906e1f1d1b27) Importer(2089858483,b0f066a214c2f5e87bad3c948f4d605d) (ScriptedImporter) -> (artifact id: '20c9a6b0fa8cb4de6993573406af6c82') in 0.0961424 seconds
Number of updated asset objects reloaded before import = 0Number of asset objects unloaded after import = 17

========================================================================
Received Import Request.
  Time since last request: 0.000072 seconds.
  path: Assets/TextMesh Pro/Shaders/TMPro_Mobile.cginc
  artifactKey: Guid(c334973cef89a9840b0b0c507e0377ab) Importer(2089858483,b0f066a214c2f5e87bad3c948f4d605d)
Start importing Assets/TextMesh Pro/Shaders/TMPro_Mobile.cginc using Guid(c334973cef89a9840b0b0c507e0377ab) Importer(2089858483,b0f066a214c2f5e87bad3c948f4d605d) (ScriptedImporter) -> (artifact id: 'b9f4ca07453c56ab8e9b4bae4316f7c3') in 0.0570612 seconds
Number of updated asset objects reloaded before import = 0Number of asset objects unloaded after import = 1

========================================================================
Received Import Request.
  Time since last request: 0.000036 seconds.
  path: Assets/FPS/Audio/MainAudioMixer.mixer
  artifactKey: Guid(fcc71635aab95ff4fbdf1880bf2afa2f) Importer(2089858483,b0f066a214c2f5e87bad3c948f4d605d)
Start importing Assets/FPS/Audio/MainAudioMixer.mixer using Guid(fcc71635aab95ff4fbdf1880bf2afa2f) Importer(2089858483,b0f066a214c2f5e87bad3c948f4d605d) (ScriptedImporter)Refreshing native plugins compatible for Editor in 0.85 ms, found 0 plugins.
Preloading 0 native plugins for Editor in 0.00 ms.
 -> (artifact id: '2a6ab70dc2c6c1003c4017ce92568a3e') in 0.100707 seconds
Number of updated asset objects reloaded before import = 0Number of asset objects unloaded after import = 48

========================================================================
Received Import Request.
  Time since last request: 0.000070 seconds.
  path: Assets/FPS/Prefabs/DebugTeleportPlayer.prefab
  artifactKey: Guid(fe7e09d3ff741dc4285ddf0ed3ef03ac) Importer(2089858483,b0f066a214c2f5e87bad3c948f4d605d)
Start importing Assets/FPS/Prefabs/DebugTeleportPlayer.prefab using Guid(fe7e09d3ff741dc4285ddf0ed3ef03ac) Importer(2089858483,b0f066a214c2f5e87bad3c948f4d605d) (ScriptedImporter) -> (artifact id: 'c055ee266de45aef82e9e643f80b48ea') in 0.2209187 seconds
Number of updated asset objects reloaded before import = 0Number of asset objects unloaded after import = 174

========================================================================
Received Import Request.
  Time since last request: 0.000081 seconds.
  path: Assets/FPS/Animation/Masks/HoverBot.mask
  artifactKey: Guid(05f902747d9ff7548b022736b1592f33) Importer(2089858483,b0f066a214c2f5e87bad3c948f4d605d)
Start importing Assets/FPS/Animation/Masks/HoverBot.mask using Guid(05f902747d9ff7548b022736b1592f33) Importer(2089858483,b0f066a214c2f5e87bad3c948f4d605d) (ScriptedImporter) -> (artifact id: 'a5986be38871ced2a000c173894643f9') in 0.0656221 seconds
Number of updated asset objects reloaded before import = 0Number of asset objects unloaded after import = 1

========================================================================
Received Import Request.
  Time since last request: 0.000051 seconds.
  path: Assets/FPS/Tutorials/Tutorial Project Settings.asset
  artifactKey: Guid(82ccda3adf0ba49e1ba86e30edff0cc5) Importer(2089858483,b0f066a214c2f5e87bad3c948f4d605d)
Start importing Assets/FPS/Tutorials/Tutorial Project Settings.asset using Guid(82ccda3adf0ba49e1ba86e30edff0cc5) Importer(2089858483,b0f066a214c2f5e87bad3c948f4d605d) (ScriptedImporter) -> (artifact id: '0bfb4e053aef752dc61363ab5b2f84d3') in 2.844257 seconds
Number of updated asset objects reloaded before import = 0Number of asset objects unloaded after import = 877

========================================================================
Received Import Request.
  Time since last request: 0.002911 seconds.
  path: Assets/FPS/Scenes/IntroMenu.unity
  artifactKey: Guid(56e3faabc5bb30f49a68bb8f1292f988) Importer(2089858483,b0f066a214c2f5e87bad3c948f4d605d)
Start importing Assets/FPS/Scenes/IntroMenu.unity using Guid(56e3faabc5bb30f49a68bb8f1292f988) Importer(2089858483,b0f066a214c2f5e87bad3c948f4d605d) (ScriptedImporter) -> (artifact id: '56e8882436e9db5bae110667e53e24a3') in 0.0511235 seconds
Number of updated asset objects reloaded before import = 0Number of asset objects unloaded after import = 1

========================================================================
Received Import Request.
  Time since last request: 0.000444 seconds.
  path: Assets/ModAssets/Fonts/PressStart2P-Regular SDF.asset
  artifactKey: Guid(88003508be39e449cb51c48494e680cf) Importer(2089858483,b0f066a214c2f5e87bad3c948f4d605d)
Start importing Assets/ModAssets/Fonts/PressStart2P-Regular SDF.asset using Guid(88003508be39e449cb51c48494e680cf) Importer(2089858483,b0f066a214c2f5e87bad3c948f4d605d) (ScriptedImporter) -> (artifact id: 'a612c956b64da6fad7c3a1aa8602ded4') in 0.1181307 seconds
Number of updated asset objects reloaded before import = 0Number of asset objects unloaded after import = 5

========================================================================
Received Import Request.
  Time since last request: 0.000081 seconds.
  path: Assets/FPS/Prefabs/Projectiles/Projectile_Turret.prefab
  artifactKey: Guid(154bfb4989fe16d439e8f3fb7c20b72b) Importer(2089858483,b0f066a214c2f5e87bad3c948f4d605d)
Start importing Assets/FPS/Prefabs/Projectiles/Projectile_Turret.prefab using Guid(154bfb4989fe16d439e8f3fb7c20b72b) Importer(2089858483,b0f066a214c2f5e87bad3c948f4d605d) (ScriptedImporter) -> (artifact id: '3bc283e6c013dfc04ad28c5b7895eb6b') in 0.0689489 seconds
Number of updated asset objects reloaded before import = 0Number of asset objects unloaded after import = 17

========================================================================
Received Import Request.
  Time since last request: 0.000085 seconds.
  path: Assets/FPS/Prefabs/RootObjects/OBJWall_Door.obj
  artifactKey: Guid(c84a4eb9153fdc04b8a0150af1de6902) Importer(2089858483,b0f066a214c2f5e87bad3c948f4d605d)
Start importing Assets/FPS/Prefabs/RootObjects/OBJWall_Door.obj using Guid(c84a4eb9153fdc04b8a0150af1de6902) Importer(2089858483,b0f066a214c2f5e87bad3c948f4d605d) (ScriptedImporter) -> (artifact id: '46872b75ef3ea625a885efa5c8ae781a') in 0.1453667 seconds
Number of updated asset objects reloaded before import = 0Number of asset objects unloaded after import = 11

========================================================================
Received Import Request.
  Time since last request: 0.000050 seconds.
  path: Assets/TextMesh Pro/Shaders/TMP_SDF-URP Unlit.shadergraph
  artifactKey: Guid(124c112a6e8f1a54e8b0870e881b56d8) Importer(2089858483,b0f066a214c2f5e87bad3c948f4d605d)
Start importing Assets/TextMesh Pro/Shaders/TMP_SDF-URP Unlit.shadergraph using Guid(124c112a6e8f1a54e8b0870e881b56d8) Importer(2089858483,b0f066a214c2f5e87bad3c948f4d605d) (ScriptedImporter) -> (artifact id: '1e3ea180060cfcfe5cc61d83830e7c80') in 0.0922281 seconds
Number of updated asset objects reloaded before import = 0Number of asset objects unloaded after import = 4

========================================================================
Received Import Request.
  Time since last request: 0.000078 seconds.
  path: Assets/FPS/Tutorials/Pop.aiff
  artifactKey: Guid(93fbb109633e844259ea828442bda0cb) Importer(2089858483,b0f066a214c2f5e87bad3c948f4d605d)
Start importing Assets/FPS/Tutorials/Pop.aiff using Guid(93fbb109633e844259ea828442bda0cb) Importer(2089858483,b0f066a214c2f5e87bad3c948f4d605d) (ScriptedImporter) -> (artifact id: '96c827cbe3535a2b5b397a821bd9625f') in 0.1359274 seconds
Number of updated asset objects reloaded before import = 0Number of asset objects unloaded after import = 1

========================================================================
Received Import Request.
  Time since last request: 0.000082 seconds.
  path: Assets/FPS/Prefabs/RootObjects/PBRamp_4m.mtl
  artifactKey: Guid(2b3281d18aca5eb45a67d68cae3a7adc) Importer(2089858483,b0f066a214c2f5e87bad3c948f4d605d)
Start importing Assets/FPS/Prefabs/RootObjects/PBRamp_4m.mtl using Guid(2b3281d18aca5eb45a67d68cae3a7adc) Importer(2089858483,b0f066a214c2f5e87bad3c948f4d605d) (ScriptedImporter) -> (artifact id: '5d0fd872b2748a737db3aad6937ececd') in 0.0344525 seconds
Number of updated asset objects reloaded before import = 0Number of asset objects unloaded after import = 1

========================================================================
Received Import Request.
  Time since last request: 0.000066 seconds.
  path: Assets/FPS/Prefabs/RootObjects/Ramp_8m.mtl
  artifactKey: Guid(26523c41e860d2a4cb887bdc5d1d336f) Importer(2089858483,b0f066a214c2f5e87bad3c948f4d605d)
Start importing Assets/FPS/Prefabs/RootObjects/Ramp_8m.mtl using Guid(26523c41e860d2a4cb887bdc5d1d336f) Importer(2089858483,b0f066a214c2f5e87bad3c948f4d605d) (ScriptedImporter) -> (artifact id: 'd50bcac63ecb80f874226c1edf1df5ea') in 0.0344254 seconds
Number of updated asset objects reloaded before import = 0Number of asset objects unloaded after import = 1

========================================================================
Received Import Request.
  Time since last request: 0.000060 seconds.
  path: Assets/ModAssets/Textures/billboard_2D_wide_mask.png
  artifactKey: Guid(d88311d2ea92740ed9e0274f02825ccf) Importer(2089858483,b0f066a214c2f5e87bad3c948f4d605d)
Start importing Assets/ModAssets/Textures/billboard_2D_wide_mask.png using Guid(d88311d2ea92740ed9e0274f02825ccf) Importer(2089858483,b0f066a214c2f5e87bad3c948f4d605d) (ScriptedImporter) -> (artifact id: '64ea8cfc36f9553323e56bec23a71ef1') in 0.2020625 seconds
Number of updated asset objects reloaded before import = 0Number of asset objects unloaded after import = 3

========================================================================
Received Import Request.
  Time since last request: 0.000049 seconds.
  path: Assets/TextMesh Pro/Shaders/SDFFunctions.hlsl
  artifactKey: Guid(96de908384869cd409c75efa351d5edf) Importer(2089858483,b0f066a214c2f5e87bad3c948f4d605d)
Start importing Assets/TextMesh Pro/Shaders/SDFFunctions.hlsl using Guid(96de908384869cd409c75efa351d5edf) Importer(2089858483,b0f066a214c2f5e87bad3c948f4d605d) (ScriptedImporter) -> (artifact id: 'e95759f4733fc1a52ec272552b4ad144') in 0.0432978 seconds
Number of updated asset objects reloaded before import = 0Number of asset objects unloaded after import = 1

========================================================================
Received Import Request.
  Time since last request: 0.000056 seconds.
  path: Assets/ModAssets/Fonts/Orbitron-Regular SDF.asset
  artifactKey: Guid(d393f12bd75574ef991a7a2c74b29c69) Importer(2089858483,b0f066a214c2f5e87bad3c948f4d605d)
Start importing Assets/ModAssets/Fonts/Orbitron-Regular SDF.asset using Guid(d393f12bd75574ef991a7a2c74b29c69) Importer(2089858483,b0f066a214c2f5e87bad3c948f4d605d) (ScriptedImporter) -> (artifact id: 'b289c1bc4602367e841d28e7a8e6f13b') in 0.0878579 seconds
Number of updated asset objects reloaded before import = 0Number of asset objects unloaded after import = 5

========================================================================
Received Import Request.
  Time since last request: 0.000071 seconds.
  path: Assets/FPS/Prefabs/RootObjects/OBJRamp_4m.obj
  artifactKey: Guid(22fd404f75517024ca75ed6ea174002e) Importer(2089858483,b0f066a214c2f5e87bad3c948f4d605d)
Start importing Assets/FPS/Prefabs/RootObjects/OBJRamp_4m.obj using Guid(22fd404f75517024ca75ed6ea174002e) Importer(2089858483,b0f066a214c2f5e87bad3c948f4d605d) (ScriptedImporter) -> (artifact id: '035b772fae85e90c9fe1f220522c3de1') in 0.0906805 seconds
Number of updated asset objects reloaded before import = 0Number of asset objects unloaded after import = 10

========================================================================
Received Import Request.
  Time since last request: 0.000091 seconds.
  path: Assets/FPS/Prefabs/UI/CompassMarkerDirection.prefab
  artifactKey: Guid(921d2796cf4779f4392d4e2f9f36cb6b) Importer(2089858483,b0f066a214c2f5e87bad3c948f4d605d)
Start importing Assets/FPS/Prefabs/UI/CompassMarkerDirection.prefab using Guid(921d2796cf4779f4392d4e2f9f36cb6b) Importer(2089858483,b0f066a214c2f5e87bad3c948f4d605d) (ScriptedImporter) -> (artifact id: '7742eff2ff046bb59fa89dfb71f9c4de') in 0.118521 seconds
Number of updated asset objects reloaded before import = 0Number of asset objects unloaded after import = 17

========================================================================
Received Import Request.
  Time since last request: 0.000063 seconds.
  path: Assets/FPS/Prefabs/RootObjects/OBJWall_4m.obj
  artifactKey: Guid(3a5510c8020397346b8db5d31aed01ac) Importer(2089858483,b0f066a214c2f5e87bad3c948f4d605d)
Start importing Assets/FPS/Prefabs/RootObjects/OBJWall_4m.obj using Guid(3a5510c8020397346b8db5d31aed01ac) Importer(2089858483,b0f066a214c2f5e87bad3c948f4d605d) (ScriptedImporter) -> (artifact id: '4b23a4ace9b69a72dfa683159f9d4a8b') in 0.0420805 seconds
Number of updated asset objects reloaded before import = 0Number of asset objects unloaded after import = 10

========================================================================
Received Import Request.
  Time since last request: 0.000071 seconds.
  path: Assets/FPS/Scenes/WinScene.unity
  artifactKey: Guid(037d06fbede2b4041a843d9ee6fe750c) Importer(2089858483,b0f066a214c2f5e87bad3c948f4d605d)
Start importing Assets/FPS/Scenes/WinScene.unity using Guid(037d06fbede2b4041a843d9ee6fe750c) Importer(2089858483,b0f066a214c2f5e87bad3c948f4d605d) (ScriptedImporter) -> (artifact id: '14d0ad7f1e314de41613d609568d50b1') in 0.0357845 seconds
Number of updated asset objects reloaded before import = 0Number of asset objects unloaded after import = 1

========================================================================
Received Import Request.
  Time since last request: 0.000046 seconds.
  path: Assets/FPS/Prefabs/ObjectivePickupItem.prefab
  artifactKey: Guid(a5e57422b1d4cd7418d7bd6037f5a604) Importer(2089858483,b0f066a214c2f5e87bad3c948f4d605d)
Start importing Assets/FPS/Prefabs/ObjectivePickupItem.prefab using Guid(a5e57422b1d4cd7418d7bd6037f5a604) Importer(2089858483,b0f066a214c2f5e87bad3c948f4d605d) (ScriptedImporter) -> (artifact id: 'c61405c11e9c65e3d65263b52a0e85ec') in 0.0791858 seconds
Number of updated asset objects reloaded before import = 0Number of asset objects unloaded after import = 8

========================================================================
Received Import Request.
  Time since last request: 0.000062 seconds.
  path: Assets/FPS/Prefabs/VFX/VFX_Alert.prefab
  artifactKey: Guid(1bc9e4f49c67a6a41af3e7cb3d30bb43) Importer(2089858483,b0f066a214c2f5e87bad3c948f4d605d)
Start importing Assets/FPS/Prefabs/VFX/VFX_Alert.prefab using Guid(1bc9e4f49c67a6a41af3e7cb3d30bb43) Importer(2089858483,b0f066a214c2f5e87bad3c948f4d605d) (ScriptedImporter) -> (artifact id: '100932f8228cf25d555dba2880b5df25') in 0.2839414 seconds
Number of updated asset objects reloaded before import = 0Number of asset objects unloaded after import = 6

========================================================================
Received Import Request.
  Time since last request: 0.000049 seconds.
  path: Assets/NavMeshComponents/Scripts/NavMeshModifierVolume.cs
  artifactKey: Guid(bb0dd6fc9f577b440b7c21586a75ace2) Importer(2089858483,b0f066a214c2f5e87bad3c948f4d605d)
Start importing Assets/NavMeshComponents/Scripts/NavMeshModifierVolume.cs using Guid(bb0dd6fc9f577b440b7c21586a75ace2) Importer(2089858483,b0f066a214c2f5e87bad3c948f4d605d) (ScriptedImporter) -> (artifact id: '3871beb3b18f77692db203153a264ee0') in 0.0425707 seconds
Number of updated asset objects reloaded before import = 0Number of asset objects unloaded after import = 1

========================================================================
Received Import Request.
  Time since last request: 0.000059 seconds.
  path: Assets/FPS/Animation/Turret/Turret@AttackLoop.fbx
  artifactKey: Guid(8960478e18a418b4da048978e6a4b534) Importer(2089858483,b0f066a214c2f5e87bad3c948f4d605d)
Start importing Assets/FPS/Animation/Turret/Turret@AttackLoop.fbx using Guid(8960478e18a418b4da048978e6a4b534) Importer(2089858483,b0f066a214c2f5e87bad3c948f4d605d) (ScriptedImporter) -> (artifact id: 'aa39af2c9b2e7ba78ceb4859f2273040') in 0.0782534 seconds
Number of updated asset objects reloaded before import = 0Number of asset objects unloaded after import = 20

========================================================================
Received Import Request.
  Time since last request: 0.000042 seconds.
  path: Assets/FPS/Prefabs/RootObjects/OBJWall_Window.obj
  artifactKey: Guid(af4da4e5fdff6964e8044e498845e419) Importer(2089858483,b0f066a214c2f5e87bad3c948f4d605d)
Start importing Assets/FPS/Prefabs/RootObjects/OBJWall_Window.obj using Guid(af4da4e5fdff6964e8044e498845e419) Importer(2089858483,b0f066a214c2f5e87bad3c948f4d605d) (ScriptedImporter) -> (artifact id: 'd34cb961ed6ce632f574f4669dc75310') in 0.0550873 seconds
Number of updated asset objects reloaded before import = 0Number of asset objects unloaded after import = 11

========================================================================
Received Import Request.
  Time since last request: 0.000062 seconds.
  path: Assets/FPS/Prefabs/RootObjects/Ramp_3m.mtl
  artifactKey: Guid(f70dbcb89315b4045985f554086d23a5) Importer(2089858483,b0f066a214c2f5e87bad3c948f4d605d)
Start importing Assets/FPS/Prefabs/RootObjects/Ramp_3m.mtl using Guid(f70dbcb89315b4045985f554086d23a5) Importer(2089858483,b0f066a214c2f5e87bad3c948f4d605d) (ScriptedImporter) -> (artifact id: '1bcfd12796aa0fb2f8f8e3a9773dab76') in 0.0345278 seconds
Number of updated asset objects reloaded before import = 0Number of asset objects unloaded after import = 1

========================================================================
Received Import Request.
  Time since last request: 0.000042 seconds.
  path: Assets/FPS/Prefabs/VFX/VFX_DiskRange.prefab
  artifactKey: Guid(bbe6bdea7cd168e428a309e9eb2e728b) Importer(2089858483,b0f066a214c2f5e87bad3c948f4d605d)
Start importing Assets/FPS/Prefabs/VFX/VFX_DiskRange.prefab using Guid(bbe6bdea7cd168e428a309e9eb2e728b) Importer(2089858483,b0f066a214c2f5e87bad3c948f4d605d) (ScriptedImporter) -> (artifact id: 'ebf7d81772321e6c0a3bcfe0eccafddc') in 0.047704 seconds
Number of updated asset objects reloaded before import = 0Number of asset objects unloaded after import = 22

========================================================================
Received Import Request.
  Time since last request: 0.000103 seconds.
  path: Assets/TextMesh Pro/Fonts/LiberationSans - OFL.txt
  artifactKey: Guid(6e59c59b81ab47f9b6ec5781fa725d2c) Importer(2089858483,b0f066a214c2f5e87bad3c948f4d605d)
Start importing Assets/TextMesh Pro/Fonts/LiberationSans - OFL.txt using Guid(6e59c59b81ab47f9b6ec5781fa725d2c) Importer(2089858483,b0f066a214c2f5e87bad3c948f4d605d) (ScriptedImporter) -> (artifact id: '5623e46dcb07f38ead3ed59b926c0d2e') in 0.0683804 seconds
Number of updated asset objects reloaded before import = 0Number of asset objects unloaded after import = 1

========================================================================
Received Import Request.
  Time since last request: 0.000079 seconds.
  path: Assets/FPS/Prefabs/VFX/VFX_HealthPickup.prefab
  artifactKey: Guid(e44fc97440f45e946a0bdbdd460acfb9) Importer(2089858483,b0f066a214c2f5e87bad3c948f4d605d)
Start importing Assets/FPS/Prefabs/VFX/VFX_HealthPickup.prefab using Guid(e44fc97440f45e946a0bdbdd460acfb9) Importer(2089858483,b0f066a214c2f5e87bad3c948f4d605d) (ScriptedImporter) -> (artifact id: 'f90b34d87d520a252cef8484a32e772d') in 0.1086913 seconds
Number of updated asset objects reloaded before import = 0Number of asset objects unloaded after import = 7

========================================================================
Received Import Request.
  Time since last request: 0.000042 seconds.
  path: Assets/FPS/Prefabs/Projectiles/Projectile_Disc.prefab
  artifactKey: Guid(0e23901b938cf4f4eb86850d912715eb) Importer(2089858483,b0f066a214c2f5e87bad3c948f4d605d)
Start importing Assets/FPS/Prefabs/Projectiles/Projectile_Disc.prefab using Guid(0e23901b938cf4f4eb86850d912715eb) Importer(2089858483,b0f066a214c2f5e87bad3c948f4d605d) (ScriptedImporter) -> (artifact id: 'd6795e4202d79a2855d449bd085b50f4') in 0.1663628 seconds
Number of updated asset objects reloaded before import = 0Number of asset objects unloaded after import = 37

========================================================================
Received Import Request.
  Time since last request: 0.000079 seconds.
  path: Assets/TextMesh Pro/Shaders/TMP_SDF-Mobile Masking.shader
  artifactKey: Guid(bc1ede39bf3643ee8e493720e4259791) Importer(2089858483,b0f066a214c2f5e87bad3c948f4d605d)
Start importing Assets/TextMesh Pro/Shaders/TMP_SDF-Mobile Masking.shader using Guid(bc1ede39bf3643ee8e493720e4259791) Importer(2089858483,b0f066a214c2f5e87bad3c948f4d605d) (ScriptedImporter) -> (artifact id: '27069730ed94cd627f235f5d3933a39a') in 0.0473819 seconds
Number of updated asset objects reloaded before import = 0Number of asset objects unloaded after import = 1

========================================================================
Received Import Request.
  Time since last request: 0.000066 seconds.
  path: Assets/FPS/Prefabs/VFX/VFX_MuzzleFlashBlue.prefab
  artifactKey: Guid(4f5d4e5eaa0e5104791549cea3dc3f23) Importer(2089858483,b0f066a214c2f5e87bad3c948f4d605d)
Start importing Assets/FPS/Prefabs/VFX/VFX_MuzzleFlashBlue.prefab using Guid(4f5d4e5eaa0e5104791549cea3dc3f23) Importer(2089858483,b0f066a214c2f5e87bad3c948f4d605d) (ScriptedImporter) -> (artifact id: '549533a930254b86621ed48d7d673059') in 0.1756735 seconds
Number of updated asset objects reloaded before import = 0Number of asset objects unloaded after import = 6

========================================================================
Received Import Request.
  Time since last request: 0.000098 seconds.
  path: Assets/FPS/Prefabs/VFX/VFX_MuzzleFlashGreen.prefab
  artifactKey: Guid(9f671b22f25370048a18fb1f821294ec) Importer(2089858483,b0f066a214c2f5e87bad3c948f4d605d)
Start importing Assets/FPS/Prefabs/VFX/VFX_MuzzleFlashGreen.prefab using Guid(9f671b22f25370048a18fb1f821294ec) Importer(2089858483,b0f066a214c2f5e87bad3c948f4d605d) (ScriptedImporter) -> (artifact id: '31f589439a50b3f83f208d68f4147523') in 0.1035911 seconds
Number of updated asset objects reloaded before import = 0Number of asset objects unloaded after import = 6

========================================================================
Received Import Request.
  Time since last request: 0.000060 seconds.
  path: Assets/FPS/Tutorials/SuperchargeYourGame.png
  artifactKey: Guid(afa0a481d34b02945a505bd18c45ee44) Importer(2089858483,b0f066a214c2f5e87bad3c948f4d605d)
Start importing Assets/FPS/Tutorials/SuperchargeYourGame.png using Guid(afa0a481d34b02945a505bd18c45ee44) Importer(2089858483,b0f066a214c2f5e87bad3c948f4d605d) (ScriptedImporter) -> (artifact id: '074dadb34f65bd3e8e4154c6c5b6d224') in 0.1084569 seconds
Number of updated asset objects reloaded before import = 0Number of asset objects unloaded after import = 1

========================================================================
Received Import Request.
  Time since last request: 0.000083 seconds.
  path: Assets/TextMesh Pro/Shaders/TMP_SDF-Mobile SSD.shader
  artifactKey: Guid(c8d12adcee749c344b8117cf7c7eb912) Importer(2089858483,b0f066a214c2f5e87bad3c948f4d605d)
Start importing Assets/TextMesh Pro/Shaders/TMP_SDF-Mobile SSD.shader using Guid(c8d12adcee749c344b8117cf7c7eb912) Importer(2089858483,b0f066a214c2f5e87bad3c948f4d605d) (ScriptedImporter) -> (artifact id: 'f59b5e0d95371a264e26ba32ead3f411') in 0.0526291 seconds
Number of updated asset objects reloaded before import = 0Number of asset objects unloaded after import = 1

========================================================================
Received Import Request.
  Time since last request: 0.000046 seconds.
  path: Assets/FPS/Prefabs/Pickups/Pickup_Blaster.prefab
  artifactKey: Guid(fe0bc5bbccc19ef47a15b81c0abbb779) Importer(2089858483,b0f066a214c2f5e87bad3c948f4d605d)
Start importing Assets/FPS/Prefabs/Pickups/Pickup_Blaster.prefab using Guid(fe0bc5bbccc19ef47a15b81c0abbb779) Importer(2089858483,b0f066a214c2f5e87bad3c948f4d605d) (ScriptedImporter) -> (artifact id: '0ca3ea854a02583557ae05b7b401c477') in 0.1485346 seconds
Number of updated asset objects reloaded before import = 0Number of asset objects unloaded after import = 115

========================================================================
Received Import Request.
  Time since last request: 0.000072 seconds.
  path: Assets/FPS/Prefabs/VFX/VFX_AngrySteamTurret.prefab
  artifactKey: Guid(80a1c11596afc5b4e99fcd0cc136f3ed) Importer(2089858483,b0f066a214c2f5e87bad3c948f4d605d)
Start importing Assets/FPS/Prefabs/VFX/VFX_AngrySteamTurret.prefab using Guid(80a1c11596afc5b4e99fcd0cc136f3ed) Importer(2089858483,b0f066a214c2f5e87bad3c948f4d605d) (ScriptedImporter) -> (artifact id: 'f56a4c985fdfdaacad4228144c890a20') in 0.1068274 seconds
Number of updated asset objects reloaded before import = 0Number of asset objects unloaded after import = 6

========================================================================
Received Import Request.
  Time since last request: 0.000056 seconds.
  path: Assets/FPS/Art/Models/Mesh_Projectile.fbx
  artifactKey: Guid(dac2420a19d8c8e46b7d36c8e3817523) Importer(2089858483,b0f066a214c2f5e87bad3c948f4d605d)
Start importing Assets/FPS/Art/Models/Mesh_Projectile.fbx using Guid(dac2420a19d8c8e46b7d36c8e3817523) Importer(2089858483,b0f066a214c2f5e87bad3c948f4d605d) (ScriptedImporter) -> (artifact id: 'ecde963003e7fdc868cd5b393b86d4cf') in 0.056216 seconds
Number of updated asset objects reloaded before import = 0Number of asset objects unloaded after import = 7

========================================================================
Received Import Request.
  Time since last request: 0.000042 seconds.
  path: Assets/FPS/Prefabs/UI/CompassMarkerObjective.prefab
  artifactKey: Guid(17f7957746eb62b4fa1ebe22ad280c34) Importer(2089858483,b0f066a214c2f5e87bad3c948f4d605d)
Start importing Assets/FPS/Prefabs/UI/CompassMarkerObjective.prefab using Guid(17f7957746eb62b4fa1ebe22ad280c34) Importer(2089858483,b0f066a214c2f5e87bad3c948f4d605d) (ScriptedImporter) -> (artifact id: '1963dc15f80be0c7b24faf6ba54c76d7') in 0.053073 seconds
Number of updated asset objects reloaded before import = 0Number of asset objects unloaded after import = 9

========================================================================
Received Import Request.
  Time since last request: 0.000036 seconds.
  path: Assets/FPS/Animation/Rigs/Turret.fbx
  artifactKey: Guid(fad35a70731ab804c975c717ee8862a5) Importer(2089858483,b0f066a214c2f5e87bad3c948f4d605d)
Start importing Assets/FPS/Animation/Rigs/Turret.fbx using Guid(fad35a70731ab804c975c717ee8862a5) Importer(2089858483,b0f066a214c2f5e87bad3c948f4d605d) (ScriptedImporter) -> (artifact id: '4d8fbb4d4d100881008dfabf4942ea79') in 0.0795724 seconds
Number of updated asset objects reloaded before import = 0Number of asset objects unloaded after import = 32

========================================================================
Received Import Request.
  Time since last request: 0.000048 seconds.
  path: Assets/FPS/Prefabs/ObjectiveKillEnemies.prefab
  artifactKey: Guid(012d63212fd1fe646b661cb8446c7bd4) Importer(2089858483,b0f066a214c2f5e87bad3c948f4d605d)
Start importing Assets/FPS/Prefabs/ObjectiveKillEnemies.prefab using Guid(012d63212fd1fe646b661cb8446c7bd4) Importer(2089858483,b0f066a214c2f5e87bad3c948f4d605d) (ScriptedImporter) -> (artifact id: '1795822a5fda574235c76546605a2a91') in 0.0506123 seconds
Number of updated asset objects reloaded before import = 0Number of asset objects unloaded after import = 6

========================================================================
Received Import Request.
  Time since last request: 0.000034 seconds.
  path: Assets/TextMesh Pro/Shaders/TMP_SDF-Surface-Mobile.shader
  artifactKey: Guid(85187c2149c549c5b33f0cdb02836b17) Importer(2089858483,b0f066a214c2f5e87bad3c948f4d605d)
Start importing Assets/TextMesh Pro/Shaders/TMP_SDF-Surface-Mobile.shader using Guid(85187c2149c549c5b33f0cdb02836b17) Importer(2089858483,b0f066a214c2f5e87bad3c948f4d605d) (ScriptedImporter) -> (artifact id: 'f278310f2290477b7676df19e137318e') in 0.0438189 seconds
Number of updated asset objects reloaded before import = 0Number of asset objects unloaded after import = 1

========================================================================
Received Import Request.
  Time since last request: 0.000035 seconds.
  path: Assets/FPS/Prefabs/RootObjects/Altar.mtl
  artifactKey: Guid(ffbd29ad2bba3994a866553cda74f5f5) Importer(2089858483,b0f066a214c2f5e87bad3c948f4d605d)
Start importing Assets/FPS/Prefabs/RootObjects/Altar.mtl using Guid(ffbd29ad2bba3994a866553cda74f5f5) Importer(2089858483,b0f066a214c2f5e87bad3c948f4d605d) (ScriptedImporter) -> (artifact id: 'eb1ba2ace8cbd77e5ca746b30a49e618') in 0.0290019 seconds
Number of updated asset objects reloaded before import = 0Number of asset objects unloaded after import = 1

========================================================================
Received Import Request.
  Time since last request: 0.000061 seconds.
  path: Assets/FPS/Art/Materials/Skybox.mat
  artifactKey: Guid(dbc92a4fb93cbec44b044e6a6ea325ea) Importer(2089858483,b0f066a214c2f5e87bad3c948f4d605d)
Start importing Assets/FPS/Art/Materials/Skybox.mat using Guid(dbc92a4fb93cbec44b044e6a6ea325ea) Importer(2089858483,b0f066a214c2f5e87bad3c948f4d605d) (ScriptedImporter) -> (artifact id: '24db4629b487c50433fae15af3891a33') in 0.0758934 seconds
Number of updated asset objects reloaded before import = 0Number of asset objects unloaded after import = 2

========================================================================
Received Import Request.
  Time since last request: 0.000048 seconds.
  path: Assets/FPS/Scripts/AI/FollowPlayer.cs
  artifactKey: Guid(3cb6842226810914cb7e746a8f872d68) Importer(2089858483,b0f066a214c2f5e87bad3c948f4d605d)
Start importing Assets/FPS/Scripts/AI/FollowPlayer.cs using Guid(3cb6842226810914cb7e746a8f872d68) Importer(2089858483,b0f066a214c2f5e87bad3c948f4d605d) (ScriptedImporter) -> (artifact id: '35fe9fda81d4ab195bcb48fc310b7258') in 0.0283008 seconds
Number of updated asset objects reloaded before import = 0Number of asset objects unloaded after import = 0

========================================================================
Received Import Request.
  Time since last request: 0.000092 seconds.
  path: Assets/NavMeshComponents/Scripts/NavMeshLink.cs
  artifactKey: Guid(944aa5b74b8898a40ba726e5da1aeae4) Importer(2089858483,b0f066a214c2f5e87bad3c948f4d605d)
Start importing Assets/NavMeshComponents/Scripts/NavMeshLink.cs using Guid(944aa5b74b8898a40ba726e5da1aeae4) Importer(2089858483,b0f066a214c2f5e87bad3c948f4d605d) (ScriptedImporter) -> (artifact id: '395f0a458d0828fcc77f2b9ac87f1b9c') in 0.0323263 seconds
Number of updated asset objects reloaded before import = 0Number of asset objects unloaded after import = 1

========================================================================
Received Import Request.
  Time since last request: 0.000068 seconds.
  path: Assets/FPS/Tutorials/FPSIcon.png
  artifactKey: Guid(82868597b55b3409093b4fe79d24b26c) Importer(2089858483,b0f066a214c2f5e87bad3c948f4d605d)
Start importing Assets/FPS/Tutorials/FPSIcon.png using Guid(82868597b55b3409093b4fe79d24b26c) Importer(2089858483,b0f066a214c2f5e87bad3c948f4d605d) (ScriptedImporter) -> (artifact id: 'ff1d0d6504743e96bd030ce14c47eba5') in 0.0657828 seconds
Number of updated asset objects reloaded before import = 0Number of asset objects unloaded after import = 1

========================================================================
Received Import Request.
  Time since last request: 0.000073 seconds.
  path: Assets/ModAssets/Fonts/Bangers-Regular SDF.asset
  artifactKey: Guid(0e141b3397d234c8685509c5d77ebcf1) Importer(2089858483,b0f066a214c2f5e87bad3c948f4d605d)
Start importing Assets/ModAssets/Fonts/Bangers-Regular SDF.asset using Guid(0e141b3397d234c8685509c5d77ebcf1) Importer(2089858483,b0f066a214c2f5e87bad3c948f4d605d) (ScriptedImporter) -> (artifact id: 'e1886b8d127956eb473e4acb08337cf1') in 0.0635711 seconds
Number of updated asset objects reloaded before import = 0Number of asset objects unloaded after import = 5

========================================================================
Received Import Request.
  Time since last request: 0.000039 seconds.
  path: Assets/FPS/Scripts/Editor/MiniProfiler.cs
  artifactKey: Guid(4b5425b2a870ac14f8c96f11c641db95) Importer(2089858483,b0f066a214c2f5e87bad3c948f4d605d)
Start importing Assets/FPS/Scripts/Editor/MiniProfiler.cs using Guid(4b5425b2a870ac14f8c96f11c641db95) Importer(2089858483,b0f066a214c2f5e87bad3c948f4d605d) (ScriptedImporter) -> (artifact id: '9642b325c5e7a34e2da270a7b40b6fda') in 0.0316534 seconds
Number of updated asset objects reloaded before import = 0Number of asset objects unloaded after import = 0

========================================================================
Received Import Request.
  Time since last request: 0.000060 seconds.
  path: Assets/FPS/Scripts/Editor/UITableEditor.cs
  artifactKey: Guid(d6ad043c45f6e794cae57e90893e61fa) Importer(2089858483,b0f066a214c2f5e87bad3c948f4d605d)
Start importing Assets/FPS/Scripts/Editor/UITableEditor.cs using Guid(d6ad043c45f6e794cae57e90893e61fa) Importer(2089858483,b0f066a214c2f5e87bad3c948f4d605d) (ScriptedImporter) -> (artifact id: '852daa33110e2259ce8df5693b4e7cf5') in 0.0427623 seconds
Number of updated asset objects reloaded before import = 0Number of asset objects unloaded after import = 0

========================================================================
Received Import Request.
  Time since last request: 0.000034 seconds.
  path: Assets/FPS/Prefabs/UI/GameMessageGeneric.prefab
  artifactKey: Guid(dbfc7742a2f49bf42a9a012e4ec4b773) Importer(2089858483,b0f066a214c2f5e87bad3c948f4d605d)
Start importing Assets/FPS/Prefabs/UI/GameMessageGeneric.prefab using Guid(dbfc7742a2f49bf42a9a012e4ec4b773) Importer(2089858483,b0f066a214c2f5e87bad3c948f4d605d) (ScriptedImporter) -> (artifact id: '139706699f32b89ede19476287512290') in 0.0666987 seconds
Number of updated asset objects reloaded before import = 0Number of asset objects unloaded after import = 21

========================================================================
Received Import Request.
  Time since last request: 0.000049 seconds.
  path: Assets/FPS/Scenes/SecondaryScene/NavMesh.asset
  artifactKey: Guid(3aee75ef7e48d84489c3662698b9b49f) Importer(2089858483,b0f066a214c2f5e87bad3c948f4d605d)
Start importing Assets/FPS/Scenes/SecondaryScene/NavMesh.asset using Guid(3aee75ef7e48d84489c3662698b9b49f) Importer(2089858483,b0f066a214c2f5e87bad3c948f4d605d) (ScriptedImporter) -> (artifact id: '13bece05ed14ba3529a378e96ed9023c') in 0.0460975 seconds
Number of updated asset objects reloaded before import = 0Number of asset objects unloaded after import = 1

========================================================================
Received Import Request.
  Time since last request: 0.000064 seconds.
  path: Assets/FPS/Prefabs/VFX/VFX_LazerSparksBlue.prefab
  artifactKey: Guid(358eca6adc32a89459c54b6b62d9c825) Importer(2089858483,b0f066a214c2f5e87bad3c948f4d605d)
Start importing Assets/FPS/Prefabs/VFX/VFX_LazerSparksBlue.prefab using Guid(358eca6adc32a89459c54b6b62d9c825) Importer(2089858483,b0f066a214c2f5e87bad3c948f4d605d) (ScriptedImporter) -> (artifact id: '43267dadefdb43241f603cf97e6284c6') in 0.1293551 seconds
Number of updated asset objects reloaded before import = 0Number of asset objects unloaded after import = 6

========================================================================
Received Import Request.
  Time since last request: 0.000065 seconds.
  path: Assets/FPS/Scripts/Game/Events.cs
  artifactKey: Guid(b1ebb8b94dd6b9f4292a7a4a2996fed1) Importer(2089858483,b0f066a214c2f5e87bad3c948f4d605d)
Start importing Assets/FPS/Scripts/Game/Events.cs using Guid(b1ebb8b94dd6b9f4292a7a4a2996fed1) Importer(2089858483,b0f066a214c2f5e87bad3c948f4d605d) (ScriptedImporter) -> (artifact id: '7f08e37210053ea6f3be885ee76ac906') in 0.0332945 seconds
Number of updated asset objects reloaded before import = 0Number of asset objects unloaded after import = 0

========================================================================
Received Import Request.
  Time since last request: 0.000133 seconds.
  path: Assets/FPS/Scripts/Game/fps.Game.asmdef
  artifactKey: Guid(9c5543eabb73a6249ac07b2c065ee8b4) Importer(2089858483,b0f066a214c2f5e87bad3c948f4d605d)
Start importing Assets/FPS/Scripts/Game/fps.Game.asmdef using Guid(9c5543eabb73a6249ac07b2c065ee8b4) Importer(2089858483,b0f066a214c2f5e87bad3c948f4d605d) (ScriptedImporter) -> (artifact id: '6a65eacf23be7827d9194ecb089982ee') in 0.0552869 seconds
Number of updated asset objects reloaded before import = 0Number of asset objects unloaded after import = 1

========================================================================
Received Import Request.
  Time since last request: 0.000036 seconds.
  path: Assets/FPS/Prefabs/Weapons/Weapon_Blaster.prefab
  artifactKey: Guid(b318fabc73446b746a1005cede0c4ceb) Importer(2089858483,b0f066a214c2f5e87bad3c948f4d605d)
Start importing Assets/FPS/Prefabs/Weapons/Weapon_Blaster.prefab using Guid(b318fabc73446b746a1005cede0c4ceb) Importer(2089858483,b0f066a214c2f5e87bad3c948f4d605d) (ScriptedImporter) -> (artifact id: '337e8514d14f49d17d621fca1603542d') in 0.1722311 seconds
Number of updated asset objects reloaded before import = 0Number of asset objects unloaded after import = 109

========================================================================
Received Import Request.
  Time since last request: 0.000097 seconds.
  path: Assets/FPS/Scripts/Game/TimedSelfDestruct.cs
  artifactKey: Guid(09df4c6380233d34397a4a7506903302) Importer(2089858483,b0f066a214c2f5e87bad3c948f4d605d)
Start importing Assets/FPS/Scripts/Game/TimedSelfDestruct.cs using Guid(09df4c6380233d34397a4a7506903302) Importer(2089858483,b0f066a214c2f5e87bad3c948f4d605d) (ScriptedImporter) -> (artifact id: '56301a5ece46b3c711db6355f2b4029a') in 0.0323174 seconds
Number of updated asset objects reloaded before import = 0Number of asset objects unloaded after import = 0

========================================================================
Received Import Request.
  Time since last request: 0.000053 seconds.
  path: Assets/FPS/Tutorials/BotIcon.png
  artifactKey: Guid(f6b78880543bf4e91bd85801abd1ab8d) Importer(2089858483,b0f066a214c2f5e87bad3c948f4d605d)
Start importing Assets/FPS/Tutorials/BotIcon.png using Guid(f6b78880543bf4e91bd85801abd1ab8d) Importer(2089858483,b0f066a214c2f5e87bad3c948f4d605d) (ScriptedImporter) -> (artifact id: '76413fd74746a78cf8d420230e5698b3') in 0.0697065 seconds
Number of updated asset objects reloaded before import = 0Number of asset objects unloaded after import = 1

========================================================================
Received Import Request.
  Time since last request: 0.000032 seconds.
  path: Assets/FPS/Prefabs/Pickups/Pickup_Shotgun.prefab
  artifactKey: Guid(66d579771ab0ab94a92b3411ba179621) Importer(2089858483,b0f066a214c2f5e87bad3c948f4d605d)
Start importing Assets/FPS/Prefabs/Pickups/Pickup_Shotgun.prefab using Guid(66d579771ab0ab94a92b3411ba179621) Importer(2089858483,b0f066a214c2f5e87bad3c948f4d605d) (ScriptedImporter) -> (artifact id: 'fdb78db83c73509016c3129e1b1946fc') in 0.2407984 seconds
Number of updated asset objects reloaded before import = 0Number of asset objects unloaded after import = 164

========================================================================
Received Import Request.
  Time since last request: 0.000048 seconds.
  path: Assets/FPS/Prefabs/Projectiles/Projectile_Shotgun.prefab
  artifactKey: Guid(f05c7e6fbbfbe824388456bb4abff9d4) Importer(2089858483,b0f066a214c2f5e87bad3c948f4d605d)
Start importing Assets/FPS/Prefabs/Projectiles/Projectile_Shotgun.prefab using Guid(f05c7e6fbbfbe824388456bb4abff9d4) Importer(2089858483,b0f066a214c2f5e87bad3c948f4d605d) (ScriptedImporter) -> (artifact id: '63ec3ebada1eaceca1f790be1a2a0c07') in 0.0516115 seconds
Number of updated asset objects reloaded before import = 0Number of asset objects unloaded after import = 17

========================================================================
Received Import Request.
  Time since last request: 0.000062 seconds.
  path: Assets/FPS/Prefabs/RootObjects/Wall_Window.mtl
  artifactKey: Guid(2f299363fdc7fd549a4945726dca53d0) Importer(2089858483,b0f066a214c2f5e87bad3c948f4d605d)
Start importing Assets/FPS/Prefabs/RootObjects/Wall_Window.mtl using Guid(2f299363fdc7fd549a4945726dca53d0) Importer(2089858483,b0f066a214c2f5e87bad3c948f4d605d) (ScriptedImporter) -> (artifact id: '6f881d873328618c2373fa7f3c08d12d') in 0.0385374 seconds
Number of updated asset objects reloaded before import = 0Number of asset objects unloaded after import = 1

========================================================================
Received Import Request.
  Time since last request: 0.000033 seconds.
  path: Assets/NavMeshComponents/Editor/NavMeshComponentsGUIUtility.cs
  artifactKey: Guid(cd87d77a7e9dee24bbb6eaf7b8ac12da) Importer(2089858483,b0f066a214c2f5e87bad3c948f4d605d)
Start importing Assets/NavMeshComponents/Editor/NavMeshComponentsGUIUtility.cs using Guid(cd87d77a7e9dee24bbb6eaf7b8ac12da) Importer(2089858483,b0f066a214c2f5e87bad3c948f4d605d) (ScriptedImporter) -> (artifact id: '339ca2977569baae81b26bfbae876842') in 0.031955 seconds
Number of updated asset objects reloaded before import = 0Number of asset objects unloaded after import = 0

========================================================================
Received Import Request.
  Time since last request: 0.000046 seconds.
  path: Assets/NavMeshComponents/Scripts/NavMeshComponents.asmdef
  artifactKey: Guid(e44d436f4cd5ae341be3cbd8ce8c447b) Importer(2089858483,b0f066a214c2f5e87bad3c948f4d605d)
Start importing Assets/NavMeshComponents/Scripts/NavMeshComponents.asmdef using Guid(e44d436f4cd5ae341be3cbd8ce8c447b) Importer(2089858483,b0f066a214c2f5e87bad3c948f4d605d) (ScriptedImporter) -> (artifact id: 'a8647d9be32c5bcfa03ab23d23b2bb49') in 0.0551202 seconds
Number of updated asset objects reloaded before import = 0Number of asset objects unloaded after import = 1

========================================================================
Received Import Request.
  Time since last request: 0.000066 seconds.
  path: Assets/FPS/Scripts/UI/CompassElement.cs
  artifactKey: Guid(14b7698ec50c85c44a849a968dc1d57d) Importer(2089858483,b0f066a214c2f5e87bad3c948f4d605d)
Start importing Assets/FPS/Scripts/UI/CompassElement.cs using Guid(14b7698ec50c85c44a849a968dc1d57d) Importer(2089858483,b0f066a214c2f5e87bad3c948f4d605d) (ScriptedImporter) -> (artifact id: '47b8dad13c9a95a80e3351722de36256') in 0.0372946 seconds
Number of updated asset objects reloaded before import = 0Number of asset objects unloaded after import = 0

========================================================================
Received Import Request.
  Time since last request: 0.000030 seconds.
  path: Assets/FPS/Scripts/Gameplay/TeleportPlayer.cs
  artifactKey: Guid(3a304a5233f1c3646ad5342015726b1d) Importer(2089858483,b0f066a214c2f5e87bad3c948f4d605d)
Start importing Assets/FPS/Scripts/Gameplay/TeleportPlayer.cs using Guid(3a304a5233f1c3646ad5342015726b1d) Importer(2089858483,b0f066a214c2f5e87bad3c948f4d605d) (ScriptedImporter) -> (artifact id: 'c8910959a69b27c284ffdf98ea574025') in 0.0408239 seconds
Number of updated asset objects reloaded before import = 0Number of asset objects unloaded after import = 0

========================================================================
Received Import Request.
  Time since last request: 0.000040 seconds.
  path: Assets/FPS/Art/Shaders/ProjectorMultiply.shader
  artifactKey: Guid(b5c648405f0127c4ba0b5b58cd987e57) Importer(2089858483,b0f066a214c2f5e87bad3c948f4d605d)
Start importing Assets/FPS/Art/Shaders/ProjectorMultiply.shader using Guid(b5c648405f0127c4ba0b5b58cd987e57) Importer(2089858483,b0f066a214c2f5e87bad3c948f4d605d) (ScriptedImporter) -> (artifact id: 'f35843e308a0b952ca22f6d520e57c83') in 0.0453751 seconds
Number of updated asset objects reloaded before import = 0Number of asset objects unloaded after import = 1

========================================================================
Received Import Request.
  Time since last request: 0.000067 seconds.
  path: Assets/FPS/Prefabs/Weapons/Weapon_Launcher.prefab
  artifactKey: Guid(3439b4874b7b44e4eb2216314c46b85c) Importer(2089858483,b0f066a214c2f5e87bad3c948f4d605d)
Start importing Assets/FPS/Prefabs/Weapons/Weapon_Launcher.prefab using Guid(3439b4874b7b44e4eb2216314c46b85c) Importer(2089858483,b0f066a214c2f5e87bad3c948f4d605d) (ScriptedImporter) -> (artifact id: 'a2d97f784b60d8424053cd3ddc233661') in 0.1589824 seconds
Number of updated asset objects reloaded before import = 0Number of asset objects unloaded after import = 104

========================================================================
Received Import Request.
  Time since last request: 0.000058 seconds.
  path: Assets/FPS/Scripts/UI/fps.UI.asmdef
  artifactKey: Guid(269903ea973e2a64ca0fb91ee07d3625) Importer(2089858483,b0f066a214c2f5e87bad3c948f4d605d)
Start importing Assets/FPS/Scripts/UI/fps.UI.asmdef using Guid(269903ea973e2a64ca0fb91ee07d3625) Importer(2089858483,b0f066a214c2f5e87bad3c948f4d605d) (ScriptedImporter) -> (artifact id: 'ccb3153e2b21ae54c8931109486f671a') in 0.0595167 seconds
Number of updated asset objects reloaded before import = 0Number of asset objects unloaded after import = 1

========================================================================
Received Import Request.
  Time since last request: 0.000054 seconds.
  path: Assets/FPS/Scripts/Gameplay/WeaponFuelCellHandler.cs
  artifactKey: Guid(cc94179cece5b4e41ae9298ddbf83fdf) Importer(2089858483,b0f066a214c2f5e87bad3c948f4d605d)
Start importing Assets/FPS/Scripts/Gameplay/WeaponFuelCellHandler.cs using Guid(cc94179cece5b4e41ae9298ddbf83fdf) Importer(2089858483,b0f066a214c2f5e87bad3c948f4d605d) (ScriptedImporter) -> (artifact id: '95c94a8ab4852da686fd67c7e7b73feb') in 0.0360782 seconds
Number of updated asset objects reloaded before import = 0Number of asset objects unloaded after import = 0

========================================================================
Received Import Request.
  Time since last request: 0.000029 seconds.
  path: Assets/FPS/Scripts/UI/FramerateCounter.cs
  artifactKey: Guid(9bb4b9b492a196d46b75760761528eeb) Importer(2089858483,b0f066a214c2f5e87bad3c948f4d605d)
Start importing Assets/FPS/Scripts/UI/FramerateCounter.cs using Guid(9bb4b9b492a196d46b75760761528eeb) Importer(2089858483,b0f066a214c2f5e87bad3c948f4d605d) (ScriptedImporter) -> (artifact id: '6a64702440facd09af04a28fd19251e5') in 0.0300981 seconds
Number of updated asset objects reloaded before import = 0Number of asset objects unloaded after import = 0

========================================================================
Received Import Request.
  Time since last request: 0.000035 seconds.
  path: Assets/FPS/Scripts/Game/PrefabReplacerOnInstance.cs
  artifactKey: Guid(66a57e166e75d154ab24c723fe6e96f2) Importer(2089858483,b0f066a214c2f5e87bad3c948f4d605d)
Start importing Assets/FPS/Scripts/Game/PrefabReplacerOnInstance.cs using Guid(66a57e166e75d154ab24c723fe6e96f2) Importer(2089858483,b0f066a214c2f5e87bad3c948f4d605d) (ScriptedImporter) -> (artifact id: 'a8b60569eb1202328338eaa562f3c269') in 0.0356697 seconds
Number of updated asset objects reloaded before import = 0Number of asset objects unloaded after import = 0

========================================================================
Received Import Request.
  Time since last request: 0.000063 seconds.
  path: Assets/FPS/Scripts/UI/MenuNavigation.cs
  artifactKey: Guid(705b060d91dd25446a76cfc9640acee4) Importer(2089858483,b0f066a214c2f5e87bad3c948f4d605d)
Start importing Assets/FPS/Scripts/UI/MenuNavigation.cs using Guid(705b060d91dd25446a76cfc9640acee4) Importer(2089858483,b0f066a214c2f5e87bad3c948f4d605d) (ScriptedImporter) -> (artifact id: '5e8e156a00aaad137147c84041f922fb') in 0.0321249 seconds
Number of updated asset objects reloaded before import = 0Number of asset objects unloaded after import = 0

========================================================================
Received Import Request.
  Time since last request: 0.000045 seconds.
  path: Assets/FPS/Scripts/Game/Actor.cs
  artifactKey: Guid(81b4c4e7c5d6cd34bb04cb46517b4e23) Importer(2089858483,b0f066a214c2f5e87bad3c948f4d605d)
Start importing Assets/FPS/Scripts/Game/Actor.cs using Guid(81b4c4e7c5d6cd34bb04cb46517b4e23) Importer(2089858483,b0f066a214c2f5e87bad3c948f4d605d) (ScriptedImporter) -> (artifact id: '465f1d59399bc64a2557d340c60717a6') in 0.0337634 seconds
Number of updated asset objects reloaded before import = 0Number of asset objects unloaded after import = 0

========================================================================
Received Import Request.
  Time since last request: 0.000059 seconds.
  path: Assets/FPS/Scripts/Game/PrefabReplacer.cs
  artifactKey: Guid(55cca505d6267e94fbd3796f4f059ec8) Importer(2089858483,b0f066a214c2f5e87bad3c948f4d605d)
Start importing Assets/FPS/Scripts/Game/PrefabReplacer.cs using Guid(55cca505d6267e94fbd3796f4f059ec8) Importer(2089858483,b0f066a214c2f5e87bad3c948f4d605d) (ScriptedImporter) -> (artifact id: '6a0a236c22c0de58ebec1fb47fe350c3') in 0.0327983 seconds
Number of updated asset objects reloaded before import = 0Number of asset objects unloaded after import = 0

========================================================================
Received Import Request.
  Time since last request: 0.000052 seconds.
  path: Assets/FPS/Scenes/SecondaryScene/LightingData.asset
  artifactKey: Guid(71d822b50dbb0ee48818734bde93a095) Importer(2089858483,b0f066a214c2f5e87bad3c948f4d605d)
Start importing Assets/FPS/Scenes/SecondaryScene/LightingData.asset using Guid(71d822b50dbb0ee48818734bde93a095) Importer(2089858483,b0f066a214c2f5e87bad3c948f4d605d) (ScriptedImporter) -> (artifact id: '4c294db02d310a4e6a5d747c0ce35de6') in 0.0684387 seconds
Number of updated asset objects reloaded before import = 0Number of asset objects unloaded after import = 2

========================================================================
Received Import Request.
  Time since last request: 0.000050 seconds.
  path: Assets/FPS/Scripts/UI/UITable.cs
  artifactKey: Guid(e4707fbaf17e28342b6a52817c6de926) Importer(2089858483,b0f066a214c2f5e87bad3c948f4d605d)
Start importing Assets/FPS/Scripts/UI/UITable.cs using Guid(e4707fbaf17e28342b6a52817c6de926) Importer(2089858483,b0f066a214c2f5e87bad3c948f4d605d) (ScriptedImporter) -> (artifact id: 'e11d695645b61a929e70a588963abb19') in 0.0309555 seconds
Number of updated asset objects reloaded before import = 0Number of asset objects unloaded after import = 0

========================================================================
Received Import Request.
  Time since last request: 0.000040 seconds.
  path: Assets/FPS/Scripts/UI/WeaponHUDManager.cs
  artifactKey: Guid(d92192f1b2e47e444a80f725b8cbca36) Importer(2089858483,b0f066a214c2f5e87bad3c948f4d605d)
Start importing Assets/FPS/Scripts/UI/WeaponHUDManager.cs using Guid(d92192f1b2e47e444a80f725b8cbca36) Importer(2089858483,b0f066a214c2f5e87bad3c948f4d605d) (ScriptedImporter) -> (artifact id: 'cab894cbec219426dda9b47eb7d7b540') in 0.0336675 seconds
Number of updated asset objects reloaded before import = 0Number of asset objects unloaded after import = 0

========================================================================
Received Import Request.
  Time since last request: 0.000055 seconds.
  path: Assets/FPS/Scripts/AI/EnemyController.cs
  artifactKey: Guid(3de939d976a5bb0419ccd8dbd0b6836b) Importer(2089858483,b0f066a214c2f5e87bad3c948f4d605d)
Start importing Assets/FPS/Scripts/AI/EnemyController.cs using Guid(3de939d976a5bb0419ccd8dbd0b6836b) Importer(2089858483,b0f066a214c2f5e87bad3c948f4d605d) (ScriptedImporter) -> (artifact id: '884dec531a28740962e8405914c59669') in 0.0346594 seconds
Number of updated asset objects reloaded before import = 0Number of asset objects unloaded after import = 0

========================================================================
Received Import Request.
  Time since last request: 0.000035 seconds.
  path: Assets/FPS/Scripts/UI/CompassMarker.cs
  artifactKey: Guid(591d30c26600b7c478aa30a3e005633b) Importer(2089858483,b0f066a214c2f5e87bad3c948f4d605d)
Start importing Assets/FPS/Scripts/UI/CompassMarker.cs using Guid(591d30c26600b7c478aa30a3e005633b) Importer(2089858483,b0f066a214c2f5e87bad3c948f4d605d) (ScriptedImporter) -> (artifact id: '281b72930bc48fd1139db08c043277ad') in 0.036257 seconds
Number of updated asset objects reloaded before import = 0Number of asset objects unloaded after import = 0

========================================================================
Received Import Request.
  Time since last request: 0.000050 seconds.
  path: Assets/FPS/Tutorials/1_GetStarted/05-Select-Object.asset
  artifactKey: Guid(2d1257a40bff04ff7b1c691749feedbb) Importer(2089858483,b0f066a214c2f5e87bad3c948f4d605d)
Start importing Assets/FPS/Tutorials/1_GetStarted/05-Select-Object.asset using Guid(2d1257a40bff04ff7b1c691749feedbb) Importer(2089858483,b0f066a214c2f5e87bad3c948f4d605d) (ScriptedImporter) -> (artifact id: 'e421ebbeb08fe4dba44cfdee6a6c9031') in 0.0580866 seconds
Number of updated asset objects reloaded before import = 0Number of asset objects unloaded after import = 4

========================================================================
Received Import Request.
  Time since last request: 0.000060 seconds.
  path: Assets/FPS/Tutorials/1_GetStarted/09-Exit-Play.asset
  artifactKey: Guid(ddc55b581006f4185be4b75ca500bb2d) Importer(2089858483,b0f066a214c2f5e87bad3c948f4d605d)
Start importing Assets/FPS/Tutorials/1_GetStarted/09-Exit-Play.asset using Guid(ddc55b581006f4185be4b75ca500bb2d) Importer(2089858483,b0f066a214c2f5e87bad3c948f4d605d) (ScriptedImporter) -> (artifact id: '3b1b11357250e6f9585ef2c29ee54e1a') in 0.0554194 seconds
Number of updated asset objects reloaded before import = 0Number of asset objects unloaded after import = 4

========================================================================
Received Import Request.
  Time since last request: 0.000052 seconds.
  path: Assets/FPS/Scenes/MainScene/NavMesh-NavMeshSurface 1.asset
  artifactKey: Guid(87ef3aeeedf264488aba750ca9202cd5) Importer(2089858483,b0f066a214c2f5e87bad3c948f4d605d)
Start importing Assets/FPS/Scenes/MainScene/NavMesh-NavMeshSurface 1.asset using Guid(87ef3aeeedf264488aba750ca9202cd5) Importer(2089858483,b0f066a214c2f5e87bad3c948f4d605d) (ScriptedImporter) -> (artifact id: '0839c4847d2dba245cca3b6204a3acc3') in 0.0433631 seconds
Number of updated asset objects reloaded before import = 0Number of asset objects unloaded after import = 1

========================================================================
Received Import Request.
  Time since last request: 0.000035 seconds.
  path: Assets/FPS/Scripts/UI/InGameMenuManager.cs
  artifactKey: Guid(18998fe37a74de64d861e190ab499e45) Importer(2089858483,b0f066a214c2f5e87bad3c948f4d605d)
Start importing Assets/FPS/Scripts/UI/InGameMenuManager.cs using Guid(18998fe37a74de64d861e190ab499e45) Importer(2089858483,b0f066a214c2f5e87bad3c948f4d605d) (ScriptedImporter) -> (artifact id: 'dd17df23bfec56a4be8ed0672a031ac2') in 0.0402615 seconds
Number of updated asset objects reloaded before import = 0Number of asset objects unloaded after import = 0

========================================================================
Received Import Request.
  Time since last request: 0.000046 seconds.
  path: Assets/FPS/Tutorials/1_GetStarted/10-Done.asset
  artifactKey: Guid(04f3f078480314da88c1a2b875c18b80) Importer(2089858483,b0f066a214c2f5e87bad3c948f4d605d)
Start importing Assets/FPS/Tutorials/1_GetStarted/10-Done.asset using Guid(04f3f078480314da88c1a2b875c18b80) Importer(2089858483,b0f066a214c2f5e87bad3c948f4d605d) (ScriptedImporter) -> (artifact id: '0101095d9533b25007c49ee0ddfd9fea') in 0.6290385 seconds
Number of updated asset objects reloaded before import = 0Number of asset objects unloaded after import = 864

========================================================================
Received Import Request.
  Time since last request: 0.000056 seconds.
  path: Assets/FPS/Tutorials/2_AddARoom/04-Try-Hand-Tool.asset
  artifactKey: Guid(08664b222211f4218bcf3356bf7bae3e) Importer(2089858483,b0f066a214c2f5e87bad3c948f4d605d)
Start importing Assets/FPS/Tutorials/2_AddARoom/04-Try-Hand-Tool.asset using Guid(08664b222211f4218bcf3356bf7bae3e) Importer(2089858483,b0f066a214c2f5e87bad3c948f4d605d) (ScriptedImporter) -> (artifact id: 'f543d3d84b8e5502f1858fcd8bc04381') in 0.0433748 seconds
Number of updated asset objects reloaded before import = 0Number of asset objects unloaded after import = 4

========================================================================
Received Import Request.
  Time since last request: 0.000051 seconds.
  path: Assets/FPS/Scripts/UI/NotificationToast.cs
  artifactKey: Guid(7105c0d95b5d43042b5ab0674df1e09a) Importer(2089858483,b0f066a214c2f5e87bad3c948f4d605d)
Start importing Assets/FPS/Scripts/UI/NotificationToast.cs using Guid(7105c0d95b5d43042b5ab0674df1e09a) Importer(2089858483,b0f066a214c2f5e87bad3c948f4d605d) (ScriptedImporter) -> (artifact id: 'fd8d5f4f2c53df1a2c3a167012fee983') in 0.033453 seconds
Number of updated asset objects reloaded before import = 0Number of asset objects unloaded after import = 0

========================================================================
Received Import Request.
  Time since last request: 0.000031 seconds.
  path: Assets/FPS/Prefabs/VFX/VFX_Lava.prefab
  artifactKey: Guid(bf40d5ff22aca9d428655f63d45754f5) Importer(2089858483,b0f066a214c2f5e87bad3c948f4d605d)
Start importing Assets/FPS/Prefabs/VFX/VFX_Lava.prefab using Guid(bf40d5ff22aca9d428655f63d45754f5) Importer(2089858483,b0f066a214c2f5e87bad3c948f4d605d) (ScriptedImporter) -> (artifact id: '61b88a54f64f772da3b5d97290be9212') in 0.0808907 seconds
Number of updated asset objects reloaded before import = 0Number of asset objects unloaded after import = 6

========================================================================
Received Import Request.
  Time since last request: 0.000049 seconds.
  path: Assets/FPS/Tutorials/2_AddARoom/08.asset
  artifactKey: Guid(894f5e0cc670c46f687629af79655cc4) Importer(2089858483,b0f066a214c2f5e87bad3c948f4d605d)
Start importing Assets/FPS/Tutorials/2_AddARoom/08.asset using Guid(894f5e0cc670c46f687629af79655cc4) Importer(2089858483,b0f066a214c2f5e87bad3c948f4d605d) (ScriptedImporter) -> (artifact id: '400659d05a231a79a10034a5fe3f460e') in 0.0761531 seconds
Number of updated asset objects reloaded before import = 0Number of asset objects unloaded after import = 3

========================================================================
Received Import Request.
  Time since last request: 0.000055 seconds.
  path: Assets/FPS/Prefabs/VFX/VFX_HitSparks.prefab
  artifactKey: Guid(7593818fba43c7f4c8372299ce5e893f) Importer(2089858483,b0f066a214c2f5e87bad3c948f4d605d)
Start importing Assets/FPS/Prefabs/VFX/VFX_HitSparks.prefab using Guid(7593818fba43c7f4c8372299ce5e893f) Importer(2089858483,b0f066a214c2f5e87bad3c948f4d605d) (ScriptedImporter) -> (artifact id: '10e075f3a431e0390df183266675e058') in 0.1391018 seconds
Number of updated asset objects reloaded before import = 0Number of asset objects unloaded after import = 6

========================================================================
Received Import Request.
  Time since last request: 0.000100 seconds.
  path: Assets/FPS/Tutorials/2_AddARoom/Add-A-Room-Walkthrough.asset
  artifactKey: Guid(97ff54290d4d54a86b2e22ed724ab843) Importer(2089858483,b0f066a214c2f5e87bad3c948f4d605d)
Start importing Assets/FPS/Tutorials/2_AddARoom/Add-A-Room-Walkthrough.asset using Guid(97ff54290d4d54a86b2e22ed724ab843) Importer(2089858483,b0f066a214c2f5e87bad3c948f4d605d) (ScriptedImporter) -> (artifact id: '5336c5a8366c97972f4e0e66bdb65968') in 0.6456234 seconds
Number of updated asset objects reloaded before import = 0Number of asset objects unloaded after import = 864

========================================================================
Received Import Request.
  Time since last request: 0.000076 seconds.
  path: Assets/FPS/Tutorials/2_AddARoom/17-Select-Move.asset
  artifactKey: Guid(c83a4ddcf9c7a489cb25b31f69c78791) Importer(2089858483,b0f066a214c2f5e87bad3c948f4d605d)
Start importing Assets/FPS/Tutorials/2_AddARoom/17-Select-Move.asset using Guid(c83a4ddcf9c7a489cb25b31f69c78791) Importer(2089858483,b0f066a214c2f5e87bad3c948f4d605d) (ScriptedImporter) -> (artifact id: '73c8d5043324eec9c11b1bd550c2559f') in 0.1604207 seconds
Number of updated asset objects reloaded before import = 0Number of asset objects unloaded after import = 744

========================================================================
Received Import Request.
  Time since last request: 0.000060 seconds.
  path: Assets/FPS/Tutorials/2_AddARoom/WT-Move-Object.mov
  artifactKey: Guid(92f8eeda406144c4080f5a1e1d0c7ccd) Importer(2089858483,b0f066a214c2f5e87bad3c948f4d605d)
Start importing Assets/FPS/Tutorials/2_AddARoom/WT-Move-Object.mov using Guid(92f8eeda406144c4080f5a1e1d0c7ccd) Importer(2089858483,b0f066a214c2f5e87bad3c948f4d605d) (ScriptedImporter) -> (artifact id: 'eb6730544cb178e0b02ae9dc3d88d2d9') in 0.1073658 seconds
Number of updated asset objects reloaded before import = 0Number of asset objects unloaded after import = 1

========================================================================
Received Import Request.
  Time since last request: 0.000142 seconds.
  path: Assets/FPS/Tutorials/2_AddARoom/18-Move-Object.asset
  artifactKey: Guid(c323247eb512d4591a20a443736c7123) Importer(2089858483,b0f066a214c2f5e87bad3c948f4d605d)
Start importing Assets/FPS/Tutorials/2_AddARoom/18-Move-Object.asset using Guid(c323247eb512d4591a20a443736c7123) Importer(2089858483,b0f066a214c2f5e87bad3c948f4d605d) (ScriptedImporter) -> (artifact id: '800ccc2a31c59c6d9074b269b143d5ae') in 0.2799028 seconds
Number of updated asset objects reloaded before import = 0Number of asset objects unloaded after import = 746

========================================================================
Received Import Request.
  Time since last request: 0.000076 seconds.
  path: Assets/FPS/Tutorials/2_AddARoom/WT-Project-Window.png
  artifactKey: Guid(ea9d8d0cfa14342e88e692cb7b8a2ed8) Importer(2089858483,b0f066a214c2f5e87bad3c948f4d605d)
Start importing Assets/FPS/Tutorials/2_AddARoom/WT-Project-Window.png using Guid(ea9d8d0cfa14342e88e692cb7b8a2ed8) Importer(2089858483,b0f066a214c2f5e87bad3c948f4d605d) (ScriptedImporter) -> (artifact id: 'a441fd00e2977da78ac2bd80bf0ce668') in 0.0553465 seconds
Number of updated asset objects reloaded before import = 0Number of asset objects unloaded after import = 1

========================================================================
Received Import Request.
  Time since last request: 0.000051 seconds.
  path: Assets/FPS/Tutorials/2_AddARoom/WT-Pan-Hand-Tool.mov
  artifactKey: Guid(ada8f9a94a5564996b8ceae06318bae7) Importer(2089858483,b0f066a214c2f5e87bad3c948f4d605d)
Start importing Assets/FPS/Tutorials/2_AddARoom/WT-Pan-Hand-Tool.mov using Guid(ada8f9a94a5564996b8ceae06318bae7) Importer(2089858483,b0f066a214c2f5e87bad3c948f4d605d) (ScriptedImporter) -> (artifact id: '8938612a0e629dce8ae44cdc92736841') in 0.1344243 seconds
Number of updated asset objects reloaded before import = 0Number of asset objects unloaded after import = 1

========================================================================
Received Import Request.
  Time since last request: 0.000035 seconds.
  path: Assets/FPS/Tutorials/3_ChangeColors/03-Select-Material.asset
  artifactKey: Guid(96c72e8e33b114148b5acae2b12a90d8) Importer(2089858483,b0f066a214c2f5e87bad3c948f4d605d)
Start importing Assets/FPS/Tutorials/3_ChangeColors/03-Select-Material.asset using Guid(96c72e8e33b114148b5acae2b12a90d8) Importer(2089858483,b0f066a214c2f5e87bad3c948f4d605d) (ScriptedImporter) -> (artifact id: '3b6c6caa3dd671f143a7450a387a5b1f') in 0.0716594 seconds
Number of updated asset objects reloaded before import = 0Number of asset objects unloaded after import = 5

========================================================================
Received Import Request.
  Time since last request: 0.000049 seconds.
  path: Assets/FPS/Tutorials/2_AddARoom/WT-Zoom-Scene.png
  artifactKey: Guid(b4c3d69d5484d4953a19fba2433bd73c) Importer(2089858483,b0f066a214c2f5e87bad3c948f4d605d)
Start importing Assets/FPS/Tutorials/2_AddARoom/WT-Zoom-Scene.png using Guid(b4c3d69d5484d4953a19fba2433bd73c) Importer(2089858483,b0f066a214c2f5e87bad3c948f4d605d) (ScriptedImporter) -> (artifact id: '9f70bd347bad4ad816e4418a063d20f3') in 0.0460427 seconds
Number of updated asset objects reloaded before import = 0Number of asset objects unloaded after import = 1

========================================================================
Received Import Request.
  Time since last request: 0.000032 seconds.
  path: Assets/FPS/Tutorials/3_ChangeColors/02-Select-and-Frame - delete.asset
  artifactKey: Guid(447dce88648314d409d2faa0d1d852e3) Importer(2089858483,b0f066a214c2f5e87bad3c948f4d605d)
Start importing Assets/FPS/Tutorials/3_ChangeColors/02-Select-and-Frame - delete.asset using Guid(447dce88648314d409d2faa0d1d852e3) Importer(2089858483,b0f066a214c2f5e87bad3c948f4d605d) (ScriptedImporter) -> (artifact id: 'e210b048bf12cbd0dd298082566e42e4') in 0.2439387 seconds
Number of updated asset objects reloaded before import = 0Number of asset objects unloaded after import = 4

========================================================================
Received Import Request.
  Time since last request: 0.000030 seconds.
  path: Assets/FPS/Tutorials/3_ChangeColors/05-Other-Materials - delete.asset
  artifactKey: Guid(67d9d6c17c5fb482692a74924d1be11e) Importer(2089858483,b0f066a214c2f5e87bad3c948f4d605d)
Start importing Assets/FPS/Tutorials/3_ChangeColors/05-Other-Materials - delete.asset using Guid(67d9d6c17c5fb482692a74924d1be11e) Importer(2089858483,b0f066a214c2f5e87bad3c948f4d605d) (ScriptedImporter) -> (artifact id: 'ef4de079011f625c0579667a27c83b33') in 0.1139435 seconds
Number of updated asset objects reloaded before import = 0Number of asset objects unloaded after import = 3

========================================================================
Received Import Request.
  Time since last request: 0.000052 seconds.
  path: Assets/FPS/Tutorials/2_AddARoom/WT-Orbit-Hand-Tool.mov
  artifactKey: Guid(01ce4eaa9face4b46b9bdb9399032dcb) Importer(2089858483,b0f066a214c2f5e87bad3c948f4d605d)
Start importing Assets/FPS/Tutorials/2_AddARoom/WT-Orbit-Hand-Tool.mov using Guid(01ce4eaa9face4b46b9bdb9399032dcb) Importer(2089858483,b0f066a214c2f5e87bad3c948f4d605d) (ScriptedImporter) -> (artifact id: '20aaf1d8a5abf4916c6aac3ddd6e0d84') in 0.0341007 seconds
Number of updated asset objects reloaded before import = 0Number of asset objects unloaded after import = 1

========================================================================
Received Import Request.
  Time since last request: 0.000033 seconds.
  path: Assets/FPS/Tutorials/3_ChangeColors/08-Done.asset
  artifactKey: Guid(d7e4166225f6e40a6a76a0ef2e7ce187) Importer(2089858483,b0f066a214c2f5e87bad3c948f4d605d)
Start importing Assets/FPS/Tutorials/3_ChangeColors/08-Done.asset using Guid(d7e4166225f6e40a6a76a0ef2e7ce187) Importer(2089858483,b0f066a214c2f5e87bad3c948f4d605d) (ScriptedImporter) -> (artifact id: '45503deeafd5b0899748fd0a67be20e2') in 0.6138819 seconds
Number of updated asset objects reloaded before import = 0Number of asset objects unloaded after import = 864

========================================================================
Received Import Request.
  Time since last request: 0.000046 seconds.
  path: Assets/FPS/Tutorials/3_ChangeColors/07-Exit-Play - delete.asset
  artifactKey: Guid(15155edbeeb2248f59f97ad7fb417415) Importer(2089858483,b0f066a214c2f5e87bad3c948f4d605d)
Start importing Assets/FPS/Tutorials/3_ChangeColors/07-Exit-Play - delete.asset using Guid(15155edbeeb2248f59f97ad7fb417415) Importer(2089858483,b0f066a214c2f5e87bad3c948f4d605d) (ScriptedImporter) -> (artifact id: 'ea0c7b9e5b3b0867d8fdb38c49b03795') in 0.1207604 seconds
Number of updated asset objects reloaded before import = 0Number of asset objects unloaded after import = 3

========================================================================
Received Import Request.
  Time since last request: 0.000048 seconds.
  path: Assets/FPS/Tutorials/3_ChangeColors/WT-Change-Color.mov
  artifactKey: Guid(fbc1259bdf8db429a911dc146b3bd2d5) Importer(2089858483,b0f066a214c2f5e87bad3c948f4d605d)
Start importing Assets/FPS/Tutorials/3_ChangeColors/WT-Change-Color.mov using Guid(fbc1259bdf8db429a911dc146b3bd2d5) Importer(2089858483,b0f066a214c2f5e87bad3c948f4d605d) (ScriptedImporter) -> (artifact id: '1a4861d35303c8e94245724fa29a4f2b') in 0.032081 seconds
Number of updated asset objects reloaded before import = 0Number of asset objects unloaded after import = 1

========================================================================
Received Import Request.
  Time since last request: 0.000030 seconds.
  path: Assets/FPS/Scripts/Game/MinMaxParameters.cs
  artifactKey: Guid(9861723f7fe90784fa94a969e322fcd2) Importer(2089858483,b0f066a214c2f5e87bad3c948f4d605d)
Start importing Assets/FPS/Scripts/Game/MinMaxParameters.cs using Guid(9861723f7fe90784fa94a969e322fcd2) Importer(2089858483,b0f066a214c2f5e87bad3c948f4d605d) (ScriptedImporter) -> (artifact id: 'efca9b3f9adec2a43c31fd0710cc559b') in 0.1567731 seconds
Number of updated asset objects reloaded before import = 0Number of asset objects unloaded after import = 0

========================================================================
Received Import Request.
  Time since last request: 0.000054 seconds.
  path: Assets/FPS/Tutorials/4_AddEnemyBot/031.asset
  artifactKey: Guid(189edae67694549d7a713a5feffd1094) Importer(2089858483,b0f066a214c2f5e87bad3c948f4d605d)
Start importing Assets/FPS/Tutorials/4_AddEnemyBot/031.asset using Guid(189edae67694549d7a713a5feffd1094) Importer(2089858483,b0f066a214c2f5e87bad3c948f4d605d) (ScriptedImporter) -> (artifact id: 'a000706f7e71cda60655b67dcf97c82a') in 0.1536122 seconds
Number of updated asset objects reloaded before import = 0Number of asset objects unloaded after import = 4

========================================================================
Received Import Request.
  Time since last request: 0.000072 seconds.
  path: Assets/FPS/Tutorials/4_AddEnemyBot/005.asset
  artifactKey: Guid(0dc14045fb36344f4bf9f8e3a8d37ffe) Importer(2089858483,b0f066a214c2f5e87bad3c948f4d605d)
Start importing Assets/FPS/Tutorials/4_AddEnemyBot/005.asset using Guid(0dc14045fb36344f4bf9f8e3a8d37ffe) Importer(2089858483,b0f066a214c2f5e87bad3c948f4d605d) (ScriptedImporter) -> (artifact id: '451e974c5ee51a8ca9f4a1efe0f63e37') in 0.0681104 seconds
Number of updated asset objects reloaded before import = 0Number of asset objects unloaded after import = 4

========================================================================
Received Import Request.
  Time since last request: 0.000042 seconds.
  path: Assets/FPS/Prefabs/UI/ObjectiveToastSecondary.prefab
  artifactKey: Guid(418abff609b9b754ba25e34faf58edf4) Importer(2089858483,b0f066a214c2f5e87bad3c948f4d605d)
Start importing Assets/FPS/Prefabs/UI/ObjectiveToastSecondary.prefab using Guid(418abff609b9b754ba25e34faf58edf4) Importer(2089858483,b0f066a214c2f5e87bad3c948f4d605d) (ScriptedImporter) -> (artifact id: 'bc52d417b01c51e6dcba2bf99a65d742') in 0.2353009 seconds
Number of updated asset objects reloaded before import = 0Number of asset objects unloaded after import = 44

========================================================================
Received Import Request.
  Time since last request: 0.000048 seconds.
  path: Assets/FPS/Tutorials/4_AddEnemyBot/040.asset
  artifactKey: Guid(46684c162973f4cffa567151334e2457) Importer(2089858483,b0f066a214c2f5e87bad3c948f4d605d)
Start importing Assets/FPS/Tutorials/4_AddEnemyBot/040.asset using Guid(46684c162973f4cffa567151334e2457) Importer(2089858483,b0f066a214c2f5e87bad3c948f4d605d) (ScriptedImporter) -> (artifact id: '4805c3aca2af06934e676b0127448ad0') in 2.3701953 seconds
Number of updated asset objects reloaded before import = 0Number of asset objects unloaded after import = 864

========================================================================
Received Import Request.
  Time since last request: 0.000071 seconds.
  path: Assets/FPS/Tutorials/5_AddAnAsset/AddAnAsset-10.asset
  artifactKey: Guid(7cb92544831784d40a29f2971a6b3a85) Importer(2089858483,b0f066a214c2f5e87bad3c948f4d605d)
Start importing Assets/FPS/Tutorials/5_AddAnAsset/AddAnAsset-10.asset using Guid(7cb92544831784d40a29f2971a6b3a85) Importer(2089858483,b0f066a214c2f5e87bad3c948f4d605d) (ScriptedImporter) -> (artifact id: 'a17b9cc5127d90f906ae74099c76d6e2') in 0.0665256 seconds
Number of updated asset objects reloaded before import = 0Number of asset objects unloaded after import = 3

========================================================================
Received Import Request.
  Time since last request: 0.000039 seconds.
  path: Assets/FPS/Tutorials/5_AddAnAsset/AddAnAsset-15.asset
  artifactKey: Guid(51c83f6dc57d24cd896b1902b96e3423) Importer(2089858483,b0f066a214c2f5e87bad3c948f4d605d)
Start importing Assets/FPS/Tutorials/5_AddAnAsset/AddAnAsset-15.asset using Guid(51c83f6dc57d24cd896b1902b96e3423) Importer(2089858483,b0f066a214c2f5e87bad3c948f4d605d) (ScriptedImporter) -> (artifact id: '9234bd9757675f32b0ea4e2bbf5a2c52') in 0.0595109 seconds
Number of updated asset objects reloaded before import = 0Number of asset objects unloaded after import = 3

========================================================================
Received Import Request.
  Time since last request: 0.000085 seconds.
  path: Assets/FPS/Scripts/UI/TakeScreenshot.cs
  artifactKey: Guid(91538b0281dc4aa4fbe5784a7e562751) Importer(2089858483,b0f066a214c2f5e87bad3c948f4d605d)
Start importing Assets/FPS/Scripts/UI/TakeScreenshot.cs using Guid(91538b0281dc4aa4fbe5784a7e562751) Importer(2089858483,b0f066a214c2f5e87bad3c948f4d605d) (ScriptedImporter) -> (artifact id: '2f9ed6c37bf759551165d92795cab1ce') in 0.0763716 seconds
Number of updated asset objects reloaded before import = 0Number of asset objects unloaded after import = 0

========================================================================
Received Import Request.
  Time since last request: 0.000054 seconds.
  path: Assets/FPS/Tutorials/5_AddAnAsset/AddAnAsset-Walkthrough.asset
  artifactKey: Guid(acc3795cfd9ef4206836da4a1d377627) Importer(2089858483,b0f066a214c2f5e87bad3c948f4d605d)
Start importing Assets/FPS/Tutorials/5_AddAnAsset/AddAnAsset-Walkthrough.asset using Guid(acc3795cfd9ef4206836da4a1d377627) Importer(2089858483,b0f066a214c2f5e87bad3c948f4d605d) (ScriptedImporter) -> (artifact id: 'df8d353eb2657dfea84d1f90b544a924') in 0.5585676 seconds
Number of updated asset objects reloaded before import = 0Number of asset objects unloaded after import = 864

========================================================================
Received Import Request.
  Time since last request: 0.000062 seconds.
  path: Assets/FPS/Tutorials/6_BuildAndPublish/BuildAndPublish 005.asset
  artifactKey: Guid(2e886da6f6aba0f47b6241a2700a78b9) Importer(2089858483,b0f066a214c2f5e87bad3c948f4d605d)
Start importing Assets/FPS/Tutorials/6_BuildAndPublish/BuildAndPublish 005.asset using Guid(2e886da6f6aba0f47b6241a2700a78b9) Importer(2089858483,b0f066a214c2f5e87bad3c948f4d605d) (ScriptedImporter) -> (artifact id: '131b8bdd1a6a6d5d418050142cbf0f95') in 0.0691091 seconds
Number of updated asset objects reloaded before import = 0Number of asset objects unloaded after import = 4

========================================================================
Received Import Request.
  Time since last request: 0.000049 seconds.
  path: Assets/FPS/Tutorials/6_BuildAndPublish/Build your project.png
  artifactKey: Guid(310b8bc946ed99a44bb55fe022ccafa2) Importer(2089858483,b0f066a214c2f5e87bad3c948f4d605d)
Start importing Assets/FPS/Tutorials/6_BuildAndPublish/Build your project.png using Guid(310b8bc946ed99a44bb55fe022ccafa2) Importer(2089858483,b0f066a214c2f5e87bad3c948f4d605d) (ScriptedImporter) -> (artifact id: '99a81d68c55c800e122a796a76083ff1') in 0.0539774 seconds
Number of updated asset objects reloaded before import = 0Number of asset objects unloaded after import = 3

========================================================================
Received Import Request.
  Time since last request: 0.000077 seconds.
  path: Assets/FPS/Tutorials/6_BuildAndPublish/BuildAndPublish 010.asset
  artifactKey: Guid(fcca6e4cbcfd27e49bf16a7c3a6eb019) Importer(2089858483,b0f066a214c2f5e87bad3c948f4d605d)
Start importing Assets/FPS/Tutorials/6_BuildAndPublish/BuildAndPublish 010.asset using Guid(fcca6e4cbcfd27e49bf16a7c3a6eb019) Importer(2089858483,b0f066a214c2f5e87bad3c948f4d605d) (ScriptedImporter) -> (artifact id: '34f90ae7e540391744ec0c1c5a102432') in 0.1832308 seconds
Number of updated asset objects reloaded before import = 0Number of asset objects unloaded after import = 4

========================================================================
Received Import Request.
  Time since last request: 0.000069 seconds.
  path: Assets/FPS/Tutorials/6_BuildAndPublish/header-completed.png
  artifactKey: Guid(6cfb2b038fd554ea98621af589e38de2) Importer(2089858483,b0f066a214c2f5e87bad3c948f4d605d)
Start importing Assets/FPS/Tutorials/6_BuildAndPublish/header-completed.png using Guid(6cfb2b038fd554ea98621af589e38de2) Importer(2089858483,b0f066a214c2f5e87bad3c948f4d605d) (ScriptedImporter) -> (artifact id: '94d31af802edc2ac706c9d9aa86a26a2') in 0.0602361 seconds
Number of updated asset objects reloaded before import = 0Number of asset objects unloaded after import = 1

========================================================================
Received Import Request.
  Time since last request: 0.000035 seconds.
  path: Assets/FPS/Prefabs/Pickups/Pickup_Health.prefab
  artifactKey: Guid(d40ae884302b6684a8b3b6f3d55a71ba) Importer(2089858483,b0f066a214c2f5e87bad3c948f4d605d)
Start importing Assets/FPS/Prefabs/Pickups/Pickup_Health.prefab using Guid(d40ae884302b6684a8b3b6f3d55a71ba) Importer(2089858483,b0f066a214c2f5e87bad3c948f4d605d) (ScriptedImporter) -> (artifact id: '6f64b96b681cefe207acf1dad69a29fb') in 0.090612 seconds
Number of updated asset objects reloaded before import = 0Number of asset objects unloaded after import = 28

========================================================================
Received Import Request.
  Time since last request: 0.000079 seconds.
  path: Assets/FPS/Tutorials/6_BuildAndPublish/Publish to Unity Play window.png
  artifactKey: Guid(addf619741cbd5046b8b4ee31a95992e) Importer(2089858483,b0f066a214c2f5e87bad3c948f4d605d)
Start importing Assets/FPS/Tutorials/6_BuildAndPublish/Publish to Unity Play window.png using Guid(addf619741cbd5046b8b4ee31a95992e) Importer(2089858483,b0f066a214c2f5e87bad3c948f4d605d) (ScriptedImporter) -> (artifact id: '6efca7d3c4badcb05bf40f42fc8cb2b2') in 0.0833574 seconds
Number of updated asset objects reloaded before import = 0Number of asset objects unloaded after import = 3

========================================================================
Received Import Request.
  Time since last request: 0.000071 seconds.
  path: Assets/FPS/Tutorials/6_BuildAndPublish/Switch to the Web platform.png
  artifactKey: Guid(ffadc6299cbd7084e960861aba9116cb) Importer(2089858483,b0f066a214c2f5e87bad3c948f4d605d)
Start importing Assets/FPS/Tutorials/6_BuildAndPublish/Switch to the Web platform.png using Guid(ffadc6299cbd7084e960861aba9116cb) Importer(2089858483,b0f066a214c2f5e87bad3c948f4d605d) (ScriptedImporter) -> (artifact id: 'f4a800c230093c86913bc1a592206e5a') in 0.05976 seconds
Number of updated asset objects reloaded before import = 0Number of asset objects unloaded after import = 3

========================================================================
Received Import Request.
  Time since last request: 0.000051 seconds.
  path: Assets/FPS/Tutorials/6_BuildAndPublish/PlayLogo.png
  artifactKey: Guid(f843e694150058147a4d96b3c2df4169) Importer(2089858483,b0f066a214c2f5e87bad3c948f4d605d)
Start importing Assets/FPS/Tutorials/6_BuildAndPublish/PlayLogo.png using Guid(f843e694150058147a4d96b3c2df4169) Importer(2089858483,b0f066a214c2f5e87bad3c948f4d605d) (ScriptedImporter) -> (artifact id: '1605a8118ae0e839e6a6eec6fc630e70') in 0.053917 seconds
Number of updated asset objects reloaded before import = 0Number of asset objects unloaded after import = 3

========================================================================
Received Import Request.
  Time since last request: 0.000066 seconds.
  path: Assets/FPS/Tutorials/7_WhatsNext/WhatsNext 01.asset
  artifactKey: Guid(5d1ba202d0ce7b24188c3a18927e8026) Importer(2089858483,b0f066a214c2f5e87bad3c948f4d605d)
Start importing Assets/FPS/Tutorials/7_WhatsNext/WhatsNext 01.asset using Guid(5d1ba202d0ce7b24188c3a18927e8026) Importer(2089858483,b0f066a214c2f5e87bad3c948f4d605d) (ScriptedImporter) -> (artifact id: 'e4428b758fef499a70025dbb37d7fc3c') in 0.0685295 seconds
Number of updated asset objects reloaded before import = 0Number of asset objects unloaded after import = 3

========================================================================
Received Import Request.
  Time since last request: 0.000077 seconds.
  path: Assets/ModAssets/Textures/billboard_2D_tall.png
  artifactKey: Guid(50b2c32ff3de94988a61633cb19060de) Importer(2089858483,b0f066a214c2f5e87bad3c948f4d605d)
Start importing Assets/ModAssets/Textures/billboard_2D_tall.png using Guid(50b2c32ff3de94988a61633cb19060de) Importer(2089858483,b0f066a214c2f5e87bad3c948f4d605d) (ScriptedImporter) -> (artifact id: '80849eeb379ba757584780e69f9274b8') in 0.1096322 seconds
Number of updated asset objects reloaded before import = 0Number of asset objects unloaded after import = 3

========================================================================
Received Import Request.
  Time since last request: 0.000057 seconds.
  path: Assets/ModAssets/Materials/BillboardMaterials/Billboard Frame.mat
  artifactKey: Guid(190c04ee61aaa410e8650f7fc1ce7f41) Importer(2089858483,b0f066a214c2f5e87bad3c948f4d605d)
Start importing Assets/ModAssets/Materials/BillboardMaterials/Billboard Frame.mat using Guid(190c04ee61aaa410e8650f7fc1ce7f41) Importer(2089858483,b0f066a214c2f5e87bad3c948f4d605d) (ScriptedImporter) -> (artifact id: '44c72e3c2980a266c1a1db49a0113c11') in 0.0527176 seconds
Number of updated asset objects reloaded before import = 0Number of asset objects unloaded after import = 1

========================================================================
Received Import Request.
  Time since last request: 0.000056 seconds.
  path: Assets/ModAssets/Materials/BillboardMaterials/Billboard Content.mat
  artifactKey: Guid(ba793090d6ae148e9a8a50996460f4f1) Importer(2089858483,b0f066a214c2f5e87bad3c948f4d605d)
Start importing Assets/ModAssets/Materials/BillboardMaterials/Billboard Content.mat using Guid(ba793090d6ae148e9a8a50996460f4f1) Importer(2089858483,b0f066a214c2f5e87bad3c948f4d605d) (ScriptedImporter) -> (artifact id: '657e4faca42847fe2654553a19d3ad29') in 0.0435966 seconds
Number of updated asset objects reloaded before import = 0Number of asset objects unloaded after import = 1

========================================================================
Received Import Request.
  Time since last request: 0.000035 seconds.
  path: Assets/ModAssets/Fonts/DancingScript-Regular SDF.asset
  artifactKey: Guid(7b50419dd5d254755b7929b05d413472) Importer(2089858483,b0f066a214c2f5e87bad3c948f4d605d)
Start importing Assets/ModAssets/Fonts/DancingScript-Regular SDF.asset using Guid(7b50419dd5d254755b7929b05d413472) Importer(2089858483,b0f066a214c2f5e87bad3c948f4d605d) (ScriptedImporter) -> (artifact id: '0746d1064384f2170c6d0ce90ccf9f9a') in 0.0928602 seconds
Number of updated asset objects reloaded before import = 0Number of asset objects unloaded after import = 5

========================================================================
Received Import Request.
  Time since last request: 0.000063 seconds.
  path: Assets/ModAssets/Materials/Custom Materials/Basic Green.mat
  artifactKey: Guid(85a5f987437cc4794b97b153a23d7ccb) Importer(2089858483,b0f066a214c2f5e87bad3c948f4d605d)
Start importing Assets/ModAssets/Materials/Custom Materials/Basic Green.mat using Guid(85a5f987437cc4794b97b153a23d7ccb) Importer(2089858483,b0f066a214c2f5e87bad3c948f4d605d) (ScriptedImporter) -> (artifact id: '05e96c946699638193dfdbfb046213ea') in 0.0431 seconds
Number of updated asset objects reloaded before import = 0Number of asset objects unloaded after import = 1

========================================================================
Received Import Request.
  Time since last request: 0.000059 seconds.
  path: Assets/ModAssets/Materials/Custom Materials/Glass Clear.mat
  artifactKey: Guid(0a7aee634f0a04f16a55b768e33e5040) Importer(2089858483,b0f066a214c2f5e87bad3c948f4d605d)
Start importing Assets/ModAssets/Materials/Custom Materials/Glass Clear.mat using Guid(0a7aee634f0a04f16a55b768e33e5040) Importer(2089858483,b0f066a214c2f5e87bad3c948f4d605d) (ScriptedImporter) -> (artifact id: '1440f5330b16e582b260f7b986a3d5b3') in 0.0380288 seconds
Number of updated asset objects reloaded before import = 0Number of asset objects unloaded after import = 1

========================================================================
Received Import Request.
  Time since last request: 0.000040 seconds.
  path: Assets/FPS/Prefabs/UI/NotificationToast.prefab
  artifactKey: Guid(791e30b832d8b814c82d519317a16e6d) Importer(2089858483,b0f066a214c2f5e87bad3c948f4d605d)
Start importing Assets/FPS/Prefabs/UI/NotificationToast.prefab using Guid(791e30b832d8b814c82d519317a16e6d) Importer(2089858483,b0f066a214c2f5e87bad3c948f4d605d) (ScriptedImporter) -> (artifact id: 'c9051194cc15e27fef304f5c2b463d06') in 0.0698473 seconds
Number of updated asset objects reloaded before import = 0Number of asset objects unloaded after import = 23

========================================================================
Received Import Request.
  Time since last request: 0.000082 seconds.
  path: Assets/ModAssets/Materials/Custom Materials/Metal Copper.mat
  artifactKey: Guid(e7c453d829e9a4662a456d2da16a7e42) Importer(2089858483,b0f066a214c2f5e87bad3c948f4d605d)
Start importing Assets/ModAssets/Materials/Custom Materials/Metal Copper.mat using Guid(e7c453d829e9a4662a456d2da16a7e42) Importer(2089858483,b0f066a214c2f5e87bad3c948f4d605d) (ScriptedImporter) -> (artifact id: 'a6f7bd3b387da15e0b4abcaacd659783') in 0.0619239 seconds
Number of updated asset objects reloaded before import = 0Number of asset objects unloaded after import = 1

========================================================================
Received Import Request.
  Time since last request: 0.000079 seconds.
  path: Assets/ModAssets/Materials/Custom Materials/Neon Blue.mat
  artifactKey: Guid(720149e63952b457590122b90ee86b07) Importer(2089858483,b0f066a214c2f5e87bad3c948f4d605d)
Start importing Assets/ModAssets/Materials/Custom Materials/Neon Blue.mat using Guid(720149e63952b457590122b90ee86b07) Importer(2089858483,b0f066a214c2f5e87bad3c948f4d605d) (ScriptedImporter) -> (artifact id: 'e5b3f8820d684b0a909d3d39bf716789') in 0.0542885 seconds
Number of updated asset objects reloaded before import = 0Number of asset objects unloaded after import = 1

========================================================================
Received Import Request.
  Time since last request: 0.000036 seconds.
  path: Assets/ModAssets/Materials/Custom Materials/Metal Silver.mat
  artifactKey: Guid(346183a72a1454a878a57ebb8b961c51) Importer(2089858483,b0f066a214c2f5e87bad3c948f4d605d)
Start importing Assets/ModAssets/Materials/Custom Materials/Metal Silver.mat using Guid(346183a72a1454a878a57ebb8b961c51) Importer(2089858483,b0f066a214c2f5e87bad3c948f4d605d) (ScriptedImporter) -> (artifact id: '055e923693c125bd8b920e4d89ccd7d0') in 0.0540183 seconds
Number of updated asset objects reloaded before import = 0Number of asset objects unloaded after import = 1

========================================================================
Received Import Request.
  Time since last request: 0.000041 seconds.
  path: Assets/ModAssets/Materials/Totems/M_StatueBig.mat
  artifactKey: Guid(49d28db2438a811499460bb19c79b172) Importer(2089858483,b0f066a214c2f5e87bad3c948f4d605d)
Start importing Assets/ModAssets/Materials/Totems/M_StatueBig.mat using Guid(49d28db2438a811499460bb19c79b172) Importer(2089858483,b0f066a214c2f5e87bad3c948f4d605d) (ScriptedImporter) -> (artifact id: 'e8eb5624054adcba5580131288085300') in 0.2067282 seconds
Number of updated asset objects reloaded before import = 0Number of asset objects unloaded after import = 6

========================================================================
Received Import Request.
  Time since last request: 0.000067 seconds.
  path: Assets/ModAssets/Materials/Totems/M_StatueWall.mat
  artifactKey: Guid(754ea6a657fbb274b8ce464f04329736) Importer(2089858483,b0f066a214c2f5e87bad3c948f4d605d)
Start importing Assets/ModAssets/Materials/Totems/M_StatueWall.mat using Guid(754ea6a657fbb274b8ce464f04329736) Importer(2089858483,b0f066a214c2f5e87bad3c948f4d605d) (ScriptedImporter) -> (artifact id: '80b3f91a25fe5dc92096e1f75c20b059') in 0.1975451 seconds
Number of updated asset objects reloaded before import = 0Number of asset objects unloaded after import = 6

========================================================================
Received Import Request.
  Time since last request: 0.000049 seconds.
  path: Assets/ModAssets/Materials/TrailMaterials/LongTrailMaterial.mat
  artifactKey: Guid(dbd73125b5e3c429ea6c920ebcc9dd92) Importer(2089858483,b0f066a214c2f5e87bad3c948f4d605d)
Start importing Assets/ModAssets/Materials/TrailMaterials/LongTrailMaterial.mat using Guid(dbd73125b5e3c429ea6c920ebcc9dd92) Importer(2089858483,b0f066a214c2f5e87bad3c948f4d605d) (ScriptedImporter) -> (artifact id: '5dc404b0f5326940c90d54c1b806291a') in 0.0534664 seconds
Number of updated asset objects reloaded before import = 0Number of asset objects unloaded after import = 1

========================================================================
Received Import Request.
  Time since last request: 0.000050 seconds.
  path: Assets/ModAssets/Materials/TrailMaterials/PlatformerRainbowTrailMaterial.mat
  artifactKey: Guid(fb9022c6471ea4540bead8403c8d7496) Importer(2089858483,b0f066a214c2f5e87bad3c948f4d605d)
Start importing Assets/ModAssets/Materials/TrailMaterials/PlatformerRainbowTrailMaterial.mat using Guid(fb9022c6471ea4540bead8403c8d7496) Importer(2089858483,b0f066a214c2f5e87bad3c948f4d605d) (ScriptedImporter) -> (artifact id: '1281fbb1ee8c74a8c960bbd187164c7c') in 0.0417292 seconds
Number of updated asset objects reloaded before import = 0Number of asset objects unloaded after import = 2

========================================================================
Received Import Request.
  Time since last request: 0.000036 seconds.
  path: Assets/TextMesh Pro/Shaders/TMP_SDF-HDRP UNLIT.shadergraph
  artifactKey: Guid(f63d574838ccfb44f84acc05fed0af48) Importer(2089858483,b0f066a214c2f5e87bad3c948f4d605d)
Start importing Assets/TextMesh Pro/Shaders/TMP_SDF-HDRP UNLIT.shadergraph using Guid(f63d574838ccfb44f84acc05fed0af48) Importer(2089858483,b0f066a214c2f5e87bad3c948f4d605d) (ScriptedImporter) -> (artifact id: '7291df8b4ea1a68f14a5baeadcb2bf56') in 0.0747404 seconds
Number of updated asset objects reloaded before import = 0Number of asset objects unloaded after import = 3

========================================================================
Received Import Request.
  Time since last request: 0.000044 seconds.
  path: Assets/ModAssets/Models/AncientProps/Pyramid.fbx
  artifactKey: Guid(855be228fb4e849aea507dabde98fbff) Importer(2089858483,b0f066a214c2f5e87bad3c948f4d605d)
Start importing Assets/ModAssets/Models/AncientProps/Pyramid.fbx using Guid(855be228fb4e849aea507dabde98fbff) Importer(2089858483,b0f066a214c2f5e87bad3c948f4d605d) (ScriptedImporter) -> (artifact id: '9b760ba15b0d54586e308cfb70a54837') in 0.0603013 seconds
Number of updated asset objects reloaded before import = 0Number of asset objects unloaded after import = 8

========================================================================
Received Import Request.
  Time since last request: 0.000051 seconds.
  path: Assets/ModAssets/Models/AncientProps/Archway.fbx
  artifactKey: Guid(8845e58e723a048699e6cf81997a1af0) Importer(2089858483,b0f066a214c2f5e87bad3c948f4d605d)
Start importing Assets/ModAssets/Models/AncientProps/Archway.fbx using Guid(8845e58e723a048699e6cf81997a1af0) Importer(2089858483,b0f066a214c2f5e87bad3c948f4d605d) (ScriptedImporter) -> (artifact id: '8d9e3739fcd9cf9e495b31d686ddf0b1') in 0.0656927 seconds
Number of updated asset objects reloaded before import = 0Number of asset objects unloaded after import = 8

========================================================================
Received Import Request.
  Time since last request: 0.000033 seconds.
  path: Assets/ModAssets/Models/AncientProps/Obelisk.fbx
  artifactKey: Guid(b5f62aa1f09e3403baa23022a5d9e4b1) Importer(2089858483,b0f066a214c2f5e87bad3c948f4d605d)
Start importing Assets/ModAssets/Models/AncientProps/Obelisk.fbx using Guid(b5f62aa1f09e3403baa23022a5d9e4b1) Importer(2089858483,b0f066a214c2f5e87bad3c948f4d605d) (ScriptedImporter) -> (artifact id: 'ff7fb86e556e90ccc5fc822e73ccb186') in 0.0702282 seconds
Number of updated asset objects reloaded before import = 0Number of asset objects unloaded after import = 8

========================================================================
Received Import Request.
  Time since last request: 0.000038 seconds.
  path: Assets/ModAssets/Models/FoodProps/Cookie.fbx
  artifactKey: Guid(a8f127f4a0a19407db2b784d5ae1b637) Importer(2089858483,b0f066a214c2f5e87bad3c948f4d605d)
Start importing Assets/ModAssets/Models/FoodProps/Cookie.fbx using Guid(a8f127f4a0a19407db2b784d5ae1b637) Importer(2089858483,b0f066a214c2f5e87bad3c948f4d605d) (ScriptedImporter) -> (artifact id: 'fcbef52e1fbf15fc68d96d8bae4ff35a') in 0.063702 seconds
Number of updated asset objects reloaded before import = 0Number of asset objects unloaded after import = 9

========================================================================
Received Import Request.
  Time since last request: 0.000056 seconds.
  path: Assets/ModAssets/Models/FoodProps/Licorice.fbx
  artifactKey: Guid(a6ff71d7327404fa29bb26a648cfe3ff) Importer(2089858483,b0f066a214c2f5e87bad3c948f4d605d)
Start importing Assets/ModAssets/Models/FoodProps/Licorice.fbx using Guid(a6ff71d7327404fa29bb26a648cfe3ff) Importer(2089858483,b0f066a214c2f5e87bad3c948f4d605d) (ScriptedImporter) -> (artifact id: 'd20e58b2bb59b66b84001aca3bda4552') in 0.0604715 seconds
Number of updated asset objects reloaded before import = 0Number of asset objects unloaded after import = 9

========================================================================
Received Import Request.
  Time since last request: 0.000040 seconds.
  path: Assets/ModAssets/Models/FoodProps/Lollipop.fbx
  artifactKey: Guid(4ae0a8e21fe944960ae7238feeda49f1) Importer(2089858483,b0f066a214c2f5e87bad3c948f4d605d)
Start importing Assets/ModAssets/Models/FoodProps/Lollipop.fbx using Guid(4ae0a8e21fe944960ae7238feeda49f1) Importer(2089858483,b0f066a214c2f5e87bad3c948f4d605d) (ScriptedImporter) -> (artifact id: '6f42e5b29db5f22525f1e06cc7cc61b6') in 0.07658 seconds
Number of updated asset objects reloaded before import = 0Number of asset objects unloaded after import = 10

========================================================================
Received Import Request.
  Time since last request: 0.000051 seconds.
  path: Assets/ModAssets/Models/HatMeshes/PartyHatMesh.fbx
  artifactKey: Guid(34a2d77e69c9248c09fea2bd77090468) Importer(2089858483,b0f066a214c2f5e87bad3c948f4d605d)
Start importing Assets/ModAssets/Models/HatMeshes/PartyHatMesh.fbx using Guid(34a2d77e69c9248c09fea2bd77090468) Importer(2089858483,b0f066a214c2f5e87bad3c948f4d605d) (ScriptedImporter) -> (artifact id: '863540f092a2b574980a488f0ee833e9') in 0.0608614 seconds
Number of updated asset objects reloaded before import = 0Number of asset objects unloaded after import = 8

========================================================================
Received Import Request.
  Time since last request: 0.000056 seconds.
  path: Assets/ModAssets/Models/NatureProps/Cactus.fbx
  artifactKey: Guid(abd8d6df37cf14c4485291b3d13cd460) Importer(2089858483,b0f066a214c2f5e87bad3c948f4d605d)
Start importing Assets/ModAssets/Models/NatureProps/Cactus.fbx using Guid(abd8d6df37cf14c4485291b3d13cd460) Importer(2089858483,b0f066a214c2f5e87bad3c948f4d605d) (ScriptedImporter) -> (artifact id: '53f00346f13c903e7597d573d40298be') in 0.0601567 seconds
Number of updated asset objects reloaded before import = 0Number of asset objects unloaded after import = 8

========================================================================
Received Import Request.
  Time since last request: 0.000034 seconds.
  path: Assets/ModAssets/Models/HatMeshes/GlassesMesh.fbx
  artifactKey: Guid(be949c77dc28c459280b4981f6495d99) Importer(2089858483,b0f066a214c2f5e87bad3c948f4d605d)
Start importing Assets/ModAssets/Models/HatMeshes/GlassesMesh.fbx using Guid(be949c77dc28c459280b4981f6495d99) Importer(2089858483,b0f066a214c2f5e87bad3c948f4d605d) (ScriptedImporter) -> (artifact id: 'a53152488c12a84c640bff8b29ba6191') in 0.1179166 seconds
Number of updated asset objects reloaded before import = 0Number of asset objects unloaded after import = 8

========================================================================
Received Import Request.
  Time since last request: 0.000043 seconds.
  path: Assets/ModAssets/Models/NatureProps/Mushroom.fbx
  artifactKey: Guid(403205f95f9214aa7a1f003ae7bd2333) Importer(2089858483,b0f066a214c2f5e87bad3c948f4d605d)
Start importing Assets/ModAssets/Models/NatureProps/Mushroom.fbx using Guid(403205f95f9214aa7a1f003ae7bd2333) Importer(2089858483,b0f066a214c2f5e87bad3c948f4d605d) (ScriptedImporter) -> (artifact id: '2bf3cdcb04b3c94d919bd22e1f441cec') in 0.0595249 seconds
Number of updated asset objects reloaded before import = 0Number of asset objects unloaded after import = 9

========================================================================
Received Import Request.
  Time since last request: 0.000068 seconds.
  path: Assets/ModAssets/Models/NatureProps/FlowerBush.fbx
  artifactKey: Guid(decf25da566de433cb1a874aa0e6dd00) Importer(2089858483,b0f066a214c2f5e87bad3c948f4d605d)
Start importing Assets/ModAssets/Models/NatureProps/FlowerBush.fbx using Guid(decf25da566de433cb1a874aa0e6dd00) Importer(2089858483,b0f066a214c2f5e87bad3c948f4d605d) (ScriptedImporter) -> (artifact id: '2b95b5e4548b31e73974d63b85eff103') in 0.055566 seconds
Number of updated asset objects reloaded before import = 0Number of asset objects unloaded after import = 9

========================================================================
Received Import Request.
  Time since last request: 0.000041 seconds.
  path: Assets/ModAssets/Models/SpaceProps/SatelliteDish.fbx
  artifactKey: Guid(1b5c4d63f30c047a6b5e593599a27c13) Importer(2089858483,b0f066a214c2f5e87bad3c948f4d605d)
Start importing Assets/ModAssets/Models/SpaceProps/SatelliteDish.fbx using Guid(1b5c4d63f30c047a6b5e593599a27c13) Importer(2089858483,b0f066a214c2f5e87bad3c948f4d605d) (ScriptedImporter) -> (artifact id: 'a44ba96d2644205950fd870db395dcdb') in 0.0525066 seconds
Number of updated asset objects reloaded before import = 0Number of asset objects unloaded after import = 8

========================================================================
Received Import Request.
  Time since last request: 0.000079 seconds.
  path: Assets/ModAssets/Models/Weapons/Mesh_Weapon_1.fbx
  artifactKey: Guid(b4d38a4c16d22ed45a2737e98d24e63a) Importer(2089858483,b0f066a214c2f5e87bad3c948f4d605d)
Start importing Assets/ModAssets/Models/Weapons/Mesh_Weapon_1.fbx using Guid(b4d38a4c16d22ed45a2737e98d24e63a) Importer(2089858483,b0f066a214c2f5e87bad3c948f4d605d) (ScriptedImporter) -> (artifact id: '75e0d203f42a28f042ce8af71e6b3a4a') in 0.0660775 seconds
Number of updated asset objects reloaded before import = 0Number of asset objects unloaded after import = 7

========================================================================
Received Import Request.
  Time since last request: 0.000050 seconds.
  path: Assets/ModAssets/Models/Totems/Mesh_Statue_Big.fbx
  artifactKey: Guid(63ace06a8644566418ef2ce0a8da2a73) Importer(2089858483,b0f066a214c2f5e87bad3c948f4d605d)
Start importing Assets/ModAssets/Models/Totems/Mesh_Statue_Big.fbx using Guid(63ace06a8644566418ef2ce0a8da2a73) Importer(2089858483,b0f066a214c2f5e87bad3c948f4d605d) (ScriptedImporter) -> (artifact id: '8c1e079d19054d7933c2c397bba4d057') in 0.0683671 seconds
Number of updated asset objects reloaded before import = 0Number of asset objects unloaded after import = 7

========================================================================
Received Import Request.
  Time since last request: 0.000079 seconds.
  path: Assets/ModAssets/Models/SpaceProps/Rocket.fbx
  artifactKey: Guid(b698994a5dd674ee3997e51d3474a09f) Importer(2089858483,b0f066a214c2f5e87bad3c948f4d605d)
Start importing Assets/ModAssets/Models/SpaceProps/Rocket.fbx using Guid(b698994a5dd674ee3997e51d3474a09f) Importer(2089858483,b0f066a214c2f5e87bad3c948f4d605d) (ScriptedImporter) -> (artifact id: '8ab0a8186e96fcbbdd4959dfdbc52901') in 0.0533718 seconds
Number of updated asset objects reloaded before import = 0Number of asset objects unloaded after import = 9

========================================================================
Received Import Request.
  Time since last request: 0.000091 seconds.
  path: Assets/ModAssets/Prefabs/Hat Prefabs/WizardHat.prefab
  artifactKey: Guid(942c2c1bb4e544cb09d3494e89bb8041) Importer(2089858483,b0f066a214c2f5e87bad3c948f4d605d)
Start importing Assets/ModAssets/Prefabs/Hat Prefabs/WizardHat.prefab using Guid(942c2c1bb4e544cb09d3494e89bb8041) Importer(2089858483,b0f066a214c2f5e87bad3c948f4d605d) (ScriptedImporter) -> (artifact id: 'dcd0a5162154025b28328dc436f47ac6') in 0.0575812 seconds
Number of updated asset objects reloaded before import = 0Number of asset objects unloaded after import = 9

========================================================================
Received Import Request.
  Time since last request: 0.000078 seconds.
  path: Assets/ModAssets/Prefabs/Totems/Altar.prefab
  artifactKey: Guid(9fdc68ab5a8b18c4a80ce37254a88b2d) Importer(2089858483,b0f066a214c2f5e87bad3c948f4d605d)
Start importing Assets/ModAssets/Prefabs/Totems/Altar.prefab using Guid(9fdc68ab5a8b18c4a80ce37254a88b2d) Importer(2089858483,b0f066a214c2f5e87bad3c948f4d605d) (ScriptedImporter) -> (artifact id: '4a047b28776cb7c9f0bddd6222639b8b') in 0.0642978 seconds
Number of updated asset objects reloaded before import = 0Number of asset objects unloaded after import = 15

========================================================================
Received Import Request.
  Time since last request: 0.000051 seconds.
  path: Assets/ModAssets/Prefabs/BillboardPrefabs/BillboardTall.prefab
  artifactKey: Guid(eb2165edd3e7844999a55b305c92b541) Importer(2089858483,b0f066a214c2f5e87bad3c948f4d605d)
Start importing Assets/ModAssets/Prefabs/BillboardPrefabs/BillboardTall.prefab using Guid(eb2165edd3e7844999a55b305c92b541) Importer(2089858483,b0f066a214c2f5e87bad3c948f4d605d) (ScriptedImporter) -> (artifact id: 'c3fb1d9ac46b265b5fdd11f9444f3ff7') in 0.0624863 seconds
Number of updated asset objects reloaded before import = 0Number of asset objects unloaded after import = 26

========================================================================
Received Import Request.
  Time since last request: 0.000063 seconds.
  path: Assets/FPS/Scripts/AI/EnemyTurret.cs
  artifactKey: Guid(a4cb5371dba09ee46806cbe0c2aa2c9c) Importer(2089858483,b0f066a214c2f5e87bad3c948f4d605d)
Start importing Assets/FPS/Scripts/AI/EnemyTurret.cs using Guid(a4cb5371dba09ee46806cbe0c2aa2c9c) Importer(2089858483,b0f066a214c2f5e87bad3c948f4d605d) (ScriptedImporter) -> (artifact id: '7c02745f34b7e87d5c2d343098e46c3b') in 0.0315177 seconds
Number of updated asset objects reloaded before import = 0Number of asset objects unloaded after import = 0

========================================================================
Received Import Request.
  Time since last request: 0.000051 seconds.
  path: Assets/TextMesh Pro/Resources/Fonts & Materials/LiberationSans SDF - Drop Shadow.mat
  artifactKey: Guid(e73a58f6e2794ae7b1b7e50b7fb811b0) Importer(2089858483,b0f066a214c2f5e87bad3c948f4d605d)
Start importing Assets/TextMesh Pro/Resources/Fonts & Materials/LiberationSans SDF - Drop Shadow.mat using Guid(e73a58f6e2794ae7b1b7e50b7fb811b0) Importer(2089858483,b0f066a214c2f5e87bad3c948f4d605d) (ScriptedImporter) -> (artifact id: 'f30fa40c871f04d9ef78ced27dcc1da1') in 0.0574077 seconds
Number of updated asset objects reloaded before import = 0Number of asset objects unloaded after import = 3

========================================================================
Received Import Request.
  Time since last request: 0.000030 seconds.
  path: Assets/ModAssets/Prefabs/Totems/Statue_Big.prefab
  artifactKey: Guid(04df6363b21362a46bcfbb6b371a8671) Importer(2089858483,b0f066a214c2f5e87bad3c948f4d605d)
Start importing Assets/ModAssets/Prefabs/Totems/Statue_Big.prefab using Guid(04df6363b21362a46bcfbb6b371a8671) Importer(2089858483,b0f066a214c2f5e87bad3c948f4d605d) (ScriptedImporter) -> (artifact id: '5ccf56faafd5ab97461b04fdc9a9dea0') in 0.0661163 seconds
Number of updated asset objects reloaded before import = 0Number of asset objects unloaded after import = 9

========================================================================
Received Import Request.
  Time since last request: 0.000068 seconds.
  path: Assets/TextMesh Pro/Resources/Fonts & Materials/LiberationSans SDF - Fallback.asset
  artifactKey: Guid(2e498d1c8094910479dc3e1b768306a4) Importer(2089858483,b0f066a214c2f5e87bad3c948f4d605d)
Start importing Assets/TextMesh Pro/Resources/Fonts & Materials/LiberationSans SDF - Fallback.asset using Guid(2e498d1c8094910479dc3e1b768306a4) Importer(2089858483,b0f066a214c2f5e87bad3c948f4d605d) (ScriptedImporter) -> (artifact id: '3811a198f146a15a17d7e833a9704f31') in 0.0712373 seconds
Number of updated asset objects reloaded before import = 0Number of asset objects unloaded after import = 6

========================================================================
Received Import Request.
  Time since last request: 0.000123 seconds.
  path: Assets/FPS/Art/Materials/Enemies/HoverBot_Eye.mat
  artifactKey: Guid(e6fdfd4e017234d43ac116abee8fa90a) Importer(2089858483,b0f066a214c2f5e87bad3c948f4d605d)
Start importing Assets/FPS/Art/Materials/Enemies/HoverBot_Eye.mat using Guid(e6fdfd4e017234d43ac116abee8fa90a) Importer(2089858483,b0f066a214c2f5e87bad3c948f4d605d) (ScriptedImporter) -> (artifact id: 'd3208b65038d04041a745f285ea51143') in 0.0413468 seconds
Number of updated asset objects reloaded before import = 0Number of asset objects unloaded after import = 2

========================================================================
Received Import Request.
  Time since last request: 0.000041 seconds.
  path: Assets/FPS/Animation/Rigs/Materials/Default_Material.mat
  artifactKey: Guid(583b4bf74e6c449468f55c754a692070) Importer(2089858483,b0f066a214c2f5e87bad3c948f4d605d)
Start importing Assets/FPS/Animation/Rigs/Materials/Default_Material.mat using Guid(583b4bf74e6c449468f55c754a692070) Importer(2089858483,b0f066a214c2f5e87bad3c948f4d605d) (ScriptedImporter) -> (artifact id: '0005b1c637da52b5b52c224236cbf3ce') in 0.0460863 seconds
Number of updated asset objects reloaded before import = 0Number of asset objects unloaded after import = 1

========================================================================
Received Import Request.
  Time since last request: 0.000044 seconds.
  path: Assets/TextMesh Pro/Resources/Style Sheets/Default Style Sheet.asset
  artifactKey: Guid(f952c082cb03451daed3ee968ac6c63e) Importer(2089858483,b0f066a214c2f5e87bad3c948f4d605d)
Start importing Assets/TextMesh Pro/Resources/Style Sheets/Default Style Sheet.asset using Guid(f952c082cb03451daed3ee968ac6c63e) Importer(2089858483,b0f066a214c2f5e87bad3c948f4d605d) (ScriptedImporter) -> (artifact id: '3cf5f47514b00d730b15b56b657185b4') in 0.0473168 seconds
Number of updated asset objects reloaded before import = 0Number of asset objects unloaded after import = 1

========================================================================
Received Import Request.
  Time since last request: 0.000063 seconds.
  path: Assets/ModAssets/Prefabs/Trail Prefabs/FireTrail.prefab
  artifactKey: Guid(dfa71f3ca0c2e408c855c56585bfbaad) Importer(2089858483,b0f066a214c2f5e87bad3c948f4d605d)
Start importing Assets/ModAssets/Prefabs/Trail Prefabs/FireTrail.prefab using Guid(dfa71f3ca0c2e408c855c56585bfbaad) Importer(2089858483,b0f066a214c2f5e87bad3c948f4d605d) (ScriptedImporter) -> (artifact id: '3c3cd6b535d0fcd652cd774772ff2319') in 0.093318 seconds
Number of updated asset objects reloaded before import = 0Number of asset objects unloaded after import = 5

========================================================================
Received Import Request.
  Time since last request: 0.000033 seconds.
  path: Assets/FPS/Art/Materials/Level/Floor_DarkGrey_Transparent.mat
  artifactKey: Guid(f05e8e5444cff3449afff7ed27f6415e) Importer(2089858483,b0f066a214c2f5e87bad3c948f4d605d)
Start importing Assets/FPS/Art/Materials/Level/Floor_DarkGrey_Transparent.mat using Guid(f05e8e5444cff3449afff7ed27f6415e) Importer(2089858483,b0f066a214c2f5e87bad3c948f4d605d) (ScriptedImporter) -> (artifact id: '74605f9c40a516aac74d34c32d3d8c94') in 0.0422239 seconds
Number of updated asset objects reloaded before import = 0Number of asset objects unloaded after import = 1

========================================================================
Received Import Request.
  Time since last request: 0.000038 seconds.
  path: Assets/FPS/Art/Materials/Level/Floor_Grey.mat
  artifactKey: Guid(993b4056d6b0f8441bc26fe63f4babd5) Importer(2089858483,b0f066a214c2f5e87bad3c948f4d605d)
Start importing Assets/FPS/Art/Materials/Level/Floor_Grey.mat using Guid(993b4056d6b0f8441bc26fe63f4babd5) Importer(2089858483,b0f066a214c2f5e87bad3c948f4d605d) (ScriptedImporter) -> (artifact id: 'ece9c0f30f86f31a58bcea5a3f9330b2') in 0.0472529 seconds
Number of updated asset objects reloaded before import = 0Number of asset objects unloaded after import = 1

========================================================================
Received Import Request.
  Time since last request: 0.000056 seconds.
  path: Assets/FPS/Art/Materials/Level/Floor_DarkGrey.mat
  artifactKey: Guid(35fe0b7167cdb944a868e2996465f9da) Importer(2089858483,b0f066a214c2f5e87bad3c948f4d605d)
Start importing Assets/FPS/Art/Materials/Level/Floor_DarkGrey.mat using Guid(35fe0b7167cdb944a868e2996465f9da) Importer(2089858483,b0f066a214c2f5e87bad3c948f4d605d) (ScriptedImporter) -> (artifact id: '36c42c33ef6b7dff3547c87c0b809cb7') in 0.0332383 seconds
Number of updated asset objects reloaded before import = 0Number of asset objects unloaded after import = 1

========================================================================
Received Import Request.
  Time since last request: 0.000044 seconds.
  path: Assets/FPS/Art/Materials/Level/Ramp_Blue.mat
  artifactKey: Guid(22237c12152745e4d9a8755b953703f5) Importer(2089858483,b0f066a214c2f5e87bad3c948f4d605d)
Start importing Assets/FPS/Art/Materials/Level/Ramp_Blue.mat using Guid(22237c12152745e4d9a8755b953703f5) Importer(2089858483,b0f066a214c2f5e87bad3c948f4d605d) (ScriptedImporter) -> (artifact id: '7ce98faac4d78a416419db37f724b3e0') in 0.0335629 seconds
Number of updated asset objects reloaded before import = 0Number of asset objects unloaded after import = 1

========================================================================
Received Import Request.
  Time since last request: 0.000074 seconds.
  path: Assets/FPS/Art/Materials/Level/Sign_Green.mat
  artifactKey: Guid(807df0a3bd5fb484687907be1b8246c0) Importer(2089858483,b0f066a214c2f5e87bad3c948f4d605d)
Start importing Assets/FPS/Art/Materials/Level/Sign_Green.mat using Guid(807df0a3bd5fb484687907be1b8246c0) Importer(2089858483,b0f066a214c2f5e87bad3c948f4d605d) (ScriptedImporter) -> (artifact id: 'b1c658a406c4bf5389092ebe3987b97e') in 0.0329161 seconds
Number of updated asset objects reloaded before import = 0Number of asset objects unloaded after import = 1

========================================================================
Received Import Request.
  Time since last request: 0.000126 seconds.
  path: Assets/FPS/Art/Materials/Level/Sign_Blue_Transparent.mat
  artifactKey: Guid(79c0d93b237b09b41aa23121f5b9599c) Importer(2089858483,b0f066a214c2f5e87bad3c948f4d605d)
Start importing Assets/FPS/Art/Materials/Level/Sign_Blue_Transparent.mat using Guid(79c0d93b237b09b41aa23121f5b9599c) Importer(2089858483,b0f066a214c2f5e87bad3c948f4d605d) (ScriptedImporter) -> (artifact id: '99b1209f6438580d8bee6124b552536c') in 0.0434707 seconds
Number of updated asset objects reloaded before import = 0Number of asset objects unloaded after import = 1

========================================================================
Received Import Request.
  Time since last request: 0.000036 seconds.
  path: Assets/ModAssets/Prefabs/Totems/Statue_Wall.prefab
  artifactKey: Guid(edeaf041d2df0314eb55e3bf76b1b3a5) Importer(2089858483,b0f066a214c2f5e87bad3c948f4d605d)
Start importing Assets/ModAssets/Prefabs/Totems/Statue_Wall.prefab using Guid(edeaf041d2df0314eb55e3bf76b1b3a5) Importer(2089858483,b0f066a214c2f5e87bad3c948f4d605d) (ScriptedImporter) -> (artifact id: 'ddec26709450bd127c26c1ee847d277c') in 0.0769469 seconds
Number of updated asset objects reloaded before import = 0Number of asset objects unloaded after import = 9

========================================================================
Received Import Request.
  Time since last request: 0.000092 seconds.
  path: Assets/FPS/Art/Materials/Level/Sign_Orange_Transparent.mat
  artifactKey: Guid(f265aebb27994b642b7483b3ab817694) Importer(2089858483,b0f066a214c2f5e87bad3c948f4d605d)
Start importing Assets/FPS/Art/Materials/Level/Sign_Orange_Transparent.mat using Guid(f265aebb27994b642b7483b3ab817694) Importer(2089858483,b0f066a214c2f5e87bad3c948f4d605d) (ScriptedImporter) -> (artifact id: '08e3bb0063c8b7bf8d828eea472ca8eb') in 0.0339327 seconds
Number of updated asset objects reloaded before import = 0Number of asset objects unloaded after import = 1

========================================================================
Received Import Request.
  Time since last request: 0.000112 seconds.
  path: Assets/FPS/Art/Materials/Level/Sign_Orange.mat
  artifactKey: Guid(1151f4057e77ab5429143caedba0a672) Importer(2089858483,b0f066a214c2f5e87bad3c948f4d605d)
Start importing Assets/FPS/Art/Materials/Level/Sign_Orange.mat using Guid(1151f4057e77ab5429143caedba0a672) Importer(2089858483,b0f066a214c2f5e87bad3c948f4d605d) (ScriptedImporter) -> (artifact id: '33f3ba6b63b1fe96898526927c66cdb0') in 0.0422254 seconds
Number of updated asset objects reloaded before import = 0Number of asset objects unloaded after import = 1

========================================================================
Received Import Request.
  Time since last request: 0.000032 seconds.
  path: Assets/FPS/Art/Materials/Level/Wall_Grey.mat
  artifactKey: Guid(4b8bcc445bbcd7d488ce7436dc1af951) Importer(2089858483,b0f066a214c2f5e87bad3c948f4d605d)
Start importing Assets/FPS/Art/Materials/Level/Wall_Grey.mat using Guid(4b8bcc445bbcd7d488ce7436dc1af951) Importer(2089858483,b0f066a214c2f5e87bad3c948f4d605d) (ScriptedImporter) -> (artifact id: '4942ae79f751881c49e27479c6ddf43a') in 0.0346907 seconds
Number of updated asset objects reloaded before import = 0Number of asset objects unloaded after import = 1

========================================================================
Received Import Request.
  Time since last request: 0.000039 seconds.
  path: Assets/FPS/Art/Materials/VFX/ExclamationMark.mat
  artifactKey: Guid(a0c4a8e5c3d13f04e8e43d7cb33d1ea4) Importer(2089858483,b0f066a214c2f5e87bad3c948f4d605d)
Start importing Assets/FPS/Art/Materials/VFX/ExclamationMark.mat using Guid(a0c4a8e5c3d13f04e8e43d7cb33d1ea4) Importer(2089858483,b0f066a214c2f5e87bad3c948f4d605d) (ScriptedImporter) -> (artifact id: 'f502c4148cc241cf119e300444cb1a3f') in 0.0814559 seconds
Number of updated asset objects reloaded before import = 0Number of asset objects unloaded after import = 2

========================================================================
Received Import Request.
  Time since last request: 0.000057 seconds.
  path: Assets/FPS/Art/Materials/VFX/DiskSpinning.mat
  artifactKey: Guid(968af284edcef924bb56ad46d60123e6) Importer(2089858483,b0f066a214c2f5e87bad3c948f4d605d)
Start importing Assets/FPS/Art/Materials/VFX/DiskSpinning.mat using Guid(968af284edcef924bb56ad46d60123e6) Importer(2089858483,b0f066a214c2f5e87bad3c948f4d605d) (ScriptedImporter) -> (artifact id: '83433cca3c03818092ac634acd12597c') in 0.0448681 seconds
Number of updated asset objects reloaded before import = 0Number of asset objects unloaded after import = 1

========================================================================
Received Import Request.
  Time since last request: 0.000032 seconds.
  path: Assets/ModAssets/Fonts/CormorantUnicase-Regular SDF.asset
  artifactKey: Guid(ba62bccd3bc0142bc9a0bc1addeaadce) Importer(2089858483,b0f066a214c2f5e87bad3c948f4d605d)
Start importing Assets/ModAssets/Fonts/CormorantUnicase-Regular SDF.asset using Guid(ba62bccd3bc0142bc9a0bc1addeaadce) Importer(2089858483,b0f066a214c2f5e87bad3c948f4d605d) (ScriptedImporter) -> (artifact id: 'e50e8eb47040deb962b725f14a520c52') in 0.0790796 seconds
Number of updated asset objects reloaded before import = 0Number of asset objects unloaded after import = 5

========================================================================
Received Import Request.
  Time since last request: 0.000054 seconds.
  path: Assets/FPS/Art/Materials/VFX/HealthGlow.mat
  artifactKey: Guid(6967651d58cf5e54db62fcdb44b7b2fb) Importer(2089858483,b0f066a214c2f5e87bad3c948f4d605d)
Start importing Assets/FPS/Art/Materials/VFX/HealthGlow.mat using Guid(6967651d58cf5e54db62fcdb44b7b2fb) Importer(2089858483,b0f066a214c2f5e87bad3c948f4d605d) (ScriptedImporter) -> (artifact id: '9351b1078d045cc18fe73af65fa0da15') in 0.0470353 seconds
Number of updated asset objects reloaded before import = 0Number of asset objects unloaded after import = 2

========================================================================
Received Import Request.
  Time since last request: 0.000047 seconds.
  path: Assets/FPS/Art/Materials/VFX/JetPackTrail.mat
  artifactKey: Guid(b06de00127b56814e9454c2d7d9f139a) Importer(2089858483,b0f066a214c2f5e87bad3c948f4d605d)
Start importing Assets/FPS/Art/Materials/VFX/JetPackTrail.mat using Guid(b06de00127b56814e9454c2d7d9f139a) Importer(2089858483,b0f066a214c2f5e87bad3c948f4d605d) (ScriptedImporter) -> (artifact id: 'e974d3774a06db4d13e0d32cb1fb04c2') in 0.0393683 seconds
Number of updated asset objects reloaded before import = 0Number of asset objects unloaded after import = 2

========================================================================
Received Import Request.
  Time since last request: 0.000036 seconds.
  path: Assets/FPS/Art/Materials/VFX/HealthPickups.mat
  artifactKey: Guid(ebfa40a40d62b2b40a61c30fe7411e11) Importer(2089858483,b0f066a214c2f5e87bad3c948f4d605d)
Start importing Assets/FPS/Art/Materials/VFX/HealthPickups.mat using Guid(ebfa40a40d62b2b40a61c30fe7411e11) Importer(2089858483,b0f066a214c2f5e87bad3c948f4d605d) (ScriptedImporter) -> (artifact id: '0984b46b42ecb4cee1f2221a4f181d4f') in 0.0671885 seconds
Number of updated asset objects reloaded before import = 0Number of asset objects unloaded after import = 2

========================================================================
Received Import Request.
  Time since last request: 0.000092 seconds.
  path: Assets/FPS/Scripts/Game/ConstantRotation.cs
  artifactKey: Guid(c63e3394714c5af4180408522b392eb2) Importer(2089858483,b0f066a214c2f5e87bad3c948f4d605d)
Start importing Assets/FPS/Scripts/Game/ConstantRotation.cs using Guid(c63e3394714c5af4180408522b392eb2) Importer(2089858483,b0f066a214c2f5e87bad3c948f4d605d) (ScriptedImporter) -> (artifact id: '26292fa659df4c3ac1c6634e999ca4a1') in 0.0329302 seconds
Number of updated asset objects reloaded before import = 0Number of asset objects unloaded after import = 0

========================================================================
Received Import Request.
  Time since last request: 0.000057 seconds.
  path: Assets/FPS/Art/Materials/VFX/MuzzleFlash.mat
  artifactKey: Guid(eb52fb0b8eb988248aac01ce3d48f122) Importer(2089858483,b0f066a214c2f5e87bad3c948f4d605d)
Start importing Assets/FPS/Art/Materials/VFX/MuzzleFlash.mat using Guid(eb52fb0b8eb988248aac01ce3d48f122) Importer(2089858483,b0f066a214c2f5e87bad3c948f4d605d) (ScriptedImporter) -> (artifact id: '2716356f859fb3de314dbb6e930b138d') in 0.0376627 seconds
Number of updated asset objects reloaded before import = 0Number of asset objects unloaded after import = 2

========================================================================
Received Import Request.
  Time since last request: 0.000039 seconds.
  path: Assets/FPS/Art/Materials/VFX/Projectile_blue.mat
  artifactKey: Guid(4892be09e48c5a441b36e4cffb963fb4) Importer(2089858483,b0f066a214c2f5e87bad3c948f4d605d)
Start importing Assets/FPS/Art/Materials/VFX/Projectile_blue.mat using Guid(4892be09e48c5a441b36e4cffb963fb4) Importer(2089858483,b0f066a214c2f5e87bad3c948f4d605d) (ScriptedImporter) -> (artifact id: '58270a8039a727dc11a288d963b3446e') in 0.0379433 seconds
Number of updated asset objects reloaded before import = 0Number of asset objects unloaded after import = 2

========================================================================
Received Import Request.
  Time since last request: 0.000038 seconds.
  path: Assets/FPS/Art/Materials/VFX/Lazer_Red.mat
  artifactKey: Guid(530af3a8082ffb14897ac6b74259b8a1) Importer(2089858483,b0f066a214c2f5e87bad3c948f4d605d)
Start importing Assets/FPS/Art/Materials/VFX/Lazer_Red.mat using Guid(530af3a8082ffb14897ac6b74259b8a1) Importer(2089858483,b0f066a214c2f5e87bad3c948f4d605d) (ScriptedImporter) -> (artifact id: '2023370b7d2db9a21a0f8f053cb755f3') in 0.0319423 seconds
Number of updated asset objects reloaded before import = 0Number of asset objects unloaded after import = 1

========================================================================
Received Import Request.
  Time since last request: 0.000081 seconds.
  path: Assets/FPS/Art/Materials/VFX/ProjectileTrail.mat
  artifactKey: Guid(97a1887a7cfda624fb3c2b8aa7e32973) Importer(2089858483,b0f066a214c2f5e87bad3c948f4d605d)
Start importing Assets/FPS/Art/Materials/VFX/ProjectileTrail.mat using Guid(97a1887a7cfda624fb3c2b8aa7e32973) Importer(2089858483,b0f066a214c2f5e87bad3c948f4d605d) (ScriptedImporter) -> (artifact id: '1d21970ffd7951db374f7864cdec8fa2') in 0.0595814 seconds
Number of updated asset objects reloaded before import = 0Number of asset objects unloaded after import = 2

========================================================================
Received Import Request.
  Time since last request: 0.000118 seconds.
  path: Assets/FPS/Art/Materials/VFX/ShrapnelTriangle.mat
  artifactKey: Guid(01da79e0e5f33824fa9d48c9577b241b) Importer(2089858483,b0f066a214c2f5e87bad3c948f4d605d)
Start importing Assets/FPS/Art/Materials/VFX/ShrapnelTriangle.mat using Guid(01da79e0e5f33824fa9d48c9577b241b) Importer(2089858483,b0f066a214c2f5e87bad3c948f4d605d) (ScriptedImporter) -> (artifact id: '0ee63d6cefcbbe5d47af4fdfa3d34204') in 0.0724299 seconds
Number of updated asset objects reloaded before import = 0Number of asset objects unloaded after import = 2

========================================================================
Received Import Request.
  Time since last request: 0.000040 seconds.
  path: Assets/FPS/Art/Materials/VFX/Wireframe_Cage.mat
  artifactKey: Guid(d737cdf1ca21a1941a07c6b9a9b5f1d1) Importer(2089858483,b0f066a214c2f5e87bad3c948f4d605d)
Start importing Assets/FPS/Art/Materials/VFX/Wireframe_Cage.mat using Guid(d737cdf1ca21a1941a07c6b9a9b5f1d1) Importer(2089858483,b0f066a214c2f5e87bad3c948f4d605d) (ScriptedImporter) -> (artifact id: '05e5dccaec180a454565207dcc2595f0') in 0.0875846 seconds
Number of updated asset objects reloaded before import = 0Number of asset objects unloaded after import = 2

========================================================================
Received Import Request.
  Time since last request: 0.000056 seconds.
  path: Assets/FPS/Art/Materials/VFX/Spark.mat
  artifactKey: Guid(93c163e6f58fe2242964723bdb6ff7ef) Importer(2089858483,b0f066a214c2f5e87bad3c948f4d605d)
Start importing Assets/FPS/Art/Materials/VFX/Spark.mat using Guid(93c163e6f58fe2242964723bdb6ff7ef) Importer(2089858483,b0f066a214c2f5e87bad3c948f4d605d) (ScriptedImporter) -> (artifact id: '29e739681f0d85ed6f5b3bd0bdb491b9') in 0.0373309 seconds
Number of updated asset objects reloaded before import = 0Number of asset objects unloaded after import = 1

========================================================================
Received Import Request.
  Time since last request: 0.000075 seconds.
  path: Assets/FPS/Art/Materials/Weapons/WeaponDisc.mat
  artifactKey: Guid(bbfadc30c17002448a215c8857fefa7a) Importer(2089858483,b0f066a214c2f5e87bad3c948f4d605d)
Start importing Assets/FPS/Art/Materials/Weapons/WeaponDisc.mat using Guid(bbfadc30c17002448a215c8857fefa7a) Importer(2089858483,b0f066a214c2f5e87bad3c948f4d605d) (ScriptedImporter) -> (artifact id: '6e42b2ddf7ceccd3e309bca18f7c6b49') in 0.1639355 seconds
Number of updated asset objects reloaded before import = 0Number of asset objects unloaded after import = 6

========================================================================
Received Import Request.
  Time since last request: 0.000040 seconds.
  path: Assets/FPS/Art/Materials/Weapons/Gun.mat
  artifactKey: Guid(17a7e49545726f94f9d0b396b9b6d60b) Importer(2089858483,b0f066a214c2f5e87bad3c948f4d605d)
Start importing Assets/FPS/Art/Materials/Weapons/Gun.mat using Guid(17a7e49545726f94f9d0b396b9b6d60b) Importer(2089858483,b0f066a214c2f5e87bad3c948f4d605d) (ScriptedImporter) -> (artifact id: '23e29a78a8855b2afa6df580ab872fb3') in 0.0352789 seconds
Number of updated asset objects reloaded before import = 0Number of asset objects unloaded after import = 1

========================================================================
Received Import Request.
  Time since last request: 0.000095 seconds.
  path: Assets/FPS/Art/Materials/Weapons/WeaponDisc_Transparent.mat
  artifactKey: Guid(9ae6d1cb1fd13ec4e956f81a56ceccfb) Importer(2089858483,b0f066a214c2f5e87bad3c948f4d605d)
Start importing Assets/FPS/Art/Materials/Weapons/WeaponDisc_Transparent.mat using Guid(9ae6d1cb1fd13ec4e956f81a56ceccfb) Importer(2089858483,b0f066a214c2f5e87bad3c948f4d605d) (ScriptedImporter) -> (artifact id: '8822fba6c5d3a30a153d16cb844e958c') in 0.0430132 seconds
Number of updated asset objects reloaded before import = 0Number of asset objects unloaded after import = 6

========================================================================
Received Import Request.
  Time since last request: 0.000043 seconds.
  path: Assets/FPS/Art/Textures/Characters/HoverBot_Body_Albedo.png
  artifactKey: Guid(7963b2bc87c304a4b9f72df26e63f964) Importer(2089858483,b0f066a214c2f5e87bad3c948f4d605d)
Start importing Assets/FPS/Art/Textures/Characters/HoverBot_Body_Albedo.png using Guid(7963b2bc87c304a4b9f72df26e63f964) Importer(2089858483,b0f066a214c2f5e87bad3c948f4d605d) (ScriptedImporter) -> (artifact id: '78f821f5dd9c80a953049830d1bba91c') in 0.0418548 seconds
Number of updated asset objects reloaded before import = 0Number of asset objects unloaded after import = 1

========================================================================
Received Import Request.
  Time since last request: 0.000031 seconds.
  path: Assets/FPS/Art/Materials/Weapons/WeaponShotgun.mat
  artifactKey: Guid(011763291d1bfed4aaaf1719a71df141) Importer(2089858483,b0f066a214c2f5e87bad3c948f4d605d)
Start importing Assets/FPS/Art/Materials/Weapons/WeaponShotgun.mat using Guid(011763291d1bfed4aaaf1719a71df141) Importer(2089858483,b0f066a214c2f5e87bad3c948f4d605d) (ScriptedImporter) -> (artifact id: '5fde06228730dc6a8f904fe05b3a985d') in 0.0446237 seconds
Number of updated asset objects reloaded before import = 0Number of asset objects unloaded after import = 6

========================================================================
Received Import Request.
  Time since last request: 0.000056 seconds.
  path: Assets/FPS/Art/Textures/Backgrounds/UnityTutorial_Skybox05_4k.png
  artifactKey: Guid(0d0a423573bb73342ba21395be8500ad) Importer(2089858483,b0f066a214c2f5e87bad3c948f4d605d)
Start importing Assets/FPS/Art/Textures/Backgrounds/UnityTutorial_Skybox05_4k.png using Guid(0d0a423573bb73342ba21395be8500ad) Importer(2089858483,b0f066a214c2f5e87bad3c948f4d605d) (ScriptedImporter) -> (artifact id: 'd97c53dbffda760c9b4b50b7da26aa06') in 0.0499369 seconds
Number of updated asset objects reloaded before import = 0Number of asset objects unloaded after import = 1

========================================================================
Received Import Request.
  Time since last request: 0.000039 seconds.
  path: Assets/FPS/Art/Textures/Characters/HoverBot_Body_AO.png
  artifactKey: Guid(935b24c9a7746c5479f1a8e91571a8ab) Importer(2089858483,b0f066a214c2f5e87bad3c948f4d605d)
Start importing Assets/FPS/Art/Textures/Characters/HoverBot_Body_AO.png using Guid(935b24c9a7746c5479f1a8e91571a8ab) Importer(2089858483,b0f066a214c2f5e87bad3c948f4d605d) (ScriptedImporter) -> (artifact id: '85ef8df9442ff9b9d605f5c32de0db21') in 0.0410592 seconds
Number of updated asset objects reloaded before import = 0Number of asset objects unloaded after import = 1

========================================================================
Received Import Request.
  Time since last request: 0.000089 seconds.
  path: Assets/FPS/Art/Textures/Characters/HoverBot_Body_MetallicSmooth.png
  artifactKey: Guid(0bf3deb1f2c8e2c4eb4c4a2262f3ea3e) Importer(2089858483,b0f066a214c2f5e87bad3c948f4d605d)
Start importing Assets/FPS/Art/Textures/Characters/HoverBot_Body_MetallicSmooth.png using Guid(0bf3deb1f2c8e2c4eb4c4a2262f3ea3e) Importer(2089858483,b0f066a214c2f5e87bad3c948f4d605d) (ScriptedImporter) -> (artifact id: '9e3d18e0a11e341e9547c7c2c1b8ec91') in 0.0419206 seconds
Number of updated asset objects reloaded before import = 0Number of asset objects unloaded after import = 1

========================================================================
Received Import Request.
  Time since last request: 0.000075 seconds.
  path: Assets/FPS/Art/Textures/Characters/Turret_Body_AO.png
  artifactKey: Guid(b4221e4f27f28c0409eb9d419a6b8037) Importer(2089858483,b0f066a214c2f5e87bad3c948f4d605d)
Start importing Assets/FPS/Art/Textures/Characters/Turret_Body_AO.png using Guid(b4221e4f27f28c0409eb9d419a6b8037) Importer(2089858483,b0f066a214c2f5e87bad3c948f4d605d) (ScriptedImporter) -> (artifact id: '03071e8ed2aebea8f090154009c90c65') in 0.0504849 seconds
Number of updated asset objects reloaded before import = 0Number of asset objects unloaded after import = 1

========================================================================
Received Import Request.
  Time since last request: 0.000041 seconds.
  path: Assets/FPS/Scripts/UI/LoadSceneButton.cs
  artifactKey: Guid(b9d73053268a2ae48bb9e7d4bf6419fb) Importer(2089858483,b0f066a214c2f5e87bad3c948f4d605d)
Start importing Assets/FPS/Scripts/UI/LoadSceneButton.cs using Guid(b9d73053268a2ae48bb9e7d4bf6419fb) Importer(2089858483,b0f066a214c2f5e87bad3c948f4d605d) (ScriptedImporter) -> (artifact id: '64a2cb5be43c6a1d7a81d9b81b6d3bdd') in 0.0311535 seconds
Number of updated asset objects reloaded before import = 0Number of asset objects unloaded after import = 0

========================================================================
Received Import Request.
  Time since last request: 0.000041 seconds.
  path: Assets/FPS/Art/Textures/Pickups/HealthPickup_Normal.png
  artifactKey: Guid(32ab303fd8503904eaf5730b49dd3784) Importer(2089858483,b0f066a214c2f5e87bad3c948f4d605d)
Start importing Assets/FPS/Art/Textures/Pickups/HealthPickup_Normal.png using Guid(32ab303fd8503904eaf5730b49dd3784) Importer(2089858483,b0f066a214c2f5e87bad3c948f4d605d) (ScriptedImporter) -> (artifact id: '67ed6a8ac9f7d023ce9ef4ed03e56b9f') in 0.050759 seconds
Number of updated asset objects reloaded before import = 0Number of asset objects unloaded after import = 1

========================================================================
Received Import Request.
  Time since last request: 0.000058 seconds.
  path: Assets/FPS/Art/Textures/Pickups/HealthPickup_AO.png
  artifactKey: Guid(eea8ae6f986e93c4ea8ee71ef8316494) Importer(2089858483,b0f066a214c2f5e87bad3c948f4d605d)
Start importing Assets/FPS/Art/Textures/Pickups/HealthPickup_AO.png using Guid(eea8ae6f986e93c4ea8ee71ef8316494) Importer(2089858483,b0f066a214c2f5e87bad3c948f4d605d) (ScriptedImporter) -> (artifact id: 'bccc0c33b5124689542c98881b88b008') in 0.0458101 seconds
Number of updated asset objects reloaded before import = 0Number of asset objects unloaded after import = 1

========================================================================
Received Import Request.
  Time since last request: 0.000044 seconds.
  path: Assets/FPS/Art/Textures/Characters/Turret_Light_Emission.png
  artifactKey: Guid(935233d8608b4e844984c64d06fd2c01) Importer(2089858483,b0f066a214c2f5e87bad3c948f4d605d)
Start importing Assets/FPS/Art/Textures/Characters/Turret_Light_Emission.png using Guid(935233d8608b4e844984c64d06fd2c01) Importer(2089858483,b0f066a214c2f5e87bad3c948f4d605d) (ScriptedImporter) -> (artifact id: '9ddb92e93c6fd65345e3cb0be4051e1d') in 0.0470912 seconds
Number of updated asset objects reloaded before import = 0Number of asset objects unloaded after import = 1

========================================================================
Received Import Request.
  Time since last request: 0.000040 seconds.
  path: Assets/FPS/Art/Textures/Pickups/Jetpack_AO.png
  artifactKey: Guid(1c08bd4b0708fd44fb61168f99f6cbcb) Importer(2089858483,b0f066a214c2f5e87bad3c948f4d605d)
Start importing Assets/FPS/Art/Textures/Pickups/Jetpack_AO.png using Guid(1c08bd4b0708fd44fb61168f99f6cbcb) Importer(2089858483,b0f066a214c2f5e87bad3c948f4d605d) (ScriptedImporter) -> (artifact id: '864268ddf1d6f6b77a254e270e8ce719') in 0.0409304 seconds
Number of updated asset objects reloaded before import = 0Number of asset objects unloaded after import = 1

========================================================================
Received Import Request.
  Time since last request: 0.000059 seconds.
  path: Assets/FPS/Art/Textures/Pickups/Jetpack_Albedo.png
  artifactKey: Guid(3bc42c7469f8a8545990a1ff3e431431) Importer(2089858483,b0f066a214c2f5e87bad3c948f4d605d)
Start importing Assets/FPS/Art/Textures/Pickups/Jetpack_Albedo.png using Guid(3bc42c7469f8a8545990a1ff3e431431) Importer(2089858483,b0f066a214c2f5e87bad3c948f4d605d) (ScriptedImporter) -> (artifact id: '552848bba7d89ea46f3da7f6fe0beb69') in 0.0448186 seconds
Number of updated asset objects reloaded before import = 0Number of asset objects unloaded after import = 1

========================================================================
Received Import Request.
  Time since last request: 0.000028 seconds.
  path: Assets/FPS/Art/Textures/Pickups/Jetpack__MetallicSmooth.png
  artifactKey: Guid(e22e0a904feca9f4e8314f9ba5dc57e6) Importer(2089858483,b0f066a214c2f5e87bad3c948f4d605d)
Start importing Assets/FPS/Art/Textures/Pickups/Jetpack__MetallicSmooth.png using Guid(e22e0a904feca9f4e8314f9ba5dc57e6) Importer(2089858483,b0f066a214c2f5e87bad3c948f4d605d) (ScriptedImporter) -> (artifact id: 'fd86a105f333f2ae8a9cc7992b4af68f') in 0.0507771 seconds
Number of updated asset objects reloaded before import = 0Number of asset objects unloaded after import = 1

========================================================================
Received Import Request.
  Time since last request: 0.000036 seconds.
  path: Assets/FPS/Art/Textures/Pickups/Jetpack__Normal.png
  artifactKey: Guid(57271020c385379499e0d0e0ad84824c) Importer(2089858483,b0f066a214c2f5e87bad3c948f4d605d)
Start importing Assets/FPS/Art/Textures/Pickups/Jetpack__Normal.png using Guid(57271020c385379499e0d0e0ad84824c) Importer(2089858483,b0f066a214c2f5e87bad3c948f4d605d) (ScriptedImporter) -> (artifact id: 'ed37b3784bc410eec7c23bc3cf632ffc') in 0.0461282 seconds
Number of updated asset objects reloaded before import = 0Number of asset objects unloaded after import = 1

========================================================================
Received Import Request.
  Time since last request: 0.000060 seconds.
  path: Assets/FPS/Art/Textures/Props/WallStatue_AO.png
  artifactKey: Guid(7ce4c0badc2ab0a438848d86fb127b22) Importer(2089858483,b0f066a214c2f5e87bad3c948f4d605d)
Start importing Assets/FPS/Art/Textures/Props/WallStatue_AO.png using Guid(7ce4c0badc2ab0a438848d86fb127b22) Importer(2089858483,b0f066a214c2f5e87bad3c948f4d605d) (ScriptedImporter) -> (artifact id: '81822b7d97750ec99cba9187418862b9') in 0.0522898 seconds
Number of updated asset objects reloaded before import = 0Number of asset objects unloaded after import = 1

========================================================================
Received Import Request.
  Time since last request: 0.000032 seconds.
  path: Assets/FPS/Art/Textures/Props/StatueBig_Emissive.png
  artifactKey: Guid(f48d14bd5127f334bb881b71a7f0f76c) Importer(2089858483,b0f066a214c2f5e87bad3c948f4d605d)
Start importing Assets/FPS/Art/Textures/Props/StatueBig_Emissive.png using Guid(f48d14bd5127f334bb881b71a7f0f76c) Importer(2089858483,b0f066a214c2f5e87bad3c948f4d605d) (ScriptedImporter) -> (artifact id: '0cd03a8b573ad189510cf0b5f60086b8') in 0.0460654 seconds
Number of updated asset objects reloaded before import = 0Number of asset objects unloaded after import = 1

========================================================================
Received Import Request.
  Time since last request: 0.000039 seconds.
  path: Assets/FPS/Art/Textures/Props/StatueBig_MetallicSmooth.png
  artifactKey: Guid(678ce64fe1c2b7b419b59dadee8dc0b8) Importer(2089858483,b0f066a214c2f5e87bad3c948f4d605d)
Start importing Assets/FPS/Art/Textures/Props/StatueBig_MetallicSmooth.png using Guid(678ce64fe1c2b7b419b59dadee8dc0b8) Importer(2089858483,b0f066a214c2f5e87bad3c948f4d605d) (ScriptedImporter) -> (artifact id: '16f2b47266015f4edb443c2076b992e3') in 0.0510559 seconds
Number of updated asset objects reloaded before import = 0Number of asset objects unloaded after import = 1

========================================================================
Received Import Request.
  Time since last request: 0.000047 seconds.
  path: Assets/FPS/Art/Textures/Props/WallStatue_Emissive.png
  artifactKey: Guid(2534193b19f27624cbffe4b322396b30) Importer(2089858483,b0f066a214c2f5e87bad3c948f4d605d)
Start importing Assets/FPS/Art/Textures/Props/WallStatue_Emissive.png using Guid(2534193b19f27624cbffe4b322396b30) Importer(2089858483,b0f066a214c2f5e87bad3c948f4d605d) (ScriptedImporter) -> (artifact id: '8b685e2f42c5c880057717f8302c3e20') in 0.0456798 seconds
Number of updated asset objects reloaded before import = 0Number of asset objects unloaded after import = 1

========================================================================
Received Import Request.
  Time since last request: 0.000045 seconds.
  path: Assets/FPS/Art/Textures/UI/Crosshair_Blaster_Center.png
  artifactKey: Guid(2b5b80f3ebc88174a8c662e280fdb09c) Importer(2089858483,b0f066a214c2f5e87bad3c948f4d605d)
Start importing Assets/FPS/Art/Textures/UI/Crosshair_Blaster_Center.png using Guid(2b5b80f3ebc88174a8c662e280fdb09c) Importer(2089858483,b0f066a214c2f5e87bad3c948f4d605d) (ScriptedImporter) -> (artifact id: 'dd314e2aea91d43f9c14ee73be513bc9') in 0.0527926 seconds
Number of updated asset objects reloaded before import = 0Number of asset objects unloaded after import = 3

========================================================================
Received Import Request.
  Time since last request: 0.000042 seconds.
  path: Assets/FPS/Art/Textures/UI/Crosshair_Blaster_Side.png
  artifactKey: Guid(e87f35a57d7a270469ddf9121f29d506) Importer(2089858483,b0f066a214c2f5e87bad3c948f4d605d)
Start importing Assets/FPS/Art/Textures/UI/Crosshair_Blaster_Side.png using Guid(e87f35a57d7a270469ddf9121f29d506) Importer(2089858483,b0f066a214c2f5e87bad3c948f4d605d) (ScriptedImporter) -> (artifact id: '643ff0790af543b1dae8117c42613792') in 0.0671584 seconds
Number of updated asset objects reloaded before import = 0Number of asset objects unloaded after import = 3

========================================================================
Received Import Request.
  Time since last request: 0.000057 seconds.
  path: Assets/FPS/Art/Textures/UI/Crosshair_Drop.png
  artifactKey: Guid(14aa1febcf423c84997aa10d7ff64d17) Importer(2089858483,b0f066a214c2f5e87bad3c948f4d605d)
Start importing Assets/FPS/Art/Textures/UI/Crosshair_Drop.png using Guid(14aa1febcf423c84997aa10d7ff64d17) Importer(2089858483,b0f066a214c2f5e87bad3c948f4d605d) (ScriptedImporter) -> (artifact id: '3bcd1777766e077918b017364e865eb5') in 0.0430624 seconds
Number of updated asset objects reloaded before import = 0Number of asset objects unloaded after import = 3

========================================================================
Received Import Request.
  Time since last request: 0.000037 seconds.
  path: Assets/FPS/Art/Textures/UI/Gradiants.png
  artifactKey: Guid(69a090905eb8e8540b8a413214c097fb) Importer(2089858483,b0f066a214c2f5e87bad3c948f4d605d)
Start importing Assets/FPS/Art/Textures/UI/Gradiants.png using Guid(69a090905eb8e8540b8a413214c097fb) Importer(2089858483,b0f066a214c2f5e87bad3c948f4d605d) (ScriptedImporter) -> (artifact id: '51189a40f2373ebb415c857778bfb521') in 0.058972 seconds
Number of updated asset objects reloaded before import = 0Number of asset objects unloaded after import = 3

========================================================================
Received Import Request.
  Time since last request: 0.000041 seconds.
  path: Assets/FPS/Art/Textures/UI/Crosshair_Hexa.png
  artifactKey: Guid(e881aa18189b12f4e915fc5b14ddc421) Importer(2089858483,b0f066a214c2f5e87bad3c948f4d605d)
Start importing Assets/FPS/Art/Textures/UI/Crosshair_Hexa.png using Guid(e881aa18189b12f4e915fc5b14ddc421) Importer(2089858483,b0f066a214c2f5e87bad3c948f4d605d) (ScriptedImporter) -> (artifact id: '28671fed745b67b3ec4db1700c440742') in 0.0524289 seconds
Number of updated asset objects reloaded before import = 0Number of asset objects unloaded after import = 3

========================================================================
Received Import Request.
  Time since last request: 0.000049 seconds.
  path: Assets/FPS/Art/Textures/UI/CloseBtn_Icon.png
  artifactKey: Guid(2883dea87a05ddc4489db71bdbf6a412) Importer(2089858483,b0f066a214c2f5e87bad3c948f4d605d)
Start importing Assets/FPS/Art/Textures/UI/CloseBtn_Icon.png using Guid(2883dea87a05ddc4489db71bdbf6a412) Importer(2089858483,b0f066a214c2f5e87bad3c948f4d605d) (ScriptedImporter) -> (artifact id: 'bdcf59e5f850d074091f797ee6d36739') in 0.0597141 seconds
Number of updated asset objects reloaded before import = 0Number of asset objects unloaded after import = 3

========================================================================
Received Import Request.
  Time since last request: 0.000044 seconds.
  path: Assets/FPS/Art/Textures/UI/HUD_Weapon03.png
  artifactKey: Guid(3c187e19c32c13542ba8a0c1a3a88ece) Importer(2089858483,b0f066a214c2f5e87bad3c948f4d605d)
Start importing Assets/FPS/Art/Textures/UI/HUD_Weapon03.png using Guid(3c187e19c32c13542ba8a0c1a3a88ece) Importer(2089858483,b0f066a214c2f5e87bad3c948f4d605d) (ScriptedImporter) -> (artifact id: '771c32e981ba8fe1257cce63bc077bbf') in 0.0593829 seconds
Number of updated asset objects reloaded before import = 0Number of asset objects unloaded after import = 3

========================================================================
Received Import Request.
  Time since last request: 0.000040 seconds.
  path: Assets/FPS/Art/Textures/UI/HUD_Key_Bg.png
  artifactKey: Guid(81c448d84d41b244a91a738f53252f9b) Importer(2089858483,b0f066a214c2f5e87bad3c948f4d605d)
Start importing Assets/FPS/Art/Textures/UI/HUD_Key_Bg.png using Guid(81c448d84d41b244a91a738f53252f9b) Importer(2089858483,b0f066a214c2f5e87bad3c948f4d605d) (ScriptedImporter) -> (artifact id: 'eb07154d043d40a6a92b5c71411ba7fb') in 0.0543904 seconds
Number of updated asset objects reloaded before import = 0Number of asset objects unloaded after import = 3

========================================================================
Received Import Request.
  Time since last request: 0.000060 seconds.
  path: Assets/FPS/Art/Textures/UI/Notification_Enemy_Icon.png
  artifactKey: Guid(f508c28b9e2b993418fa54db9c535ae9) Importer(2089858483,b0f066a214c2f5e87bad3c948f4d605d)
Start importing Assets/FPS/Art/Textures/UI/Notification_Enemy_Icon.png using Guid(f508c28b9e2b993418fa54db9c535ae9) Importer(2089858483,b0f066a214c2f5e87bad3c948f4d605d) (ScriptedImporter) -> (artifact id: '515edaee1b7583a084f45a5e86e566cc') in 0.0514089 seconds
Number of updated asset objects reloaded before import = 0Number of asset objects unloaded after import = 3

========================================================================
Received Import Request.
  Time since last request: 0.000031 seconds.
  path: Assets/FPS/Art/Textures/UI/TEX_White_16x16.png
  artifactKey: Guid(d194854d61472d744b8684ceab84264a) Importer(2089858483,b0f066a214c2f5e87bad3c948f4d605d)
Start importing Assets/FPS/Art/Textures/UI/TEX_White_16x16.png using Guid(d194854d61472d744b8684ceab84264a) Importer(2089858483,b0f066a214c2f5e87bad3c948f4d605d) (ScriptedImporter) -> (artifact id: '6536fde6780b338ba5ffa996c46cedbf') in 0.0503204 seconds
Number of updated asset objects reloaded before import = 0Number of asset objects unloaded after import = 3

========================================================================
Received Import Request.
  Time since last request: 0.000072 seconds.
  path: Assets/FPS/Art/Textures/UI/TEX_Black_16x16.png
  artifactKey: Guid(3e7d439637d58744ba13be1b4b74413b) Importer(2089858483,b0f066a214c2f5e87bad3c948f4d605d)
Start importing Assets/FPS/Art/Textures/UI/TEX_Black_16x16.png using Guid(3e7d439637d58744ba13be1b4b74413b) Importer(2089858483,b0f066a214c2f5e87bad3c948f4d605d) (ScriptedImporter) -> (artifact id: '577a1a19bdb9a0a9fe13724957d6618d') in 0.0604532 seconds
Number of updated asset objects reloaded before import = 0Number of asset objects unloaded after import = 3

========================================================================
Received Import Request.
  Time since last request: 0.000052 seconds.
  path: Assets/FPS/Art/Textures/UI/Radar_Enemy_Icon.png
  artifactKey: Guid(f960e1e0f9c28f346bcff536efd27f78) Importer(2089858483,b0f066a214c2f5e87bad3c948f4d605d)
Start importing Assets/FPS/Art/Textures/UI/Radar_Enemy_Icon.png using Guid(f960e1e0f9c28f346bcff536efd27f78) Importer(2089858483,b0f066a214c2f5e87bad3c948f4d605d) (ScriptedImporter) -> (artifact id: '71309d220db0e6c07a14aa071a37f3b5') in 0.0585625 seconds
Number of updated asset objects reloaded before import = 0Number of asset objects unloaded after import = 3

========================================================================
Received Import Request.
  Time since last request: 0.000033 seconds.
  path: Assets/FPS/Tutorials/3_ChangeColors/06-Play-Game - delete.asset
  artifactKey: Guid(9e3280f2c95b94ec489b5a211660347d) Importer(2089858483,b0f066a214c2f5e87bad3c948f4d605d)
Start importing Assets/FPS/Tutorials/3_ChangeColors/06-Play-Game - delete.asset using Guid(9e3280f2c95b94ec489b5a211660347d) Importer(2089858483,b0f066a214c2f5e87bad3c948f4d605d) (ScriptedImporter) -> (artifact id: '6a7b2ba5d42096fb77a5c42758bea74a') in 0.0463038 seconds
Number of updated asset objects reloaded before import = 0Number of asset objects unloaded after import = 3

========================================================================
Received Import Request.
  Time since last request: 0.000040 seconds.
  path: Assets/FPS/Art/Textures/VFX/Falloff.psd
  artifactKey: Guid(7dbb90ed25a3a3d4981e6b5ac6273b49) Importer(2089858483,b0f066a214c2f5e87bad3c948f4d605d)
Start importing Assets/FPS/Art/Textures/VFX/Falloff.psd using Guid(7dbb90ed25a3a3d4981e6b5ac6273b49) Importer(2089858483,b0f066a214c2f5e87bad3c948f4d605d) (ScriptedImporter) -> (artifact id: '0bd509eb2372919f24a4008e69c5830f') in 0.0414509 seconds
Number of updated asset objects reloaded before import = 0Number of asset objects unloaded after import = 1

========================================================================
Received Import Request.
  Time since last request: 0.000054 seconds.
  path: Assets/FPS/Art/Textures/VFX/ExplosionRing.png
  artifactKey: Guid(e18928f10dd7f52488e3ad5ca3b8c1ea) Importer(2089858483,b0f066a214c2f5e87bad3c948f4d605d)
Start importing Assets/FPS/Art/Textures/VFX/ExplosionRing.png using Guid(e18928f10dd7f52488e3ad5ca3b8c1ea) Importer(2089858483,b0f066a214c2f5e87bad3c948f4d605d) (ScriptedImporter) -> (artifact id: '371fe7a319a6c8e7da37390704ac05f2') in 0.043502 seconds
Number of updated asset objects reloaded before import = 0Number of asset objects unloaded after import = 1

========================================================================
Received Import Request.
  Time since last request: 0.000034 seconds.
  path: Assets/FPS/Art/Textures/UI/Transparent_Center.png
  artifactKey: Guid(61e9c8b64d003e047ab7cfc7f5d74555) Importer(2089858483,b0f066a214c2f5e87bad3c948f4d605d)
Start importing Assets/FPS/Art/Textures/UI/Transparent_Center.png using Guid(61e9c8b64d003e047ab7cfc7f5d74555) Importer(2089858483,b0f066a214c2f5e87bad3c948f4d605d) (ScriptedImporter) -> (artifact id: '964f0aaaa50bb31a535cbcc0b8733b17') in 0.0493333 seconds
Number of updated asset objects reloaded before import = 0Number of asset objects unloaded after import = 3

========================================================================
Received Import Request.
  Time since last request: 0.000039 seconds.
  path: Assets/FPS/Art/Textures/Props/StatueBig_Albedo.png
  artifactKey: Guid(4541db27285eb5f448988d692cc9c217) Importer(2089858483,b0f066a214c2f5e87bad3c948f4d605d)
Start importing Assets/FPS/Art/Textures/Props/StatueBig_Albedo.png using Guid(4541db27285eb5f448988d692cc9c217) Importer(2089858483,b0f066a214c2f5e87bad3c948f4d605d) (ScriptedImporter) -> (artifact id: '5a952fb36eb75db11305f341b16e9c55') in 0.0482852 seconds
Number of updated asset objects reloaded before import = 0Number of asset objects unloaded after import = 1

========================================================================
Received Import Request.
  Time since last request: 0.000057 seconds.
  path: Assets/FPS/Art/Textures/VFX/ProjectileRamp.png
  artifactKey: Guid(766e0c8738dffc646b9ada80a0df14d5) Importer(2089858483,b0f066a214c2f5e87bad3c948f4d605d)
Start importing Assets/FPS/Art/Textures/VFX/ProjectileRamp.png using Guid(766e0c8738dffc646b9ada80a0df14d5) Importer(2089858483,b0f066a214c2f5e87bad3c948f4d605d) (ScriptedImporter) -> (artifact id: 'e49d7832b7e20015ae5f7b4aba2dd8b7') in 0.0446954 seconds
Number of updated asset objects reloaded before import = 0Number of asset objects unloaded after import = 1

========================================================================
Received Import Request.
  Time since last request: 0.000028 seconds.
  path: Assets/FPS/Art/Textures/VFX/Projectile.bmp
  artifactKey: Guid(faa0a145c73a4f145bff07c03024ae3f) Importer(2089858483,b0f066a214c2f5e87bad3c948f4d605d)
Start importing Assets/FPS/Art/Textures/VFX/Projectile.bmp using Guid(faa0a145c73a4f145bff07c03024ae3f) Importer(2089858483,b0f066a214c2f5e87bad3c948f4d605d) (ScriptedImporter) -> (artifact id: '33fc37f563705c3fa11f05b1cf901f9d') in 0.0791692 seconds
Number of updated asset objects reloaded before import = 0Number of asset objects unloaded after import = 1

========================================================================
Received Import Request.
  Time since last request: 0.000038 seconds.
  path: Assets/ModAssets/Prefabs/Particle Prefabs/ConfettiCelebration.prefab
  artifactKey: Guid(2f5d313409ec64adc9647e645f3fd9f2) Importer(2089858483,b0f066a214c2f5e87bad3c948f4d605d)
Start importing Assets/ModAssets/Prefabs/Particle Prefabs/ConfettiCelebration.prefab using Guid(2f5d313409ec64adc9647e645f3fd9f2) Importer(2089858483,b0f066a214c2f5e87bad3c948f4d605d) (ScriptedImporter) -> (artifact id: '147881f4775d835e475f07b3f99bf69b') in 0.117788 seconds
Number of updated asset objects reloaded before import = 0Number of asset objects unloaded after import = 10

========================================================================
Received Import Request.
  Time since last request: 0.000060 seconds.
  path: Assets/FPS/Art/Textures/VFX/Symbol_Speedlines_Atlas.tga
  artifactKey: Guid(caab48d99d348f14f9c9142539950ba8) Importer(2089858483,b0f066a214c2f5e87bad3c948f4d605d)
Start importing Assets/FPS/Art/Textures/VFX/Symbol_Speedlines_Atlas.tga using Guid(caab48d99d348f14f9c9142539950ba8) Importer(2089858483,b0f066a214c2f5e87bad3c948f4d605d) (ScriptedImporter) -> (artifact id: 'baeacd45f4b13c7cb5915b92d030000a') in 0.0865462 seconds
Number of updated asset objects reloaded before import = 0Number of asset objects unloaded after import = 1

========================================================================
Received Import Request.
  Time since last request: 0.000031 seconds.
  path: Assets/FPS/Art/Textures/VFX/ThickSmoke.png
  artifactKey: Guid(aed838cea56e857469d0647f335cc3e6) Importer(2089858483,b0f066a214c2f5e87bad3c948f4d605d)
Start importing Assets/FPS/Art/Textures/VFX/ThickSmoke.png using Guid(aed838cea56e857469d0647f335cc3e6) Importer(2089858483,b0f066a214c2f5e87bad3c948f4d605d) (ScriptedImporter) -> (artifact id: '477e5beecebcea3fc7c3668e93307128') in 0.0498587 seconds
Number of updated asset objects reloaded before import = 0Number of asset objects unloaded after import = 1

========================================================================
Received Import Request.
  Time since last request: 0.000051 seconds.
  path: Assets/FPS/Art/Textures/VFX/ThickSmoke_N.png
  artifactKey: Guid(f1886104ab135304cbc19070c093982d) Importer(2089858483,b0f066a214c2f5e87bad3c948f4d605d)
Start importing Assets/FPS/Art/Textures/VFX/ThickSmoke_N.png using Guid(f1886104ab135304cbc19070c093982d) Importer(2089858483,b0f066a214c2f5e87bad3c948f4d605d) (ScriptedImporter) -> (artifact id: '8a8a103a33927e2b8dbd0b17e078acb2') in 0.0429053 seconds
Number of updated asset objects reloaded before import = 0Number of asset objects unloaded after import = 1

========================================================================
Received Import Request.
  Time since last request: 0.000089 seconds.
  path: Assets/FPS/Art/Textures/Weapons/Blaster_MetallicSmooth.png
  artifactKey: Guid(1e3afee8a77520246b5e9d25112044aa) Importer(2089858483,b0f066a214c2f5e87bad3c948f4d605d)
Start importing Assets/FPS/Art/Textures/Weapons/Blaster_MetallicSmooth.png using Guid(1e3afee8a77520246b5e9d25112044aa) Importer(2089858483,b0f066a214c2f5e87bad3c948f4d605d) (ScriptedImporter) -> (artifact id: '7f1044aef9e86c374ec0d63b1eef4f90') in 0.0415927 seconds
Number of updated asset objects reloaded before import = 0Number of asset objects unloaded after import = 1

========================================================================
Received Import Request.
  Time since last request: 0.000036 seconds.
  path: Assets/FPS/Art/Textures/Weapons/Launcher_Albedo.png
  artifactKey: Guid(ffc23e721e983934483ae18edc74a67b) Importer(2089858483,b0f066a214c2f5e87bad3c948f4d605d)
Start importing Assets/FPS/Art/Textures/Weapons/Launcher_Albedo.png using Guid(ffc23e721e983934483ae18edc74a67b) Importer(2089858483,b0f066a214c2f5e87bad3c948f4d605d) (ScriptedImporter) -> (artifact id: '901bff3e3f8c4ea298115304d9b9a9d0') in 0.0408643 seconds
Number of updated asset objects reloaded before import = 0Number of asset objects unloaded after import = 1

========================================================================
Received Import Request.
  Time since last request: 0.000030 seconds.
  path: Assets/FPS/Art/Textures/Weapons/Blaster_Emissive.png
  artifactKey: Guid(20b216283c466304b861dd810ff1afac) Importer(2089858483,b0f066a214c2f5e87bad3c948f4d605d)
Start importing Assets/FPS/Art/Textures/Weapons/Blaster_Emissive.png using Guid(20b216283c466304b861dd810ff1afac) Importer(2089858483,b0f066a214c2f5e87bad3c948f4d605d) (ScriptedImporter) -> (artifact id: 'effb2401aa52029630bf66f5c9c17eef') in 0.0351861 seconds
Number of updated asset objects reloaded before import = 0Number of asset objects unloaded after import = 1

========================================================================
Received Import Request.
  Time since last request: 0.000047 seconds.
  path: Assets/FPS/Art/Textures/VFX/Shadow.psd
  artifactKey: Guid(93a91d6f0b91aaa49aaf4b9a6b217147) Importer(2089858483,b0f066a214c2f5e87bad3c948f4d605d)
Start importing Assets/FPS/Art/Textures/VFX/Shadow.psd using Guid(93a91d6f0b91aaa49aaf4b9a6b217147) Importer(2089858483,b0f066a214c2f5e87bad3c948f4d605d) (ScriptedImporter) -> (artifact id: 'c5ff73e959aa03a516dd044cc4b14c9e') in 0.0295922 seconds
Number of updated asset objects reloaded before import = 0Number of asset objects unloaded after import = 1

========================================================================
Received Import Request.
  Time since last request: 0.000025 seconds.
  path: Assets/TextMesh Pro/Shaders/TMP_SDF-Mobile-2-Pass.shader
  artifactKey: Guid(0178fcb869bafef4690d177d31d17db8) Importer(2089858483,b0f066a214c2f5e87bad3c948f4d605d)
Start importing Assets/TextMesh Pro/Shaders/TMP_SDF-Mobile-2-Pass.shader using Guid(0178fcb869bafef4690d177d31d17db8) Importer(2089858483,b0f066a214c2f5e87bad3c948f4d605d) (ScriptedImporter) -> (artifact id: 'd3aa6fbe6fd3fcd8f92ddd554353a4b5') in 0.0254539 seconds
Number of updated asset objects reloaded before import = 0Number of asset objects unloaded after import = 1

========================================================================
Received Import Request.
  Time since last request: 0.000030 seconds.
  path: Assets/FPS/Art/Materials/VFX/HealthCube.mat
  artifactKey: Guid(a0798aa25b2a35247b262820a588a364) Importer(2089858483,b0f066a214c2f5e87bad3c948f4d605d)
Start importing Assets/FPS/Art/Materials/VFX/HealthCube.mat using Guid(a0798aa25b2a35247b262820a588a364) Importer(2089858483,b0f066a214c2f5e87bad3c948f4d605d) (ScriptedImporter) -> (artifact id: '4fc9961593807afa28aa50aa9cd8f8af') in 0.0394279 seconds
Number of updated asset objects reloaded before import = 0Number of asset objects unloaded after import = 2

========================================================================
Received Import Request.
  Time since last request: 0.000036 seconds.
  path: Assets/FPS/Prefabs/VFX/VFX_Angry.prefab
  artifactKey: Guid(201cf67a1fffda346bf368bb1008d260) Importer(2089858483,b0f066a214c2f5e87bad3c948f4d605d)
Start importing Assets/FPS/Prefabs/VFX/VFX_Angry.prefab using Guid(201cf67a1fffda346bf368bb1008d260) Importer(2089858483,b0f066a214c2f5e87bad3c948f4d605d) (ScriptedImporter) -> (artifact id: '817a2ca352eb908bbbab8789dcd4dbf4') in 0.0814612 seconds
Number of updated asset objects reloaded before import = 0Number of asset objects unloaded after import = 6

========================================================================
Received Import Request.
  Time since last request: 0.000046 seconds.
  path: Assets/FPS/Art/Textures/VFX/OverheatSmoke.png
  artifactKey: Guid(3657b32f3b24013429600b5a55276d7f) Importer(2089858483,b0f066a214c2f5e87bad3c948f4d605d)
Start importing Assets/FPS/Art/Textures/VFX/OverheatSmoke.png using Guid(3657b32f3b24013429600b5a55276d7f) Importer(2089858483,b0f066a214c2f5e87bad3c948f4d605d) (ScriptedImporter) -> (artifact id: '6bf08c79c4722d7b2820847ac4fbb1d4') in 0.0298472 seconds
Number of updated asset objects reloaded before import = 0Number of asset objects unloaded after import = 1

========================================================================
Received Import Request.
  Time since last request: 0.000028 seconds.
  path: Assets/FPS/Art/Materials/Level/Ramp_Blue_Transparent.mat
  artifactKey: Guid(5430ef02ed1d5de43bfd8fa2ffff44fe) Importer(2089858483,b0f066a214c2f5e87bad3c948f4d605d)
Start importing Assets/FPS/Art/Materials/Level/Ramp_Blue_Transparent.mat using Guid(5430ef02ed1d5de43bfd8fa2ffff44fe) Importer(2089858483,b0f066a214c2f5e87bad3c948f4d605d) (ScriptedImporter) -> (artifact id: 'e54318d624570ac0cd6c39b612d60d7d') in 0.0289046 seconds
Number of updated asset objects reloaded before import = 0Number of asset objects unloaded after import = 1

========================================================================
Received Import Request.
  Time since last request: 0.000027 seconds.
  path: Assets/Rendering/Default_PipelineAsset.asset
  artifactKey: Guid(6cbb334173594044d902c240207198f2) Importer(2089858483,b0f066a214c2f5e87bad3c948f4d605d)
Start importing Assets/Rendering/Default_PipelineAsset.asset using Guid(6cbb334173594044d902c240207198f2) Importer(2089858483,b0f066a214c2f5e87bad3c948f4d605d) (ScriptedImporter) -> (artifact id: 'e30d6b1568ad03bdc22492dbe0b6c30b') in 0.1117247 seconds
Number of updated asset objects reloaded before import = 0Number of asset objects unloaded after import = 1

========================================================================
Received Import Request.
  Time since last request: 0.000030 seconds.
  path: Assets/FPS/Tutorials/2_AddARoom/019-Select-NavMesh.asset
  artifactKey: Guid(77cdde24ac2e841e8b74f2789993afd5) Importer(2089858483,b0f066a214c2f5e87bad3c948f4d605d)
Start importing Assets/FPS/Tutorials/2_AddARoom/019-Select-NavMesh.asset using Guid(77cdde24ac2e841e8b74f2789993afd5) Importer(2089858483,b0f066a214c2f5e87bad3c948f4d605d) (ScriptedImporter) -> (artifact id: '7f017016ebcd1daf053046a90b7a6143') in 0.1147849 seconds
Number of updated asset objects reloaded before import = 0Number of asset objects unloaded after import = 744

========================================================================
Received Import Request.
  Time since last request: 0.000072 seconds.
  path: Assets/FPS/Art/Materials/VFX/DiskExplosionRange.mat
  artifactKey: Guid(4f2fb46f738b103429ec2625eeb40639) Importer(2089858483,b0f066a214c2f5e87bad3c948f4d605d)
Start importing Assets/FPS/Art/Materials/VFX/DiskExplosionRange.mat using Guid(4f2fb46f738b103429ec2625eeb40639) Importer(2089858483,b0f066a214c2f5e87bad3c948f4d605d) (ScriptedImporter) -> (artifact id: 'fd589667dee9172fbbd69f2cf5ecfee6') in 0.0295919 seconds
Number of updated asset objects reloaded before import = 0Number of asset objects unloaded after import = 2

========================================================================
Received Import Request.
  Time since last request: 0.000031 seconds.
  path: Assets/FPS/Art/Materials/VFX/FakeShadowBlob.mat
  artifactKey: Guid(700c8e4508ea3b34999c1917db3d4424) Importer(2089858483,b0f066a214c2f5e87bad3c948f4d605d)
Start importing Assets/FPS/Art/Materials/VFX/FakeShadowBlob.mat using Guid(700c8e4508ea3b34999c1917db3d4424) Importer(2089858483,b0f066a214c2f5e87bad3c948f4d605d) (ScriptedImporter) -> (artifact id: '04384fb6b712268fbee79a745e647070') in 0.0311648 seconds
Number of updated asset objects reloaded before import = 0Number of asset objects unloaded after import = 4

========================================================================
Received Import Request.
  Time since last request: 0.000036 seconds.
  path: Assets/FPS/Art/Textures/UI/HUD_Weapon02.png
  artifactKey: Guid(8cbb10368086f014a8b7fc8932e7f436) Importer(2089858483,b0f066a214c2f5e87bad3c948f4d605d)
Start importing Assets/FPS/Art/Textures/UI/HUD_Weapon02.png using Guid(8cbb10368086f014a8b7fc8932e7f436) Importer(2089858483,b0f066a214c2f5e87bad3c948f4d605d) (ScriptedImporter) -> (artifact id: '889637f85b1efbf6ccf6416c2d7abaf8') in 0.0345494 seconds
Number of updated asset objects reloaded before import = 0Number of asset objects unloaded after import = 3

========================================================================
Received Import Request.
  Time since last request: 0.000036 seconds.
  path: Assets/ModAssets/Materials/Custom Materials/Basic Blue.mat
  artifactKey: Guid(de7902ac5f1ca46b9894eae94bfe5e58) Importer(2089858483,b0f066a214c2f5e87bad3c948f4d605d)
Start importing Assets/ModAssets/Materials/Custom Materials/Basic Blue.mat using Guid(de7902ac5f1ca46b9894eae94bfe5e58) Importer(2089858483,b0f066a214c2f5e87bad3c948f4d605d) (ScriptedImporter) -> (artifact id: '729dde8ca73e60765f6f0c87ea52eb9d') in 0.0329127 seconds
Number of updated asset objects reloaded before import = 0Number of asset objects unloaded after import = 1

========================================================================
Received Import Request.
  Time since last request: 0.000041 seconds.
  path: Assets/FPS/Prefabs/RootObjects/OBJFloor_Indented.obj
  artifactKey: Guid(2307b738aa8971a44852d5e80de915ff) Importer(2089858483,b0f066a214c2f5e87bad3c948f4d605d)
Start importing Assets/FPS/Prefabs/RootObjects/OBJFloor_Indented.obj using Guid(2307b738aa8971a44852d5e80de915ff) Importer(2089858483,b0f066a214c2f5e87bad3c948f4d605d) (ScriptedImporter) -> (artifact id: '35c33abecddc2b6a5d099cf3324315cf') in 0.0529677 seconds
Number of updated asset objects reloaded before import = 0Number of asset objects unloaded after import = 10

========================================================================
Received Import Request.
  Time since last request: 0.000029 seconds.
  path: Assets/FPS/Art/Materials/TrailDeath.mat
  artifactKey: Guid(a74eef6270cec6b4c9dfed0e7aa93cf6) Importer(2089858483,b0f066a214c2f5e87bad3c948f4d605d)
Start importing Assets/FPS/Art/Materials/TrailDeath.mat using Guid(a74eef6270cec6b4c9dfed0e7aa93cf6) Importer(2089858483,b0f066a214c2f5e87bad3c948f4d605d) (ScriptedImporter) -> (artifact id: '1ec41ad5d4abd3b09a5d37f3119af95a') in 0.0243491 seconds
Number of updated asset objects reloaded before import = 0Number of asset objects unloaded after import = 1

========================================================================
Received Import Request.
  Time since last request: 0.000033 seconds.
  path: Assets/FPS/Scripts/Gameplay/PositionBobbing.cs
  artifactKey: Guid(326d796544c58f14a8048643e4c8badd) Importer(2089858483,b0f066a214c2f5e87bad3c948f4d605d)
Start importing Assets/FPS/Scripts/Gameplay/PositionBobbing.cs using Guid(326d796544c58f14a8048643e4c8badd) Importer(2089858483,b0f066a214c2f5e87bad3c948f4d605d) (ScriptedImporter) -> (artifact id: 'a25677658ffd9c1f7f43503af03b9951') in 0.0241661 seconds
Number of updated asset objects reloaded before import = 0Number of asset objects unloaded after import = 0

========================================================================
Received Import Request.
  Time since last request: 0.000042 seconds.
  path: Assets/TextMesh Pro/Shaders/TMP_Bitmap-Mobile.shader
  artifactKey: Guid(1e3b057af24249748ff873be7fafee47) Importer(2089858483,b0f066a214c2f5e87bad3c948f4d605d)
Start importing Assets/TextMesh Pro/Shaders/TMP_Bitmap-Mobile.shader using Guid(1e3b057af24249748ff873be7fafee47) Importer(2089858483,b0f066a214c2f5e87bad3c948f4d605d) (ScriptedImporter) -> (artifact id: '98d490239f5e9c529ffe2624f8090da5') in 0.0292502 seconds
Number of updated asset objects reloaded before import = 0Number of asset objects unloaded after import = 1

========================================================================
Received Import Request.
  Time since last request: 0.000028 seconds.
  path: Assets/FPS/Tutorials/7_WhatsNext/WhatsNext.asset
  artifactKey: Guid(c629112356890dd4fbc308be8994bca3) Importer(2089858483,b0f066a214c2f5e87bad3c948f4d605d)
Start importing Assets/FPS/Tutorials/7_WhatsNext/WhatsNext.asset using Guid(c629112356890dd4fbc308be8994bca3) Importer(2089858483,b0f066a214c2f5e87bad3c948f4d605d) (ScriptedImporter) -> (artifact id: '4ab7bf0b6af3048ad62971263cff905f') in 0.3885871 seconds
Number of updated asset objects reloaded before import = 0Number of asset objects unloaded after import = 864

========================================================================
Received Import Request.
  Time since last request: 0.000046 seconds.
  path: Assets/ModAssets/Fonts/BioRhymeExpanded-Regular SDF.asset
  artifactKey: Guid(2d0aaede2506c4ca0969c32576224028) Importer(2089858483,b0f066a214c2f5e87bad3c948f4d605d)
Start importing Assets/ModAssets/Fonts/BioRhymeExpanded-Regular SDF.asset using Guid(2d0aaede2506c4ca0969c32576224028) Importer(2089858483,b0f066a214c2f5e87bad3c948f4d605d) (ScriptedImporter) -> (artifact id: 'a2b83f1d695e5f2de551815cc0f9797a') in 0.0572524 seconds
Number of updated asset objects reloaded before import = 0Number of asset objects unloaded after import = 5

========================================================================
Received Import Request.
  Time since last request: 0.000051 seconds.
  path: Assets/FPS/Tutorials/2_AddARoom/13-Spawn-Room.asset
  artifactKey: Guid(f6daaf2178facf14f92f3e4447cc10fb) Importer(2089858483,b0f066a214c2f5e87bad3c948f4d605d)
Start importing Assets/FPS/Tutorials/2_AddARoom/13-Spawn-Room.asset using Guid(f6daaf2178facf14f92f3e4447cc10fb) Importer(2089858483,b0f066a214c2f5e87bad3c948f4d605d) (ScriptedImporter) -> (artifact id: '48325a8603e6255876735e5c3b699bfe') in 0.0576689 seconds
Number of updated asset objects reloaded before import = 0Number of asset objects unloaded after import = 517

========================================================================
Received Import Request.
  Time since last request: 0.000046 seconds.
  path: Assets/FPS/Art/Textures/UI/Stance_Crouch_Icon.png
  artifactKey: Guid(d9b0340e45d66d64199b8219686bb5c5) Importer(2089858483,b0f066a214c2f5e87bad3c948f4d605d)
Start importing Assets/FPS/Art/Textures/UI/Stance_Crouch_Icon.png using Guid(d9b0340e45d66d64199b8219686bb5c5) Importer(2089858483,b0f066a214c2f5e87bad3c948f4d605d) (ScriptedImporter) -> (artifact id: '8213e657ee4c23494bd9f800f01b9be7') in 0.0537873 seconds
Number of updated asset objects reloaded before import = 0Number of asset objects unloaded after import = 3

========================================================================
Received Import Request.
  Time since last request: 0.000044 seconds.
  path: Assets/FPS/Scripts/AI/EnemyMobile.cs
  artifactKey: Guid(1857b2df8de24b24190ce9e067d2e1e4) Importer(2089858483,b0f066a214c2f5e87bad3c948f4d605d)
Start importing Assets/FPS/Scripts/AI/EnemyMobile.cs using Guid(1857b2df8de24b24190ce9e067d2e1e4) Importer(2089858483,b0f066a214c2f5e87bad3c948f4d605d) (ScriptedImporter) -> (artifact id: 'c895136eef3684d683e66a3aa0217fb0') in 0.027496 seconds
Number of updated asset objects reloaded before import = 0Number of asset objects unloaded after import = 0

========================================================================
Received Import Request.
  Time since last request: 0.000050 seconds.
  path: Assets/FPS/Scripts/AI/DetectionModule.cs
  artifactKey: Guid(927ff0b4cb9a5dd4fb83c45166cffc50) Importer(2089858483,b0f066a214c2f5e87bad3c948f4d605d)
Start importing Assets/FPS/Scripts/AI/DetectionModule.cs using Guid(927ff0b4cb9a5dd4fb83c45166cffc50) Importer(2089858483,b0f066a214c2f5e87bad3c948f4d605d) (ScriptedImporter) -> (artifact id: '6cd62474cdd88549406b128eecbc2719') in 0.0241498 seconds
Number of updated asset objects reloaded before import = 0Number of asset objects unloaded after import = 0

========================================================================
Received Import Request.
  Time since last request: 0.000028 seconds.
  path: Assets/FPS/Art/Materials/Weapons/WeaponLauncher.mat
  artifactKey: Guid(22f11abeab840ed4c95b6e653f74f8ee) Importer(2089858483,b0f066a214c2f5e87bad3c948f4d605d)
Start importing Assets/FPS/Art/Materials/Weapons/WeaponLauncher.mat using Guid(22f11abeab840ed4c95b6e653f74f8ee) Importer(2089858483,b0f066a214c2f5e87bad3c948f4d605d) (ScriptedImporter) -> (artifact id: '7e4f59901524e9c9b8d11267a6bf94ec') in 0.0337613 seconds
Number of updated asset objects reloaded before import = 0Number of asset objects unloaded after import = 1

========================================================================
Received Import Request.
  Time since last request: 0.000042 seconds.
  path: Assets/FPS/Scripts/UI/ToggleGameObjectButton.cs
  artifactKey: Guid(8e892a77fbd0909468372b0f88c7c5d6) Importer(2089858483,b0f066a214c2f5e87bad3c948f4d605d)
Start importing Assets/FPS/Scripts/UI/ToggleGameObjectButton.cs using Guid(8e892a77fbd0909468372b0f88c7c5d6) Importer(2089858483,b0f066a214c2f5e87bad3c948f4d605d) (ScriptedImporter) -> (artifact id: '6db5436a84b848f2fa696dbbfcdba17d') in 0.025969 seconds
Number of updated asset objects reloaded before import = 0Number of asset objects unloaded after import = 0

========================================================================
Received Import Request.
  Time since last request: 0.000035 seconds.
  path: Assets/FPS/Scripts/Game/DebugUtility.cs
  artifactKey: Guid(47c7fd761b0457944805cf20ac23649d) Importer(2089858483,b0f066a214c2f5e87bad3c948f4d605d)
Start importing Assets/FPS/Scripts/Game/DebugUtility.cs using Guid(47c7fd761b0457944805cf20ac23649d) Importer(2089858483,b0f066a214c2f5e87bad3c948f4d605d) (ScriptedImporter) -> (artifact id: '86654db4a08b380e3647abca79b3413f') in 0.0260673 seconds
Number of updated asset objects reloaded before import = 0Number of asset objects unloaded after import = 0

========================================================================
Received Import Request.
  Time since last request: 0.000050 seconds.
  path: Assets/TextMesh Pro/Shaders/TMPro.cginc
  artifactKey: Guid(407bc68d299748449bbf7f48ee690f8d) Importer(2089858483,b0f066a214c2f5e87bad3c948f4d605d)
Start importing Assets/TextMesh Pro/Shaders/TMPro.cginc using Guid(407bc68d299748449bbf7f48ee690f8d) Importer(2089858483,b0f066a214c2f5e87bad3c948f4d605d) (ScriptedImporter) -> (artifact id: '73aa84f0ba281cb466531f1e04549456') in 0.0374253 seconds
Number of updated asset objects reloaded before import = 0Number of asset objects unloaded after import = 1

========================================================================
Received Import Request.
  Time since last request: 0.000029 seconds.
  path: Assets/TextMesh Pro/Shaders/TMP_SDF Overlay.shader
  artifactKey: Guid(dd89cf5b9246416f84610a006f916af7) Importer(2089858483,b0f066a214c2f5e87bad3c948f4d605d)
Start importing Assets/TextMesh Pro/Shaders/TMP_SDF Overlay.shader using Guid(dd89cf5b9246416f84610a006f916af7) Importer(2089858483,b0f066a214c2f5e87bad3c948f4d605d) (ScriptedImporter) -> (artifact id: 'cfb053bafe81fd45550e34c6d0edba82') in 0.0308936 seconds
Number of updated asset objects reloaded before import = 0Number of asset objects unloaded after import = 2

========================================================================
Received Import Request.
  Time since last request: 0.000030 seconds.
  path: Assets/ModAssets/Textures/billboard_2D_tall_mask.png
  artifactKey: Guid(bbe8d33a81a0549ce8ab1cee4aa7db2a) Importer(2089858483,b0f066a214c2f5e87bad3c948f4d605d)
Start importing Assets/ModAssets/Textures/billboard_2D_tall_mask.png using Guid(bbe8d33a81a0549ce8ab1cee4aa7db2a) Importer(2089858483,b0f066a214c2f5e87bad3c948f4d605d) (ScriptedImporter) -> (artifact id: '9937749a3071c961c8a0d78da2d0dcf6') in 0.0548107 seconds
Number of updated asset objects reloaded before import = 0Number of asset objects unloaded after import = 3

========================================================================
Received Import Request.
  Time since last request: 0.000039 seconds.
  path: Assets/NavMeshComponents/Editor/NavMeshComponentsEditor.asmdef
  artifactKey: Guid(5c7deb0338552a549a4a74d064f07701) Importer(2089858483,b0f066a214c2f5e87bad3c948f4d605d)
Start importing Assets/NavMeshComponents/Editor/NavMeshComponentsEditor.asmdef using Guid(5c7deb0338552a549a4a74d064f07701) Importer(2089858483,b0f066a214c2f5e87bad3c948f4d605d) (ScriptedImporter) -> (artifact id: '7312ff74ac5a067ba7aa800c6f81250e') in 0.04053 seconds
Number of updated asset objects reloaded before import = 0Number of asset objects unloaded after import = 1

========================================================================
Received Import Request.
  Time since last request: 0.000059 seconds.
  path: Assets/FPS/Prefabs/Weapons/Weapon_Shotgun.prefab
  artifactKey: Guid(31d97e822763d1f4cb769f7e3f7f7333) Importer(2089858483,b0f066a214c2f5e87bad3c948f4d605d)
Start importing Assets/FPS/Prefabs/Weapons/Weapon_Shotgun.prefab using Guid(31d97e822763d1f4cb769f7e3f7f7333) Importer(2089858483,b0f066a214c2f5e87bad3c948f4d605d) (ScriptedImporter) -> (artifact id: '3c54c1b4f65cef1b398c2528bd0049f0') in 0.0826166 seconds
Number of updated asset objects reloaded before import = 0Number of asset objects unloaded after import = 96

========================================================================
Received Import Request.
  Time since last request: 0.000064 seconds.
  path: Assets/FPS/Audio/SFX/Player/Damage_Tick.mp3
  artifactKey: Guid(25e8bbe95ad4f344abd4dd8d7c8636ab) Importer(2089858483,b0f066a214c2f5e87bad3c948f4d605d)
Start importing Assets/FPS/Audio/SFX/Player/Damage_Tick.mp3 using Guid(25e8bbe95ad4f344abd4dd8d7c8636ab) Importer(2089858483,b0f066a214c2f5e87bad3c948f4d605d) (ScriptedImporter) -> (artifact id: '22a2d156a0f0c8acc1bd465ec85bd411') in 0.1336023 seconds
Number of updated asset objects reloaded before import = 0Number of asset objects unloaded after import = 1

========================================================================
Received Import Request.
  Time since last request: 0.000037 seconds.
  path: Assets/FPS/Prefabs/Level/Floors/Floor_15x15.prefab
  artifactKey: Guid(a184f532e69857842a7a13b462a749d8) Importer(2089858483,b0f066a214c2f5e87bad3c948f4d605d)
Start importing Assets/FPS/Prefabs/Level/Floors/Floor_15x15.prefab using Guid(a184f532e69857842a7a13b462a749d8) Importer(2089858483,b0f066a214c2f5e87bad3c948f4d605d) (ScriptedImporter) -> (artifact id: 'c6897d5bfce1a51a45f379020278392a') in 0.0899392 seconds
Number of updated asset objects reloaded before import = 0Number of asset objects unloaded after import = 1640

========================================================================
Received Import Request.
  Time since last request: 0.000086 seconds.
  path: Assets/FPS/Audio/SFX/Player/Jetpack_Use.wav
  artifactKey: Guid(01a15bd1861d7914abbedc36aad1f4d6) Importer(2089858483,b0f066a214c2f5e87bad3c948f4d605d)
Start importing Assets/FPS/Audio/SFX/Player/Jetpack_Use.wav using Guid(01a15bd1861d7914abbedc36aad1f4d6) Importer(2089858483,b0f066a214c2f5e87bad3c948f4d605d) (ScriptedImporter) -> (artifact id: '7338bc6116ad521cab2f81b59484beb1') in 0.0775629 seconds
Number of updated asset objects reloaded before import = 0Number of asset objects unloaded after import = 1

========================================================================
Received Import Request.
  Time since last request: 0.000049 seconds.
  path: Assets/FPS/Prefabs/Level/Floors/Floor_Altar.prefab
  artifactKey: Guid(ff2889050d7d4414f98bf7a5cb0e54d7) Importer(2089858483,b0f066a214c2f5e87bad3c948f4d605d)
Start importing Assets/FPS/Prefabs/Level/Floors/Floor_Altar.prefab using Guid(ff2889050d7d4414f98bf7a5cb0e54d7) Importer(2089858483,b0f066a214c2f5e87bad3c948f4d605d) (ScriptedImporter) -> (artifact id: 'd84d17b56e92cccd5dff074d661e9162') in 0.0558702 seconds
Number of updated asset objects reloaded before import = 0Number of asset objects unloaded after import = 196

========================================================================
Received Import Request.
  Time since last request: 0.000042 seconds.
  path: Assets/FPS/Prefabs/Level/Dungeon/Dun_Hall.prefab
  artifactKey: Guid(fc17ef824b45b2d4f8067b22da77a8d5) Importer(2089858483,b0f066a214c2f5e87bad3c948f4d605d)
Start importing Assets/FPS/Prefabs/Level/Dungeon/Dun_Hall.prefab using Guid(fc17ef824b45b2d4f8067b22da77a8d5) Importer(2089858483,b0f066a214c2f5e87bad3c948f4d605d) (ScriptedImporter) -> (artifact id: 'c2adba8fd84ffb9d53e963439d9daf1a') in 0.0704736 seconds
Number of updated asset objects reloaded before import = 0Number of asset objects unloaded after import = 93

========================================================================
Received Import Request.
  Time since last request: 0.000050 seconds.
  path: Assets/FPS/Prefabs/Level/Floors/Basic_Floor.prefab
  artifactKey: Guid(2954f5c29859c9d448513c8bd60b3344) Importer(2089858483,b0f066a214c2f5e87bad3c948f4d605d)
Start importing Assets/FPS/Prefabs/Level/Floors/Basic_Floor.prefab using Guid(2954f5c29859c9d448513c8bd60b3344) Importer(2089858483,b0f066a214c2f5e87bad3c948f4d605d) (ScriptedImporter) -> (artifact id: '056a4afbb83da6e77dcd290732a17f6e') in 0.0791368 seconds
Number of updated asset objects reloaded before import = 0Number of asset objects unloaded after import = 10

========================================================================
Received Import Request.
  Time since last request: 0.000076 seconds.
  path: Assets/FPS/Audio/SFX/Weapons/Launcher_Explosion.wav
  artifactKey: Guid(cba089de3eef16d46baeda4077140a74) Importer(2089858483,b0f066a214c2f5e87bad3c948f4d605d)
Start importing Assets/FPS/Audio/SFX/Weapons/Launcher_Explosion.wav using Guid(cba089de3eef16d46baeda4077140a74) Importer(2089858483,b0f066a214c2f5e87bad3c948f4d605d) (ScriptedImporter) -> (artifact id: 'a0f5869ee7de1804ba34186547a3a2e4') in 0.125125 seconds
Number of updated asset objects reloaded before import = 0Number of asset objects unloaded after import = 1

========================================================================
Received Import Request.
  Time since last request: 0.000102 seconds.
  path: Assets/FPS/Art/Textures/Weapons/Launcher_AO.png
  artifactKey: Guid(c9276fd92e955a2429bff89c3cbf48e8) Importer(2089858483,b0f066a214c2f5e87bad3c948f4d605d)
Start importing Assets/FPS/Art/Textures/Weapons/Launcher_AO.png using Guid(c9276fd92e955a2429bff89c3cbf48e8) Importer(2089858483,b0f066a214c2f5e87bad3c948f4d605d) (ScriptedImporter) -> (artifact id: '7bde66e3ed30585bb7911148021573b8') in 0.0687024 seconds
Number of updated asset objects reloaded before import = 0Number of asset objects unloaded after import = 1

========================================================================
Received Import Request.
  Time since last request: 0.000053 seconds.
  path: Assets/FPS/Prefabs/Level/BaseObjects/Ramp_4m_Mesh.prefab
  artifactKey: Guid(f82ad03af081ae7449925e80f34dbe6c) Importer(2089858483,b0f066a214c2f5e87bad3c948f4d605d)
Start importing Assets/FPS/Prefabs/Level/BaseObjects/Ramp_4m_Mesh.prefab using Guid(f82ad03af081ae7449925e80f34dbe6c) Importer(2089858483,b0f066a214c2f5e87bad3c948f4d605d) (ScriptedImporter) -> (artifact id: '44e4c7c44e291f5f935bd2208d7dc3f2') in 0.0656257 seconds
Number of updated asset objects reloaded before import = 0Number of asset objects unloaded after import = 9

========================================================================
Received Import Request.
  Time since last request: 0.000058 seconds.
  path: Assets/FPS/Prefabs/Level/Signs/Sign_Basic_Floor.prefab
  artifactKey: Guid(509d754db50222f46b673c4778f267e4) Importer(2089858483,b0f066a214c2f5e87bad3c948f4d605d)
Start importing Assets/FPS/Prefabs/Level/Signs/Sign_Basic_Floor.prefab using Guid(509d754db50222f46b673c4778f267e4) Importer(2089858483,b0f066a214c2f5e87bad3c948f4d605d) (ScriptedImporter) -> (artifact id: '2f2241851db9a1ce317f11e741089c98') in 0.0371189 seconds
Number of updated asset objects reloaded before import = 0Number of asset objects unloaded after import = 10

========================================================================
Received Import Request.
  Time since last request: 0.000076 seconds.
  path: Assets/FPS/Prefabs/Level/Floors/Floor_HalfIndented.prefab
  artifactKey: Guid(f0b642223a6a4d549bb9882da04969c7) Importer(2089858483,b0f066a214c2f5e87bad3c948f4d605d)
Start importing Assets/FPS/Prefabs/Level/Floors/Floor_HalfIndented.prefab using Guid(f0b642223a6a4d549bb9882da04969c7) Importer(2089858483,b0f066a214c2f5e87bad3c948f4d605d) (ScriptedImporter) -> (artifact id: '77ab98d0dc0894bf954e4e0e2d03e85b') in 0.0673072 seconds
Number of updated asset objects reloaded before import = 0Number of asset objects unloaded after import = 10

========================================================================
Received Import Request.
  Time since last request: 0.000098 seconds.
  path: Assets/FPS/Audio/SFX/Weapons/Blaster_Shot.wav
  artifactKey: Guid(53d2238f4c4b2aa4f8e559c7af9e0126) Importer(2089858483,b0f066a214c2f5e87bad3c948f4d605d)
Start importing Assets/FPS/Audio/SFX/Weapons/Blaster_Shot.wav using Guid(53d2238f4c4b2aa4f8e559c7af9e0126) Importer(2089858483,b0f066a214c2f5e87bad3c948f4d605d) (ScriptedImporter) -> (artifact id: '35f439cb78469c8badcd50c76e904e7b') in 0.089233 seconds
Number of updated asset objects reloaded before import = 0Number of asset objects unloaded after import = 1

========================================================================
Received Import Request.
  Time since last request: 0.000041 seconds.
  path: Assets/FPS/Prefabs/Level/Stairwell/Stairwell_Large.prefab
  artifactKey: Guid(b99385add00dc1b41b58bf5cd9bafd5c) Importer(2089858483,b0f066a214c2f5e87bad3c948f4d605d)
Start importing Assets/FPS/Prefabs/Level/Stairwell/Stairwell_Large.prefab using Guid(b99385add00dc1b41b58bf5cd9bafd5c) Importer(2089858483,b0f066a214c2f5e87bad3c948f4d605d) (ScriptedImporter) -> (artifact id: '01568b00e2343c15a498156b72f263c9') in 0.0753157 seconds
Number of updated asset objects reloaded before import = 0Number of asset objects unloaded after import = 321

========================================================================
Received Import Request.
  Time since last request: 0.000098 seconds.
  path: Assets/FPS/Audio/SFX/UI/Notification_Snap.wav
  artifactKey: Guid(3f01be6994a0ab6448a945dbdd9b3cda) Importer(2089858483,b0f066a214c2f5e87bad3c948f4d605d)
Start importing Assets/FPS/Audio/SFX/UI/Notification_Snap.wav using Guid(3f01be6994a0ab6448a945dbdd9b3cda) Importer(2089858483,b0f066a214c2f5e87bad3c948f4d605d) (ScriptedImporter) -> (artifact id: 'f970b609e611a650dfbeebbc75b24770') in 0.1110203 seconds
Number of updated asset objects reloaded before import = 0Number of asset objects unloaded after import = 1

========================================================================
Received Import Request.
  Time since last request: 0.000050 seconds.
  path: Assets/FPS/Prefabs/Level/Steps/ShortSteps.prefab
  artifactKey: Guid(5a9e1fa835b74524d8b11a37a9900a64) Importer(2089858483,b0f066a214c2f5e87bad3c948f4d605d)
Start importing Assets/FPS/Prefabs/Level/Steps/ShortSteps.prefab using Guid(5a9e1fa835b74524d8b11a37a9900a64) Importer(2089858483,b0f066a214c2f5e87bad3c948f4d605d) (ScriptedImporter) -> (artifact id: 'fb9b3411f9dcb46fc2646c81aac26af7') in 0.0679705 seconds
Number of updated asset objects reloaded before import = 0Number of asset objects unloaded after import = 48

========================================================================
Received Import Request.
  Time since last request: 0.000067 seconds.
  path: Assets/FPS/Prefabs/Level/BaseObjects/_ReadMe_BaseObjects.txt
  artifactKey: Guid(976e6d34f891e38488eb8ed8a2290007) Importer(2089858483,b0f066a214c2f5e87bad3c948f4d605d)
Start importing Assets/FPS/Prefabs/Level/BaseObjects/_ReadMe_BaseObjects.txt using Guid(976e6d34f891e38488eb8ed8a2290007) Importer(2089858483,b0f066a214c2f5e87bad3c948f4d605d) (ScriptedImporter) -> (artifact id: '4a1ac34fc3b82459084322b1890be189') in 0.0786455 seconds
Number of updated asset objects reloaded before import = 0Number of asset objects unloaded after import = 1

========================================================================
Received Import Request.
  Time since last request: 0.000055 seconds.
  path: Assets/FPS/Prefabs/Level/Dungeon/Dun_Cross.prefab
  artifactKey: Guid(a154559da8c0da24b98c1eaa7649c853) Importer(2089858483,b0f066a214c2f5e87bad3c948f4d605d)
Start importing Assets/FPS/Prefabs/Level/Dungeon/Dun_Cross.prefab using Guid(a154559da8c0da24b98c1eaa7649c853) Importer(2089858483,b0f066a214c2f5e87bad3c948f4d605d) (ScriptedImporter) -> (artifact id: '795111ffb6b4af9bc14d316d524814d6') in 0.0661994 seconds
Number of updated asset objects reloaded before import = 0Number of asset objects unloaded after import = 357

========================================================================
Received Import Request.
  Time since last request: 0.000049 seconds.
  path: Assets/FPS/Prefabs/Level/Walls/Wall_Corner.prefab
  artifactKey: Guid(8a7b575196771b94e931b1a43820d2a5) Importer(2089858483,b0f066a214c2f5e87bad3c948f4d605d)
Start importing Assets/FPS/Prefabs/Level/Walls/Wall_Corner.prefab using Guid(8a7b575196771b94e931b1a43820d2a5) Importer(2089858483,b0f066a214c2f5e87bad3c948f4d605d) (ScriptedImporter) -> (artifact id: '6685d4fbfa7d12cb61b461207f30840b') in 0.0655768 seconds
Number of updated asset objects reloaded before import = 0Number of asset objects unloaded after import = 19

========================================================================
Received Import Request.
  Time since last request: 0.000051 seconds.
  path: Assets/FPS/Prefabs/Level/Crawl/Crawl_Ramp.prefab
  artifactKey: Guid(bf72addb49312404c8892098d8d911ad) Importer(2089858483,b0f066a214c2f5e87bad3c948f4d605d)
Start importing Assets/FPS/Prefabs/Level/Crawl/Crawl_Ramp.prefab using Guid(bf72addb49312404c8892098d8d911ad) Importer(2089858483,b0f066a214c2f5e87bad3c948f4d605d) (ScriptedImporter) -> (artifact id: '101a850f3fdcac46d56a037bf6f9a47c') in 0.0758082 seconds
Number of updated asset objects reloaded before import = 0Number of asset objects unloaded after import = 353

========================================================================
Received Import Request.
  Time since last request: 0.000082 seconds.
  path: Assets/FPS/Prefabs/Level/Floors/Floor_12x12.prefab
  artifactKey: Guid(9265be16246178c47aa95ef30f900b13) Importer(2089858483,b0f066a214c2f5e87bad3c948f4d605d)
Start importing Assets/FPS/Prefabs/Level/Floors/Floor_12x12.prefab using Guid(9265be16246178c47aa95ef30f900b13) Importer(2089858483,b0f066a214c2f5e87bad3c948f4d605d) (ScriptedImporter) -> (artifact id: '3be1f5a8849762df6698a6fdd6b7d5e6') in 0.150028 seconds
Number of updated asset objects reloaded before import = 0Number of asset objects unloaded after import = 1053

========================================================================
Received Import Request.
  Time since last request: 0.000058 seconds.
  path: Assets/FPS/Art/Textures/Weapons/Launcher_Emissive.png
  artifactKey: Guid(093ab6fec1e97ff4da24b451cb8a4d26) Importer(2089858483,b0f066a214c2f5e87bad3c948f4d605d)
Start importing Assets/FPS/Art/Textures/Weapons/Launcher_Emissive.png using Guid(093ab6fec1e97ff4da24b451cb8a4d26) Importer(2089858483,b0f066a214c2f5e87bad3c948f4d605d) (ScriptedImporter) -> (artifact id: '68b4bfa5eb83fcd8cfdbc6be744cb47d') in 0.044321 seconds
Number of updated asset objects reloaded before import = 0Number of asset objects unloaded after import = 1

========================================================================
Received Import Request.
  Time since last request: 0.000055 seconds.
  path: Assets/FPS/Prefabs/Level/Signs/Sign_Pyramid_Green.prefab
  artifactKey: Guid(bee7071e13881aa42803589be7b78c73) Importer(2089858483,b0f066a214c2f5e87bad3c948f4d605d)
Start importing Assets/FPS/Prefabs/Level/Signs/Sign_Pyramid_Green.prefab using Guid(bee7071e13881aa42803589be7b78c73) Importer(2089858483,b0f066a214c2f5e87bad3c948f4d605d) (ScriptedImporter) -> (artifact id: '3115ea877fbb5d580523144eccafb908') in 0.1858915 seconds
Number of updated asset objects reloaded before import = 0Number of asset objects unloaded after import = 8

========================================================================
Received Import Request.
  Time since last request: 1.004652 seconds.
  path: Assets/ModAssets/Textures/rainbowtexture.png
  artifactKey: Guid(1b6d33a625dab47a48c2b062e2ce39bc) Importer(2089858483,b0f066a214c2f5e87bad3c948f4d605d)
Start importing Assets/ModAssets/Textures/rainbowtexture.png using Guid(1b6d33a625dab47a48c2b062e2ce39bc) Importer(2089858483,b0f066a214c2f5e87bad3c948f4d605d) (ScriptedImporter) -> (artifact id: '91c921afe7948e2cbf279cf93ba41129') in 0.0433124 seconds
Number of updated asset objects reloaded before import = 0Number of asset objects unloaded after import = 1

========================================================================
Received Import Request.
  Time since last request: 0.000067 seconds.
  path: Assets/FPS/Prefabs/PBObjects/Ramps/PBRamp_8m.prefab
  artifactKey: Guid(f03291e8b6778d141b37da534b79e2b5) Importer(2089858483,b0f066a214c2f5e87bad3c948f4d605d)
Start importing Assets/FPS/Prefabs/PBObjects/Ramps/PBRamp_8m.prefab using Guid(f03291e8b6778d141b37da534b79e2b5) Importer(2089858483,b0f066a214c2f5e87bad3c948f4d605d) (ScriptedImporter) -> (artifact id: 'dd24c020612d69c0f029b2edb89d21b9') in 0.1056357 seconds
Number of updated asset objects reloaded before import = 0Number of asset objects unloaded after import = 9

========================================================================
Received Import Request.
  Time since last request: 0.000046 seconds.
  path: Assets/FPS/Prefabs/PBObjects/Floors/PBBasic_Floor.prefab
  artifactKey: Guid(355094681dd488e4bb13ff49bbcee919) Importer(2089858483,b0f066a214c2f5e87bad3c948f4d605d)
Start importing Assets/FPS/Prefabs/PBObjects/Floors/PBBasic_Floor.prefab using Guid(355094681dd488e4bb13ff49bbcee919) Importer(2089858483,b0f066a214c2f5e87bad3c948f4d605d) (ScriptedImporter) -> (artifact id: '321216a4b67d61248c77d2229313cb78') in 0.0574279 seconds
Number of updated asset objects reloaded before import = 0Number of asset objects unloaded after import = 28

========================================================================
Received Import Request.
  Time since last request: 0.000034 seconds.
  path: Assets/FPS/Prefabs/Level/Walls/Wall_DoorLarge.prefab
  artifactKey: Guid(91732847dbb8d924185dc7bf4516509c) Importer(2089858483,b0f066a214c2f5e87bad3c948f4d605d)
Start importing Assets/FPS/Prefabs/Level/Walls/Wall_DoorLarge.prefab using Guid(91732847dbb8d924185dc7bf4516509c) Importer(2089858483,b0f066a214c2f5e87bad3c948f4d605d) (ScriptedImporter) -> (artifact id: '9034c6677cb6f161019838c1a8e3426b') in 0.0536885 seconds
Number of updated asset objects reloaded before import = 0Number of asset objects unloaded after import = 10

========================================================================
Received Import Request.
  Time since last request: 0.000051 seconds.
  path: Assets/FPS/Prefabs/PBObjects/Walls/PBWall_Door.prefab
  artifactKey: Guid(b7c7b6c607e55b347bdb24a084808fb7) Importer(2089858483,b0f066a214c2f5e87bad3c948f4d605d)
Start importing Assets/FPS/Prefabs/PBObjects/Walls/PBWall_Door.prefab using Guid(b7c7b6c607e55b347bdb24a084808fb7) Importer(2089858483,b0f066a214c2f5e87bad3c948f4d605d) (ScriptedImporter) -> (artifact id: 'c0e8fb183815ea95abf23bb48e2dbe74') in 0.0778431 seconds
Number of updated asset objects reloaded before import = 0Number of asset objects unloaded after import = 11

========================================================================
Received Import Request.
  Time since last request: 0.000145 seconds.
  path: Assets/FPS/Prefabs/PBObjects/Walls/PBWall_DoorLarge.prefab
  artifactKey: Guid(e37874e73755d3a4bac708180c83c7eb) Importer(2089858483,b0f066a214c2f5e87bad3c948f4d605d)
Start importing Assets/FPS/Prefabs/PBObjects/Walls/PBWall_DoorLarge.prefab using Guid(e37874e73755d3a4bac708180c83c7eb) Importer(2089858483,b0f066a214c2f5e87bad3c948f4d605d) (ScriptedImporter) -> (artifact id: '222bff93f80c9d9be67aef967cd24845') in 0.0764781 seconds
Number of updated asset objects reloaded before import = 0Number of asset objects unloaded after import = 11

========================================================================
Received Import Request.
  Time since last request: 0.000041 seconds.
  path: Assets/FPS/Prefabs/PBObjects/Walls/PBWall_4m.prefab
  artifactKey: Guid(4e6a92c78485cca4397c4a26d4367682) Importer(2089858483,b0f066a214c2f5e87bad3c948f4d605d)
Start importing Assets/FPS/Prefabs/PBObjects/Walls/PBWall_4m.prefab using Guid(4e6a92c78485cca4397c4a26d4367682) Importer(2089858483,b0f066a214c2f5e87bad3c948f4d605d) (ScriptedImporter) -> (artifact id: 'aa9158cf256e0c1850dcd274d7e67340') in 0.0751238 seconds
Number of updated asset objects reloaded before import = 0Number of asset objects unloaded after import = 28

========================================================================
Received Import Request.
  Time since last request: 0.000064 seconds.
  path: Assets/FPS/Scripts/Game/Managers/ObjectiveManager.cs
  artifactKey: Guid(5174b5e414847cf4a9dca6e207326c8d) Importer(2089858483,b0f066a214c2f5e87bad3c948f4d605d)
Start importing Assets/FPS/Scripts/Game/Managers/ObjectiveManager.cs using Guid(5174b5e414847cf4a9dca6e207326c8d) Importer(2089858483,b0f066a214c2f5e87bad3c948f4d605d) (ScriptedImporter) -> (artifact id: 'c355a204529f373fad554967ac3b21ce') in 0.0341761 seconds
Number of updated asset objects reloaded before import = 0Number of asset objects unloaded after import = 0

========================================================================
Received Import Request.
  Time since last request: 0.000051 seconds.
  path: Assets/FPS/Scripts/Game/Shared/DamageArea.cs
  artifactKey: Guid(b0244d6b9e98532469c7be0732490a61) Importer(2089858483,b0f066a214c2f5e87bad3c948f4d605d)
Start importing Assets/FPS/Scripts/Game/Shared/DamageArea.cs using Guid(b0244d6b9e98532469c7be0732490a61) Importer(2089858483,b0f066a214c2f5e87bad3c948f4d605d) (ScriptedImporter) -> (artifact id: '7edf1880c061edcc58328248b9a0ecc3') in 0.0331345 seconds
Number of updated asset objects reloaded before import = 0Number of asset objects unloaded after import = 0

========================================================================
Received Import Request.
  Time since last request: 0.000054 seconds.
  path: Assets/FPS/Prefabs/PBObjects/Walls/PBWall_1m.prefab
  artifactKey: Guid(970ed67b83851bd40b1d0b57741b8ad1) Importer(2089858483,b0f066a214c2f5e87bad3c948f4d605d)
Start importing Assets/FPS/Prefabs/PBObjects/Walls/PBWall_1m.prefab using Guid(970ed67b83851bd40b1d0b57741b8ad1) Importer(2089858483,b0f066a214c2f5e87bad3c948f4d605d) (ScriptedImporter) -> (artifact id: '1fd8d7145235e8c394931c1fa7b1bd5a') in 0.0663677 seconds
Number of updated asset objects reloaded before import = 0Number of asset objects unloaded after import = 16

========================================================================
Received Import Request.
  Time since last request: 0.000038 seconds.
  path: Assets/FPS/Prefabs/Level/Walls/Wall_Window.prefab
  artifactKey: Guid(726c5e13e3c5f3144bf1cabe65f5a638) Importer(2089858483,b0f066a214c2f5e87bad3c948f4d605d)
Start importing Assets/FPS/Prefabs/Level/Walls/Wall_Window.prefab using Guid(726c5e13e3c5f3144bf1cabe65f5a638) Importer(2089858483,b0f066a214c2f5e87bad3c948f4d605d) (ScriptedImporter) -> (artifact id: '24f4bfcb16d4f11c7c285c2d1a38be26') in 0.0620759 seconds
Number of updated asset objects reloaded before import = 0Number of asset objects unloaded after import = 10

========================================================================
Received Import Request.
  Time since last request: 0.000049 seconds.
  path: Assets/FPS/Scripts/Game/Shared/ProjectileBase.cs
  artifactKey: Guid(1962d3d25050a4a44819b089007baf39) Importer(2089858483,b0f066a214c2f5e87bad3c948f4d605d)
Start importing Assets/FPS/Scripts/Game/Shared/ProjectileBase.cs using Guid(1962d3d25050a4a44819b089007baf39) Importer(2089858483,b0f066a214c2f5e87bad3c948f4d605d) (ScriptedImporter) -> (artifact id: '316d02c6c8f2cda497c7ddf6a880c785') in 0.0425143 seconds
Number of updated asset objects reloaded before import = 0Number of asset objects unloaded after import = 0

========================================================================
Received Import Request.
  Time since last request: 0.000030 seconds.
  path: Assets/FPS/Scripts/Gameplay/Objectives/ObjectiveKillEnemies.cs
  artifactKey: Guid(a3cff9918d8018a44989bf444e3232f3) Importer(2089858483,b0f066a214c2f5e87bad3c948f4d605d)
Start importing Assets/FPS/Scripts/Gameplay/Objectives/ObjectiveKillEnemies.cs using Guid(a3cff9918d8018a44989bf444e3232f3) Importer(2089858483,b0f066a214c2f5e87bad3c948f4d605d) (ScriptedImporter) -> (artifact id: 'f30e71f0f4cffee7dec5d4f41d584742') in 0.0367609 seconds
Number of updated asset objects reloaded before import = 0Number of asset objects unloaded after import = 0

========================================================================
Received Import Request.
  Time since last request: 0.000047 seconds.
  path: Assets/FPS/Scripts/Game/Shared/Health.cs
  artifactKey: Guid(e27364eefd6dd0341ba72a3bfc0d9727) Importer(2089858483,b0f066a214c2f5e87bad3c948f4d605d)
Start importing Assets/FPS/Scripts/Game/Shared/Health.cs using Guid(e27364eefd6dd0341ba72a3bfc0d9727) Importer(2089858483,b0f066a214c2f5e87bad3c948f4d605d) (ScriptedImporter) -> (artifact id: '71a37406fb511f0d5274d7babe0dd4db') in 0.0425954 seconds
Number of updated asset objects reloaded before import = 0Number of asset objects unloaded after import = 0

========================================================================
Received Import Request.
  Time since last request: 0.000060 seconds.
  path: Assets/FPS/Tutorials/6_BuildAndPublish/Criteria/Unity.Microgame.Tutorials.asmdef
  artifactKey: Guid(91426e0839faeb34d86ad8835bdfb743) Importer(2089858483,b0f066a214c2f5e87bad3c948f4d605d)
Start importing Assets/FPS/Tutorials/6_BuildAndPublish/Criteria/Unity.Microgame.Tutorials.asmdef using Guid(91426e0839faeb34d86ad8835bdfb743) Importer(2089858483,b0f066a214c2f5e87bad3c948f4d605d) (ScriptedImporter) -> (artifact id: '0c88b12ca7169341c5c171cc2af28b98') in 0.0541625 seconds
Number of updated asset objects reloaded before import = 0Number of asset objects unloaded after import = 1

========================================================================
Received Import Request.
  Time since last request: 0.000062 seconds.
  path: Assets/FPS/Tutorials/6_BuildAndPublish/Criteria/PublishCriteria.asset
  artifactKey: Guid(43f99256ccd065c47b41dc50b89eb706) Importer(2089858483,b0f066a214c2f5e87bad3c948f4d605d)
Start importing Assets/FPS/Tutorials/6_BuildAndPublish/Criteria/PublishCriteria.asset using Guid(43f99256ccd065c47b41dc50b89eb706) Importer(2089858483,b0f066a214c2f5e87bad3c948f4d605d) (ScriptedImporter) -> (artifact id: 'aa8892013765a0cf270edb3f76192e1d') in 0.0408084 seconds
Number of updated asset objects reloaded before import = 0Number of asset objects unloaded after import = 1

========================================================================
Received Import Request.
  Time since last request: 0.000044 seconds.
  path: Assets/FPS/Prefabs/Level/MainLvl/Section1/Observatory_Pit.prefab
  artifactKey: Guid(5af68970c2b97a343b406f11c91cc4fd) Importer(2089858483,b0f066a214c2f5e87bad3c948f4d605d)
Start importing Assets/FPS/Prefabs/Level/MainLvl/Section1/Observatory_Pit.prefab using Guid(5af68970c2b97a343b406f11c91cc4fd) Importer(2089858483,b0f066a214c2f5e87bad3c948f4d605d) (ScriptedImporter) -> (artifact id: '4d0c0c4176b48129bf86f61e83313eb9') in 0.1114931 seconds
Number of updated asset objects reloaded before import = 0Number of asset objects unloaded after import = 844

========================================================================
Received Import Request.
  Time since last request: 0.000087 seconds.
  path: Assets/FPS/Prefabs/Level/MainLvl/Section2/Floors_Entry.prefab
  artifactKey: Guid(bd9186550cf002443b7b6c64c4f7a0b2) Importer(2089858483,b0f066a214c2f5e87bad3c948f4d605d)
Start importing Assets/FPS/Prefabs/Level/MainLvl/Section2/Floors_Entry.prefab using Guid(bd9186550cf002443b7b6c64c4f7a0b2) Importer(2089858483,b0f066a214c2f5e87bad3c948f4d605d) (ScriptedImporter) -> (artifact id: 'f1798c445770362176568d819d1320b9') in 0.1323658 seconds
Number of updated asset objects reloaded before import = 0Number of asset objects unloaded after import = 285

========================================================================
Received Import Request.
  Time since last request: 0.000054 seconds.
  path: Assets/FPS/Prefabs/Level/MainLvl/Section2/Entryway_Jumps.prefab
  artifactKey: Guid(b4b6ce0a68f3cd94fac6085cd3351fc5) Importer(2089858483,b0f066a214c2f5e87bad3c948f4d605d)
Start importing Assets/FPS/Prefabs/Level/MainLvl/Section2/Entryway_Jumps.prefab using Guid(b4b6ce0a68f3cd94fac6085cd3351fc5) Importer(2089858483,b0f066a214c2f5e87bad3c948f4d605d) (ScriptedImporter) -> (artifact id: 'd3c9b9a1078689db59875c4a0fa50c24') in 0.0607108 seconds
Number of updated asset objects reloaded before import = 0Number of asset objects unloaded after import = 154

========================================================================
Received Import Request.
  Time since last request: 0.000065 seconds.
  path: Assets/FPS/Prefabs/Level/MainLvl/Section3/Balcony_Ghost.prefab
  artifactKey: Guid(cf4f58d399eadd24aaa1ea13fcf967b8) Importer(2089858483,b0f066a214c2f5e87bad3c948f4d605d)
Start importing Assets/FPS/Prefabs/Level/MainLvl/Section3/Balcony_Ghost.prefab using Guid(cf4f58d399eadd24aaa1ea13fcf967b8) Importer(2089858483,b0f066a214c2f5e87bad3c948f4d605d) (ScriptedImporter) -> (artifact id: '42bc7ba97ea3ceda651d3839c6dbbb26') in 0.0692047 seconds
Number of updated asset objects reloaded before import = 0Number of asset objects unloaded after import = 238

========================================================================
Received Import Request.
  Time since last request: 0.000044 seconds.
  path: Assets/FPS/Prefabs/Level/MainLvl/Section3/Base_Floor.prefab
  artifactKey: Guid(bc3389451d2e87348833196bc5921074) Importer(2089858483,b0f066a214c2f5e87bad3c948f4d605d)
Start importing Assets/FPS/Prefabs/Level/MainLvl/Section3/Base_Floor.prefab using Guid(bc3389451d2e87348833196bc5921074) Importer(2089858483,b0f066a214c2f5e87bad3c948f4d605d) (ScriptedImporter) -> (artifact id: 'ccf3e8944a90a886a4c1d79536b8b2a7') in 0.1070197 seconds
Number of updated asset objects reloaded before import = 0Number of asset objects unloaded after import = 1665

========================================================================
Received Import Request.
  Time since last request: 0.000057 seconds.
  path: Assets/FPS/Prefabs/Level/MainLvl/Section2/Walls_Entry.prefab
  artifactKey: Guid(a33d95ac04c59de42a7a880bd53d42d8) Importer(2089858483,b0f066a214c2f5e87bad3c948f4d605d)
Start importing Assets/FPS/Prefabs/Level/MainLvl/Section2/Walls_Entry.prefab using Guid(a33d95ac04c59de42a7a880bd53d42d8) Importer(2089858483,b0f066a214c2f5e87bad3c948f4d605d) (ScriptedImporter) -> (artifact id: 'd6089d2e8d86dc7d1b74361042b48898') in 0.0739854 seconds
Number of updated asset objects reloaded before import = 0Number of asset objects unloaded after import = 356

========================================================================
Received Import Request.
  Time since last request: 0.000068 seconds.
  path: Assets/FPS/Prefabs/Level/MainLvl/Section3/Open_Ceiling.prefab
  artifactKey: Guid(c0ceff72c62fad8459244ab9aa143285) Importer(2089858483,b0f066a214c2f5e87bad3c948f4d605d)
Start importing Assets/FPS/Prefabs/Level/MainLvl/Section3/Open_Ceiling.prefab using Guid(c0ceff72c62fad8459244ab9aa143285) Importer(2089858483,b0f066a214c2f5e87bad3c948f4d605d) (ScriptedImporter) -> (artifact id: '0f14bb7b410e5d995eac4599841d6cdb') in 0.1149027 seconds
Number of updated asset objects reloaded before import = 0Number of asset objects unloaded after import = 1456

========================================================================
Received Import Request.
  Time since last request: 0.000071 seconds.
  path: Assets/FPS/Prefabs/PBObjects/Walls/PBWall_Window.prefab
  artifactKey: Guid(1f81e25ff05c9e043bba6b808c8a25ab) Importer(2089858483,b0f066a214c2f5e87bad3c948f4d605d)
Start importing Assets/FPS/Prefabs/PBObjects/Walls/PBWall_Window.prefab using Guid(1f81e25ff05c9e043bba6b808c8a25ab) Importer(2089858483,b0f066a214c2f5e87bad3c948f4d605d) (ScriptedImporter) -> (artifact id: '87c41da956dd5a1583031d8cb86b1ece') in 0.0802189 seconds
Number of updated asset objects reloaded before import = 0Number of asset objects unloaded after import = 11

========================================================================
Received Import Request.
  Time since last request: 0.000076 seconds.
  path: Assets/FPS/Scripts/UI/PlayerHealthBar.cs
  artifactKey: Guid(ef607aeb00cc1214ab7aa1f86a984abf) Importer(2089858483,b0f066a214c2f5e87bad3c948f4d605d)
Start importing Assets/FPS/Scripts/UI/PlayerHealthBar.cs using Guid(ef607aeb00cc1214ab7aa1f86a984abf) Importer(2089858483,b0f066a214c2f5e87bad3c948f4d605d) (ScriptedImporter) -> (artifact id: '07a676f869499f82e115160d79cfb51a') in 0.0324387 seconds
Number of updated asset objects reloaded before import = 0Number of asset objects unloaded after import = 0

========================================================================
Received Import Request.
  Time since last request: 0.000030 seconds.
  path: Assets/FPS/Prefabs/Level/MainLvl/Section2/Steps.prefab
  artifactKey: Guid(07eb2806dae146240b327bbd547410b9) Importer(2089858483,b0f066a214c2f5e87bad3c948f4d605d)
Start importing Assets/FPS/Prefabs/Level/MainLvl/Section2/Steps.prefab using Guid(07eb2806dae146240b327bbd547410b9) Importer(2089858483,b0f066a214c2f5e87bad3c948f4d605d) (ScriptedImporter) -> (artifact id: '4e871b813ccab2ea447c0351ae7f83b4') in 0.0780389 seconds
Number of updated asset objects reloaded before import = 0Number of asset objects unloaded after import = 557

========================================================================
Received Import Request.
  Time since last request: 0.000055 seconds.
  path: Assets/FPS/Scripts/UI/CrosshairManager.cs
  artifactKey: Guid(d45ca35e6c74bd74fb22336cb0d508db) Importer(2089858483,b0f066a214c2f5e87bad3c948f4d605d)
Start importing Assets/FPS/Scripts/UI/CrosshairManager.cs using Guid(d45ca35e6c74bd74fb22336cb0d508db) Importer(2089858483,b0f066a214c2f5e87bad3c948f4d605d) (ScriptedImporter) -> (artifact id: '837bf77ccc91d70a615dc266eec209d9') in 0.0324632 seconds
Number of updated asset objects reloaded before import = 0Number of asset objects unloaded after import = 0

========================================================================
Received Import Request.
  Time since last request: 0.000058 seconds.
  path: Assets/TextMesh Pro/Resources/TMP Settings.asset
  artifactKey: Guid(3f5b5dff67a942289a9defa416b206f3) Importer(2089858483,b0f066a214c2f5e87bad3c948f4d605d)
Start importing Assets/TextMesh Pro/Resources/TMP Settings.asset using Guid(3f5b5dff67a942289a9defa416b206f3) Importer(2089858483,b0f066a214c2f5e87bad3c948f4d605d) (ScriptedImporter) -> (artifact id: 'b3dcc4a6b11981635c335457604e938d') in 0.0936473 seconds
Number of updated asset objects reloaded before import = 0Number of asset objects unloaded after import = 16

========================================================================
Received Import Request.
  Time since last request: 0.000034 seconds.
  path: Assets/FPS/Prefabs/Level/Dungeon/Dun_BigDoor.prefab
  artifactKey: Guid(7bb3ef68f11ffa04fac728ad3fdaccc7) Importer(2089858483,b0f066a214c2f5e87bad3c948f4d605d)
Start importing Assets/FPS/Prefabs/Level/Dungeon/Dun_BigDoor.prefab using Guid(7bb3ef68f11ffa04fac728ad3fdaccc7) Importer(2089858483,b0f066a214c2f5e87bad3c948f4d605d) (ScriptedImporter) -> (artifact id: '55162c200fc82667ab54e7064848f7ef') in 0.0599095 seconds
Number of updated asset objects reloaded before import = 0Number of asset objects unloaded after import = 10

========================================================================
Received Import Request.
  Time since last request: 0.000065 seconds.
  path: Assets/FPS/Audio/SFX/Enemies/Hoverbot_Movement.wav
  artifactKey: Guid(44c5f76f80602024e82d3e5f3af4ee97) Importer(2089858483,b0f066a214c2f5e87bad3c948f4d605d)
Start importing Assets/FPS/Audio/SFX/Enemies/Hoverbot_Movement.wav using Guid(44c5f76f80602024e82d3e5f3af4ee97) Importer(2089858483,b0f066a214c2f5e87bad3c948f4d605d) (ScriptedImporter) -> (artifact id: '76e6c148efdc61fde14158224b21aee7') in 0.3439578 seconds
Number of updated asset objects reloaded before import = 0Number of asset objects unloaded after import = 1

========================================================================
Received Import Request.
  Time since last request: 0.000061 seconds.
  path: Assets/FPS/Audio/SFX/Weapons/Launcher_Charge_Loop.wav
  artifactKey: Guid(b78fcf1f89aacdb468ce983629886f2d) Importer(2089858483,b0f066a214c2f5e87bad3c948f4d605d)
Start importing Assets/FPS/Audio/SFX/Weapons/Launcher_Charge_Loop.wav using Guid(b78fcf1f89aacdb468ce983629886f2d) Importer(2089858483,b0f066a214c2f5e87bad3c948f4d605d) (ScriptedImporter) -> (artifact id: '685914e403ad384b70cdab109239a1ef') in 0.100926 seconds
Number of updated asset objects reloaded before import = 0Number of asset objects unloaded after import = 1

========================================================================
Received Import Request.
  Time since last request: 0.000060 seconds.
  path: Assets/FPS/Prefabs/Level/Dungeon/Dun_Hall_T.prefab
  artifactKey: Guid(57c214aeb2595e94c91dddb4ab355cc2) Importer(2089858483,b0f066a214c2f5e87bad3c948f4d605d)
Start importing Assets/FPS/Prefabs/Level/Dungeon/Dun_Hall_T.prefab using Guid(57c214aeb2595e94c91dddb4ab355cc2) Importer(2089858483,b0f066a214c2f5e87bad3c948f4d605d) (ScriptedImporter) -> (artifact id: '950275b35a9b4d344c6a76577678468c') in 0.0693114 seconds
Number of updated asset objects reloaded before import = 0Number of asset objects unloaded after import = 317

========================================================================
Received Import Request.
  Time since last request: 0.000093 seconds.
  path: Assets/FPS/Prefabs/Level/Floors/Floor_Indented.prefab
  artifactKey: Guid(abcb588193ebfd042bff8971a9702e8b) Importer(2089858483,b0f066a214c2f5e87bad3c948f4d605d)
Start importing Assets/FPS/Prefabs/Level/Floors/Floor_Indented.prefab using Guid(abcb588193ebfd042bff8971a9702e8b) Importer(2089858483,b0f066a214c2f5e87bad3c948f4d605d) (ScriptedImporter) -> (artifact id: '2166e92ada9a3f393423e661e9027929') in 0.0654788 seconds
Number of updated asset objects reloaded before import = 0Number of asset objects unloaded after import = 10

========================================================================
Received Import Request.
  Time since last request: 0.000047 seconds.
  path: Assets/FPS/Audio/SFX/Player/Jump.wav
  artifactKey: Guid(13b59a14d34add64d84a623867546ff1) Importer(2089858483,b0f066a214c2f5e87bad3c948f4d605d)
Start importing Assets/FPS/Audio/SFX/Player/Jump.wav using Guid(13b59a14d34add64d84a623867546ff1) Importer(2089858483,b0f066a214c2f5e87bad3c948f4d605d) (ScriptedImporter) -> (artifact id: 'aa5c8fb33f29bb5981df2f62436e127b') in 0.0975527 seconds
Number of updated asset objects reloaded before import = 0Number of asset objects unloaded after import = 1

========================================================================
Received Import Request.
  Time since last request: 0.000056 seconds.
  path: Assets/FPS/Prefabs/Level/Ramps/Ramp_8m.prefab
  artifactKey: Guid(5c72ddea2f895514baf15cd7a04249d4) Importer(2089858483,b0f066a214c2f5e87bad3c948f4d605d)
Start importing Assets/FPS/Prefabs/Level/Ramps/Ramp_8m.prefab using Guid(5c72ddea2f895514baf15cd7a04249d4) Importer(2089858483,b0f066a214c2f5e87bad3c948f4d605d) (ScriptedImporter) -> (artifact id: '5353b1400f50bd8582cead181f096005') in 0.074935 seconds
Number of updated asset objects reloaded before import = 0Number of asset objects unloaded after import = 10

========================================================================
Received Import Request.
  Time since last request: 0.000096 seconds.
  path: Assets/FPS/Prefabs/Level/Ramps/Ramp_4m.prefab
  artifactKey: Guid(f70093c75e32a264898e984f4ba60c5a) Importer(2089858483,b0f066a214c2f5e87bad3c948f4d605d)
Start importing Assets/FPS/Prefabs/Level/Ramps/Ramp_4m.prefab using Guid(f70093c75e32a264898e984f4ba60c5a) Importer(2089858483,b0f066a214c2f5e87bad3c948f4d605d) (ScriptedImporter) -> (artifact id: '85571c865cdc6f02726e14676d0a0590') in 0.0723318 seconds
Number of updated asset objects reloaded before import = 0Number of asset objects unloaded after import = 10

========================================================================
Received Import Request.
  Time since last request: 0.000050 seconds.
  path: Assets/FPS/Prefabs/Level/Rooms/Room_Small_Y.prefab
  artifactKey: Guid(5c1f92430588e114db439f8f71ad58e5) Importer(2089858483,b0f066a214c2f5e87bad3c948f4d605d)
Start importing Assets/FPS/Prefabs/Level/Rooms/Room_Small_Y.prefab using Guid(5c1f92430588e114db439f8f71ad58e5) Importer(2089858483,b0f066a214c2f5e87bad3c948f4d605d) (ScriptedImporter) -> (artifact id: '621d3c62ca8ae28ad84b16c991325c14') in 0.1197392 seconds
Number of updated asset objects reloaded before import = 0Number of asset objects unloaded after import = 410

========================================================================
Received Import Request.
  Time since last request: 0.000081 seconds.
  path: Assets/FPS/Prefabs/Level/Dungeon/Dun_Fork.prefab
  artifactKey: Guid(0a5a49e8197f8d34e90e825e26c9ecb2) Importer(2089858483,b0f066a214c2f5e87bad3c948f4d605d)
Start importing Assets/FPS/Prefabs/Level/Dungeon/Dun_Fork.prefab using Guid(0a5a49e8197f8d34e90e825e26c9ecb2) Importer(2089858483,b0f066a214c2f5e87bad3c948f4d605d) (ScriptedImporter) -> (artifact id: 'fbbc1810a958961172ed847931d21e75') in 0.0752209 seconds
Number of updated asset objects reloaded before import = 0Number of asset objects unloaded after import = 499

========================================================================
Received Import Request.
  Time since last request: 0.000053 seconds.
  path: Assets/FPS/Prefabs/Level/BaseObjects/Ramp_8m_Mesh.prefab
  artifactKey: Guid(01e098456aadb2c4480a8c5b62925e15) Importer(2089858483,b0f066a214c2f5e87bad3c948f4d605d)
Start importing Assets/FPS/Prefabs/Level/BaseObjects/Ramp_8m_Mesh.prefab using Guid(01e098456aadb2c4480a8c5b62925e15) Importer(2089858483,b0f066a214c2f5e87bad3c948f4d605d) (ScriptedImporter) -> (artifact id: '3123062293b83f37ed5a92018d7a0428') in 0.0717191 seconds
Number of updated asset objects reloaded before import = 0Number of asset objects unloaded after import = 9

========================================================================
Received Import Request.
  Time since last request: 0.000095 seconds.
  path: Assets/FPS/Prefabs/Level/Steps/HighStep.prefab
  artifactKey: Guid(e3a6816b03ceb084b837f8669a888407) Importer(2089858483,b0f066a214c2f5e87bad3c948f4d605d)
Start importing Assets/FPS/Prefabs/Level/Steps/HighStep.prefab using Guid(e3a6816b03ceb084b837f8669a888407) Importer(2089858483,b0f066a214c2f5e87bad3c948f4d605d) (ScriptedImporter) -> (artifact id: 'b48fbaa806391420e5cd8ecf546db141') in 0.0352312 seconds
Number of updated asset objects reloaded before import = 0Number of asset objects unloaded after import = 41

========================================================================
Received Import Request.
  Time since last request: 0.000070 seconds.
  path: Assets/FPS/Audio/SFX/Enemies/Hoverbot_Death.wav
  artifactKey: Guid(0a338d82d61863d4aa095317ca6ce19e) Importer(2089858483,b0f066a214c2f5e87bad3c948f4d605d)
Start importing Assets/FPS/Audio/SFX/Enemies/Hoverbot_Death.wav using Guid(0a338d82d61863d4aa095317ca6ce19e) Importer(2089858483,b0f066a214c2f5e87bad3c948f4d605d) (ScriptedImporter) -> (artifact id: '76221ea311792de8e80231ac486d3de5') in 0.1832342 seconds
Number of updated asset objects reloaded before import = 0Number of asset objects unloaded after import = 1

========================================================================
Received Import Request.
  Time since last request: 0.000040 seconds.
  path: Assets/FPS/Prefabs/Level/Dungeon/Dun_Tower_Open.prefab
  artifactKey: Guid(1d5f7af86369d6d49be1dc50227c3be5) Importer(2089858483,b0f066a214c2f5e87bad3c948f4d605d)
Start importing Assets/FPS/Prefabs/Level/Dungeon/Dun_Tower_Open.prefab using Guid(1d5f7af86369d6d49be1dc50227c3be5) Importer(2089858483,b0f066a214c2f5e87bad3c948f4d605d) (ScriptedImporter) -> (artifact id: '8a60b2243e67d3996dc54398d1d25983') in 0.0771741 seconds
Number of updated asset objects reloaded before import = 0Number of asset objects unloaded after import = 182

========================================================================
Received Import Request.
  Time since last request: 0.000075 seconds.
  path: Assets/FPS/Audio/SFX/Enemies/Hoverbot_Alert.wav
  artifactKey: Guid(25722734eeccba042a18e26e376ca542) Importer(2089858483,b0f066a214c2f5e87bad3c948f4d605d)
Start importing Assets/FPS/Audio/SFX/Enemies/Hoverbot_Alert.wav using Guid(25722734eeccba042a18e26e376ca542) Importer(2089858483,b0f066a214c2f5e87bad3c948f4d605d) (ScriptedImporter) -> (artifact id: '8d52f6159caebf490a0baed93d4ab6aa') in 0.1130287 seconds
Number of updated asset objects reloaded before import = 0Number of asset objects unloaded after import = 1

========================================================================
Received Import Request.
  Time since last request: 0.000051 seconds.
  path: Assets/FPS/Audio/SFX/Pickups/Pickup_Weapon_Small.wav
  artifactKey: Guid(7b83d61917ac1224f942a0609b1221f2) Importer(2089858483,b0f066a214c2f5e87bad3c948f4d605d)
Start importing Assets/FPS/Audio/SFX/Pickups/Pickup_Weapon_Small.wav using Guid(7b83d61917ac1224f942a0609b1221f2) Importer(2089858483,b0f066a214c2f5e87bad3c948f4d605d) (ScriptedImporter) -> (artifact id: 'a772b698236bbb388e354dd39d8b951b') in 0.110642 seconds
Number of updated asset objects reloaded before import = 0Number of asset objects unloaded after import = 1

========================================================================
Received Import Request.
  Time since last request: 0.000061 seconds.
  path: Assets/FPS/Prefabs/Level/Walls/Wall_Door.prefab
  artifactKey: Guid(6a26c84054df0e641b1d0f7c96d366e4) Importer(2089858483,b0f066a214c2f5e87bad3c948f4d605d)
Start importing Assets/FPS/Prefabs/Level/Walls/Wall_Door.prefab using Guid(6a26c84054df0e641b1d0f7c96d366e4) Importer(2089858483,b0f066a214c2f5e87bad3c948f4d605d) (ScriptedImporter) -> (artifact id: 'a58e6178fdd97cfc3db44e226fdbf81d') in 0.0614426 seconds
Number of updated asset objects reloaded before import = 0Number of asset objects unloaded after import = 10

========================================================================
Received Import Request.
  Time since last request: 0.000036 seconds.
  path: Assets/FPS/Prefabs/Level/BaseObjects/Wall_DoorLarge_Mesh.prefab
  artifactKey: Guid(7673a77408601704487f600510222da0) Importer(2089858483,b0f066a214c2f5e87bad3c948f4d605d)
Start importing Assets/FPS/Prefabs/Level/BaseObjects/Wall_DoorLarge_Mesh.prefab using Guid(7673a77408601704487f600510222da0) Importer(2089858483,b0f066a214c2f5e87bad3c948f4d605d) (ScriptedImporter) -> (artifact id: '55b2e53f2af6ab2df2e3142de7f9def7') in 0.0942027 seconds
Number of updated asset objects reloaded before import = 0Number of asset objects unloaded after import = 9

========================================================================
Received Import Request.
  Time since last request: 0.000045 seconds.
  path: Assets/FPS/Prefabs/Level/Rooms/Room_Small_T.prefab
  artifactKey: Guid(75bc57e6a3cbdf24fabc12b67cc778e6) Importer(2089858483,b0f066a214c2f5e87bad3c948f4d605d)
Start importing Assets/FPS/Prefabs/Level/Rooms/Room_Small_T.prefab using Guid(75bc57e6a3cbdf24fabc12b67cc778e6) Importer(2089858483,b0f066a214c2f5e87bad3c948f4d605d) (ScriptedImporter) -> (artifact id: '14be11d80934fdc6c25d955e9fa3ce3e') in 0.0843335 seconds
Number of updated asset objects reloaded before import = 0Number of asset objects unloaded after import = 410

========================================================================
Received Import Request.
  Time since last request: 0.000073 seconds.
  path: Assets/FPS/Audio/SFX/UI/Notification_Chime.wav
  artifactKey: Guid(179db782f1044bc48b9dff5d487c4bef) Importer(2089858483,b0f066a214c2f5e87bad3c948f4d605d)
Start importing Assets/FPS/Audio/SFX/UI/Notification_Chime.wav using Guid(179db782f1044bc48b9dff5d487c4bef) Importer(2089858483,b0f066a214c2f5e87bad3c948f4d605d) (ScriptedImporter) -> (artifact id: '7c89af4cd297382840dcc78799367f33') in 0.1057814 seconds
Number of updated asset objects reloaded before import = 0Number of asset objects unloaded after import = 1

========================================================================
Received Import Request.
  Time since last request: 0.000050 seconds.
  path: Assets/FPS/Audio/SFX/Pickups/Pickup_Weapon_Medium.wav
  artifactKey: Guid(6f3e0904bbbace745bdef08cdbcdfec0) Importer(2089858483,b0f066a214c2f5e87bad3c948f4d605d)
Start importing Assets/FPS/Audio/SFX/Pickups/Pickup_Weapon_Medium.wav using Guid(6f3e0904bbbace745bdef08cdbcdfec0) Importer(2089858483,b0f066a214c2f5e87bad3c948f4d605d) (ScriptedImporter) -> (artifact id: '2a79c6c020aabf549ed188a206c919a0') in 0.1096085 seconds
Number of updated asset objects reloaded before import = 0Number of asset objects unloaded after import = 1

========================================================================
Received Import Request.
  Time since last request: 0.000059 seconds.
  path: Assets/FPS/Prefabs/Level/BaseObjects/Ramp_3m_Mesh.prefab
  artifactKey: Guid(e2b37056c9c4c0b4c808ca97af52c753) Importer(2089858483,b0f066a214c2f5e87bad3c948f4d605d)
Start importing Assets/FPS/Prefabs/Level/BaseObjects/Ramp_3m_Mesh.prefab using Guid(e2b37056c9c4c0b4c808ca97af52c753) Importer(2089858483,b0f066a214c2f5e87bad3c948f4d605d) (ScriptedImporter) -> (artifact id: '89551d461f6cba76d8272981eab3cdfa') in 0.0706222 seconds
Number of updated asset objects reloaded before import = 0Number of asset objects unloaded after import = 9

========================================================================
Received Import Request.
  Time since last request: 0.000065 seconds.
  path: Assets/FPS/Prefabs/Level/Dungeon/Dun_Wall_Open.prefab
  artifactKey: Guid(1e4bd8ac328e4bb4fbbee62ca0f24a98) Importer(2089858483,b0f066a214c2f5e87bad3c948f4d605d)
Start importing Assets/FPS/Prefabs/Level/Dungeon/Dun_Wall_Open.prefab using Guid(1e4bd8ac328e4bb4fbbee62ca0f24a98) Importer(2089858483,b0f066a214c2f5e87bad3c948f4d605d) (ScriptedImporter) -> (artifact id: '8b725fdc7215a9dec8f12742b1774efc') in 0.0627989 seconds
Number of updated asset objects reloaded before import = 0Number of asset objects unloaded after import = 48

========================================================================
Received Import Request.
  Time since last request: 0.000085 seconds.
  path: Assets/FPS/Prefabs/Level/Floors/Floor_Small.prefab
  artifactKey: Guid(0ffe003860209834b850f3d6e951af2e) Importer(2089858483,b0f066a214c2f5e87bad3c948f4d605d)
Start importing Assets/FPS/Prefabs/Level/Floors/Floor_Small.prefab using Guid(0ffe003860209834b850f3d6e951af2e) Importer(2089858483,b0f066a214c2f5e87bad3c948f4d605d) (ScriptedImporter) -> (artifact id: '11483e26f8bfaf79d673d8ff7f77e4cb') in 0.0700252 seconds
Number of updated asset objects reloaded before import = 0Number of asset objects unloaded after import = 397

========================================================================
Received Import Request.
  Time since last request: 0.000078 seconds.
  path: Assets/FPS/Art/Textures/Weapons/Launcher_MetallicSmooth.png
  artifactKey: Guid(ee9913929019b1d4894602a3495db2a5) Importer(2089858483,b0f066a214c2f5e87bad3c948f4d605d)
Start importing Assets/FPS/Art/Textures/Weapons/Launcher_MetallicSmooth.png using Guid(ee9913929019b1d4894602a3495db2a5) Importer(2089858483,b0f066a214c2f5e87bad3c948f4d605d) (ScriptedImporter) -> (artifact id: '06588b6989a3f9dc02f1ecc309198cec') in 0.045877 seconds
Number of updated asset objects reloaded before import = 0Number of asset objects unloaded after import = 1

========================================================================
Received Import Request.
  Time since last request: 0.000070 seconds.
  path: Assets/FPS/Audio/SFX/Pickups/Pickup_Jetpack.wav
  artifactKey: Guid(9c793d7183ca03e4fbf328175291cee4) Importer(2089858483,b0f066a214c2f5e87bad3c948f4d605d)
Start importing Assets/FPS/Audio/SFX/Pickups/Pickup_Jetpack.wav using Guid(9c793d7183ca03e4fbf328175291cee4) Importer(2089858483,b0f066a214c2f5e87bad3c948f4d605d) (ScriptedImporter) -> (artifact id: 'd4ae34a58e11fdecd1a3acc35b6f6083') in 0.1030539 seconds
Number of updated asset objects reloaded before import = 0Number of asset objects unloaded after import = 1

========================================================================
Received Import Request.
  Time since last request: 0.000084 seconds.
  path: Assets/FPS/Tutorials/1_GetStarted/WT-Inspector.png
  artifactKey: Guid(3f5f7c775342843a29465f300da3d68c) Importer(2089858483,b0f066a214c2f5e87bad3c948f4d605d)
Start importing Assets/FPS/Tutorials/1_GetStarted/WT-Inspector.png using Guid(3f5f7c775342843a29465f300da3d68c) Importer(2089858483,b0f066a214c2f5e87bad3c948f4d605d) (ScriptedImporter) -> (artifact id: '3d723335ba8dab821d5ebe5254efc05e') in 0.0469494 seconds
Number of updated asset objects reloaded before import = 0Number of asset objects unloaded after import = 1

========================================================================
Received Import Request.
  Time since last request: 0.000090 seconds.
  path: Assets/FPS/Audio/SFX/Weapons/Shotgun_Shot.wav
  artifactKey: Guid(be87267ec54c5264daffd2ffeb91d6a7) Importer(2089858483,b0f066a214c2f5e87bad3c948f4d605d)
Start importing Assets/FPS/Audio/SFX/Weapons/Shotgun_Shot.wav using Guid(be87267ec54c5264daffd2ffeb91d6a7) Importer(2089858483,b0f066a214c2f5e87bad3c948f4d605d) (ScriptedImporter) -> (artifact id: '1bcdf0f22c2645a8c4dcb72cebe239ef') in 0.1127358 seconds
Number of updated asset objects reloaded before import = 0Number of asset objects unloaded after import = 1

========================================================================
Received Import Request.
  Time since last request: 0.000040 seconds.
  path: Assets/FPS/Tutorials/2_AddARoom/WT-Hierarchy-and-Scene.png
  artifactKey: Guid(f3a64c50e0c284cf99bce0ae27d5a8c0) Importer(2089858483,b0f066a214c2f5e87bad3c948f4d605d)
Start importing Assets/FPS/Tutorials/2_AddARoom/WT-Hierarchy-and-Scene.png using Guid(f3a64c50e0c284cf99bce0ae27d5a8c0) Importer(2089858483,b0f066a214c2f5e87bad3c948f4d605d) (ScriptedImporter) -> (artifact id: '3b198c6c1bfafcabf8b283001348d4d7') in 0.0940898 seconds
Number of updated asset objects reloaded before import = 0Number of asset objects unloaded after import = 1

========================================================================
Received Import Request.
  Time since last request: 0.000085 seconds.
  path: Assets/ModAssets/Materials/Custom Materials/Basic Black.mat
  artifactKey: Guid(dc263f8d5174d45c0a98e6489eca16c5) Importer(2089858483,b0f066a214c2f5e87bad3c948f4d605d)
Start importing Assets/ModAssets/Materials/Custom Materials/Basic Black.mat using Guid(dc263f8d5174d45c0a98e6489eca16c5) Importer(2089858483,b0f066a214c2f5e87bad3c948f4d605d) (ScriptedImporter) -> (artifact id: '54587865193b6197f3debc614023f527') in 0.0399661 seconds
Number of updated asset objects reloaded before import = 0Number of asset objects unloaded after import = 1

========================================================================
Received Import Request.
  Time since last request: 0.000035 seconds.
  path: Assets/FPS/Scenes/MainScene/NavMesh-NavMeshSurface 2.asset
  artifactKey: Guid(127238512233a4645994c52c2d3f8918) Importer(2089858483,b0f066a214c2f5e87bad3c948f4d605d)
Start importing Assets/FPS/Scenes/MainScene/NavMesh-NavMeshSurface 2.asset using Guid(127238512233a4645994c52c2d3f8918) Importer(2089858483,b0f066a214c2f5e87bad3c948f4d605d) (ScriptedImporter) -> (artifact id: '1ef608e180fe3dd113eccf480a65f941') in 0.0365471 seconds
Number of updated asset objects reloaded before import = 0Number of asset objects unloaded after import = 1

========================================================================
Received Import Request.
  Time since last request: 0.000046 seconds.
  path: Assets/FPS/Scripts/Editor/ShaderBuildStripping.cs
  artifactKey: Guid(dac7d39682c10044695d8cda9fe08678) Importer(2089858483,b0f066a214c2f5e87bad3c948f4d605d)
Start importing Assets/FPS/Scripts/Editor/ShaderBuildStripping.cs using Guid(dac7d39682c10044695d8cda9fe08678) Importer(2089858483,b0f066a214c2f5e87bad3c948f4d605d) (ScriptedImporter) -> (artifact id: '6e0c55041cb11a40d21ed5cbc361312f') in 0.0344381 seconds
Number of updated asset objects reloaded before import = 0Number of asset objects unloaded after import = 0

========================================================================
Received Import Request.
  Time since last request: 0.000052 seconds.
  path: Assets/FPS/Prefabs/Level/Steps/HighStep_Double.prefab
  artifactKey: Guid(31ab3fc1638d09d4f945c081e2cd1f75) Importer(2089858483,b0f066a214c2f5e87bad3c948f4d605d)
Start importing Assets/FPS/Prefabs/Level/Steps/HighStep_Double.prefab using Guid(31ab3fc1638d09d4f945c081e2cd1f75) Importer(2089858483,b0f066a214c2f5e87bad3c948f4d605d) (ScriptedImporter) -> (artifact id: '8590095507b4dda3c2cc690b27691a6a') in 0.059913 seconds
Number of updated asset objects reloaded before import = 0Number of asset objects unloaded after import = 90

========================================================================
Received Import Request.
  Time since last request: 0.000037 seconds.
  path: Assets/FPS/Scripts/Gameplay/ProjectileChargeParameters.cs
  artifactKey: Guid(3614fdf64d310f44ba678e99290fa20a) Importer(2089858483,b0f066a214c2f5e87bad3c948f4d605d)
Start importing Assets/FPS/Scripts/Gameplay/ProjectileChargeParameters.cs using Guid(3614fdf64d310f44ba678e99290fa20a) Importer(2089858483,b0f066a214c2f5e87bad3c948f4d605d) (ScriptedImporter) -> (artifact id: '6a0180c3db7bbd1fc6e15cf3ee1e46df') in 0.0385833 seconds
Number of updated asset objects reloaded before import = 0Number of asset objects unloaded after import = 0

========================================================================
Received Import Request.
  Time since last request: 0.000047 seconds.
  path: Assets/FPS/Prefabs/RootObjects/OBJBasic_Floor.obj
  artifactKey: Guid(b509642794356c148aba47d93d0e517f) Importer(2089858483,b0f066a214c2f5e87bad3c948f4d605d)
Start importing Assets/FPS/Prefabs/RootObjects/OBJBasic_Floor.obj using Guid(b509642794356c148aba47d93d0e517f) Importer(2089858483,b0f066a214c2f5e87bad3c948f4d605d) (ScriptedImporter) -> (artifact id: '0881484d7213f3e1ce72bebcad88b917') in 0.0861069 seconds
Number of updated asset objects reloaded before import = 0Number of asset objects unloaded after import = 10

========================================================================
Received Import Request.
  Time since last request: 0.000063 seconds.
  path: Assets/FPS/Animation/Turret/Turret@PassiveHurt.fbx
  artifactKey: Guid(87e95e20f7471044e8fadf76fb32c842) Importer(2089858483,b0f066a214c2f5e87bad3c948f4d605d)
Start importing Assets/FPS/Animation/Turret/Turret@PassiveHurt.fbx using Guid(87e95e20f7471044e8fadf76fb32c842) Importer(2089858483,b0f066a214c2f5e87bad3c948f4d605d) (ScriptedImporter) -> (artifact id: 'a1b23495fb85a400a4be0a4c61e9e6c5') in 0.1013962 seconds
Number of updated asset objects reloaded before import = 0Number of asset objects unloaded after import = 20

========================================================================
Received Import Request.
  Time since last request: 0.000064 seconds.
  path: Assets/FPS/Tutorials/1_GetStarted/WT-Play.mov
  artifactKey: Guid(ae2d052958b764e549e2b297dfaafad1) Importer(2089858483,b0f066a214c2f5e87bad3c948f4d605d)
Start importing Assets/FPS/Tutorials/1_GetStarted/WT-Play.mov using Guid(ae2d052958b764e549e2b297dfaafad1) Importer(2089858483,b0f066a214c2f5e87bad3c948f4d605d) (ScriptedImporter) -> (artifact id: '4bc064ce7ab8cef38b89d0fdcafa445c') in 0.0588975 seconds
Number of updated asset objects reloaded before import = 0Number of asset objects unloaded after import = 1

========================================================================
Received Import Request.
  Time since last request: 0.000055 seconds.
  path: Assets/FPS/Scripts/UI/DisplayMessage.cs
  artifactKey: Guid(ea4170175d245c6409bb0cb4cc7b2c5f) Importer(2089858483,b0f066a214c2f5e87bad3c948f4d605d)
Start importing Assets/FPS/Scripts/UI/DisplayMessage.cs using Guid(ea4170175d245c6409bb0cb4cc7b2c5f) Importer(2089858483,b0f066a214c2f5e87bad3c948f4d605d) (ScriptedImporter) -> (artifact id: '7d45bfaa013a2a40c362802d48ec8c7f') in 0.0938043 seconds
Number of updated asset objects reloaded before import = 0Number of asset objects unloaded after import = 0

========================================================================
Received Import Request.
  Time since last request: 0.000040 seconds.
  path: Assets/FPS/Tutorials/3_ChangeColors/01-Introduction.asset
  artifactKey: Guid(01b97205d566e47f2afd8329f72be4d4) Importer(2089858483,b0f066a214c2f5e87bad3c948f4d605d)
Start importing Assets/FPS/Tutorials/3_ChangeColors/01-Introduction.asset using Guid(01b97205d566e47f2afd8329f72be4d4) Importer(2089858483,b0f066a214c2f5e87bad3c948f4d605d) (ScriptedImporter) -> (artifact id: '831126cc41f7266fdebb91c435444673') in 0.1413271 seconds
Number of updated asset objects reloaded before import = 0Number of asset objects unloaded after import = 3

========================================================================
Received Import Request.
  Time since last request: 0.000071 seconds.
  path: Assets/FPS/Prefabs/VFX/VFX_HoverBot_Explosion.prefab
  artifactKey: Guid(2a8f5052fe50f7b41b17149abb0f7414) Importer(2089858483,b0f066a214c2f5e87bad3c948f4d605d)
Start importing Assets/FPS/Prefabs/VFX/VFX_HoverBot_Explosion.prefab using Guid(2a8f5052fe50f7b41b17149abb0f7414) Importer(2089858483,b0f066a214c2f5e87bad3c948f4d605d) (ScriptedImporter) -> (artifact id: 'cfd47ff2623fa723ea0fc56b8853f0e4') in 0.1585988 seconds
Number of updated asset objects reloaded before import = 0Number of asset objects unloaded after import = 22

========================================================================
Received Import Request.
  Time since last request: 0.000058 seconds.
  path: Assets/FPS/Scripts/Gameplay/HealthPickup.cs
  artifactKey: Guid(828abdfaec1bdff4dbda622331d65ba5) Importer(2089858483,b0f066a214c2f5e87bad3c948f4d605d)
Start importing Assets/FPS/Scripts/Gameplay/HealthPickup.cs using Guid(828abdfaec1bdff4dbda622331d65ba5) Importer(2089858483,b0f066a214c2f5e87bad3c948f4d605d) (ScriptedImporter) -> (artifact id: '6c8e233c02994abd7111a7d44ffe0519') in 0.0400688 seconds
Number of updated asset objects reloaded before import = 0Number of asset objects unloaded after import = 0

========================================================================
Received Import Request.
  Time since last request: 0.000117 seconds.
  path: Assets/FPS/Prefabs/Level/MainLvl/Section3/Base_Wall.prefab
  artifactKey: Guid(544fe380545febf4997d6a45e7a51642) Importer(2089858483,b0f066a214c2f5e87bad3c948f4d605d)
Start importing Assets/FPS/Prefabs/Level/MainLvl/Section3/Base_Wall.prefab using Guid(544fe380545febf4997d6a45e7a51642) Importer(2089858483,b0f066a214c2f5e87bad3c948f4d605d) (ScriptedImporter) -> (artifact id: '15fbe644dde5916ec9d75bc48cf279da') in 0.1271268 seconds
Number of updated asset objects reloaded before import = 0Number of asset objects unloaded after import = 1304

